lot_id,household_id,profile,scheme_id,floors,rank,selection,strategy_used,status,governing,next_stage,ground_sqft,upper_sqft,plate_ft,top_ft,side_wall,side_inset_ft,front_plane_required,headroom_ft
interior-50x100,young_couple.none,minimum,V0,1,1,best,A,within_plane,,,1282.2,0.0,10.0,15.0876,gable,0.0,False,14.9124
interior-50x100,young_couple.none,minimum,V1,2,2,rank_2,A,within_plane,,S1,990.9,411.4,20.0,22.5334,gable,0.0,False,7.4666
interior-50x100,young_couple.none,optimum,V0,1,1,best,A,within_plane,,,1604.2,0.0,10.0,16.3652,gable,0.0,False,13.6348
interior-50x100,young_couple.none,optimum,V1,2,2,rank_2,A,within_plane,,S1,1184.2,540.1,20.0,23.1733,gable,0.0,False,6.8267
interior-50x100,young_couple.none,maximum,V2,2,1,best,A,within_plane,,S1,2027.5,427.0,20.0,23.2121,eave,0.0,False,6.7879
interior-50x100,young_couple.none,maximum,V4,2,2,rank_2,A,within_plane,,S1,2093.7,360.8,20.0,22.9056,eave,0.0,False,7.0944
interior-50x100,young_couple.none,accessible,V0,1,1,best,A,within_plane,,,1634.1,0.0,10.0,16.4839,gable,0.0,False,13.5161
interior-50x100,young_couple.none,accessible,V1,2,2,rank_2,A,within_plane,,S1,1560.6,193.5,20.0,22.1804,gable,0.0,False,7.8196
interior-50x100,young_couple.none,staged_final,V0,1,2,rank_2,A,within_plane,,,1782.5,0.0,10.0,16.9993,eave,0.0,False,13.0007
interior-50x100,young_couple.none,staged_final,V2,2,1,best,A,within_plane,,S1,1498.1,404.4,20.0,23.0884,gable,0.0,False,6.9116
interior-50x100,young_couple.latino,minimum,V0,1,1,best,A,within_plane,,,1282.2,0.0,10.0,15.0876,gable,0.0,False,14.9124
interior-50x100,young_couple.latino,minimum,V1,2,2,rank_2,A,within_plane,,S1,990.9,411.4,20.0,22.5334,gable,0.0,False,7.4666
interior-50x100,young_couple.latino,optimum,V0,1,1,best,A,within_plane,,,1604.2,0.0,10.0,16.3652,gable,0.0,False,13.6348
interior-50x100,young_couple.latino,optimum,V1,2,2,rank_2,A,within_plane,,S1,1184.2,540.1,20.0,23.1733,gable,0.0,False,6.8267
interior-50x100,young_couple.latino,maximum,V2,2,1,best,A,within_plane,,S1,2079.6,426.7,20.0,23.1705,eave,0.0,False,6.8295
interior-50x100,young_couple.latino,maximum,V4,2,2,rank_2,A,within_plane,,S1,2145.7,360.5,20.0,22.8689,eave,0.0,False,7.1311
interior-50x100,young_couple.latino,accessible,V0,1,1,best,A,within_plane,,,1634.1,0.0,10.0,16.4839,gable,0.0,False,13.5161
interior-50x100,young_couple.latino,accessible,V1,2,2,rank_2,A,within_plane,,S1,1560.6,193.5,20.0,22.1804,gable,0.0,False,7.8196
interior-50x100,young_couple.latino,staged_final,V0,1,2,rank_2,A,within_plane,,,1782.5,0.0,10.0,16.9993,eave,0.0,False,13.0007
interior-50x100,young_couple.latino,staged_final,V2,2,1,best,A,within_plane,,S1,1498.1,404.4,20.0,23.0884,gable,0.0,False,6.9116
interior-50x100,young_couple.anglo,minimum,V0,1,1,best,A,within_plane,,,1282.2,0.0,10.0,15.0876,gable,0.0,False,14.9124
interior-50x100,young_couple.anglo,minimum,V1,2,2,rank_2,A,within_plane,,S1,972.4,429.9,20.0,22.5654,gable,0.0,False,7.4346
interior-50x100,young_couple.anglo,optimum,V0,1,1,best,A,within_plane,,,1684.7,0.0,10.0,16.6846,gable,0.0,False,13.3154
interior-50x100,young_couple.anglo,optimum,V1,2,2,rank_2,A,within_plane,,S1,1247.8,556.9,20.0,23.3076,gable,0.0,False,6.6924
interior-50x100,young_couple.anglo,maximum,V1,2,2,rank_2,A,plane_governs,131.0444 angled plane,S1,1591.6,954.9,20.0,24.8916,gable,0.8916,False,5.1084
interior-50x100,young_couple.anglo,maximum,V2,2,1,best,A,within_plane,,S1,2120.1,426.4,20.0,23.139,eave,0.0,False,6.861
interior-50x100,young_couple.anglo,accessible,V0,1,1,best,A,within_plane,,,1714.6,0.0,10.0,16.8033,gable,0.0,False,13.1967
interior-50x100,young_couple.anglo,accessible,V1,2,2,rank_2,A,within_plane,,S1,1641.4,193.2,20.0,22.2344,gable,0.0,False,7.7656
interior-50x100,young_couple.anglo,staged_final,V0,1,2,rank_2,A,within_plane,,,1782.5,0.0,10.0,16.9993,eave,0.0,False,13.0007
interior-50x100,young_couple.anglo,staged_final,V2,2,1,best,A,within_plane,,S1,1498.1,404.4,20.0,23.0884,gable,0.0,False,6.9116
interior-50x100,early_childhood.none,minimum,V0,1,1,best,A,within_plane,,,1305.2,0.0,10.0,15.1788,gable,0.0,False,14.8212
interior-50x100,early_childhood.none,minimum,V1,2,2,rank_2,A,within_plane,,S1,989.7,435.6,20.0,22.6053,gable,0.0,False,7.3947
interior-50x100,early_childhood.none,optimum,V0,1,1,best,A,within_plane,,,1610.0,0.0,10.0,16.3882,gable,0.0,False,13.6118
interior-50x100,early_childhood.none,optimum,V1,2,2,rank_2,A,within_plane,,S1,1165.7,564.3,20.0,23.2181,gable,0.0,False,6.7819
interior-50x100,early_childhood.none,maximum,V0,1,2,rank_2,A,within_plane,,,2829.0,0.0,10.0,16.9993,eave,0.0,False,13.0007
interior-50x100,early_childhood.none,maximum,V1,2,1,best,A,within_plane,,S1,1999.7,949.3,20.0,24.8225,eave,0.0,False,5.1775
interior-50x100,early_childhood.none,accessible,V0,1,1,best,A,within_plane,,,1639.9,0.0,10.0,16.5069,gable,0.0,False,13.4931
interior-50x100,early_childhood.none,accessible,V1,2,2,rank_2,A,within_plane,,S1,1542.1,217.8,20.0,22.2995,gable,0.0,False,7.7005
interior-50x100,early_childhood.none,staged_final,V0,1,1,best,A,within_plane,,,1656.0,0.0,10.0,16.5708,gable,0.0,False,13.4292
interior-50x100,early_childhood.none,staged_final,V1,2,2,rank_2,A,within_plane,,S1,1212.5,563.5,20.0,23.2798,gable,0.0,False,6.7202
interior-50x100,early_childhood.latino,minimum,V0,1,1,best,A,within_plane,,,1305.2,0.0,10.0,15.1788,gable,0.0,False,14.8212
interior-50x100,early_childhood.latino,minimum,V1,2,2,rank_2,A,within_plane,,S1,989.7,435.6,20.0,22.6053,gable,0.0,False,7.3947
interior-50x100,early_childhood.latino,optimum,V0,1,1,best,A,within_plane,,,1610.0,0.0,10.0,16.3882,gable,0.0,False,13.6118
interior-50x100,early_childhood.latino,optimum,V1,2,2,rank_2,A,within_plane,,S1,1165.7,564.3,20.0,23.2181,gable,0.0,False,6.7819
interior-50x100,early_childhood.latino,maximum,V0,1,2,rank_2,A,within_plane,,,2880.8,0.0,10.0,16.9993,eave,0.0,False,13.0007
interior-50x100,early_childhood.latino,maximum,V1,2,1,best,A,plane_governs,131.0444 angled plane,S1,1702.5,953.2,20.0,25.0547,gable,1.0547,False,4.9453
interior-50x100,early_childhood.latino,accessible,V0,1,1,best,A,within_plane,,,1639.9,0.0,10.0,16.5069,gable,0.0,False,13.4931
interior-50x100,early_childhood.latino,accessible,V1,2,2,rank_2,A,within_plane,,S1,1542.1,217.8,20.0,22.2995,gable,0.0,False,7.7005
interior-50x100,early_childhood.latino,staged_final,V0,1,1,best,A,within_plane,,,1610.0,0.0,10.0,16.3882,gable,0.0,False,13.6118
interior-50x100,early_childhood.latino,staged_final,V1,2,2,rank_2,A,within_plane,,S1,1165.7,564.3,20.0,23.2181,gable,0.0,False,6.7819
interior-50x100,early_childhood.anglo,minimum,V0,1,1,best,A,within_plane,,,1305.2,0.0,10.0,15.1788,gable,0.0,False,14.8212
interior-50x100,early_childhood.anglo,minimum,V1,2,2,rank_2,A,within_plane,,S1,971.2,454.0,20.0,22.6347,gable,0.0,False,7.3653
interior-50x100,early_childhood.anglo,optimum,V0,1,1,best,A,within_plane,,,1736.5,0.0,10.0,16.8902,gable,0.0,False,13.1098
interior-50x100,early_childhood.anglo,optimum,V1,2,2,rank_2,A,within_plane,,S1,1227.8,628.7,20.0,23.4861,gable,0.0,False,6.5139
interior-50x100,early_childhood.anglo,maximum,V0,1,2,rank_2,A,within_plane,,,2829.0,0.0,10.0,16.9993,eave,0.0,False,13.0007
interior-50x100,early_childhood.anglo,maximum,V1,2,1,best,A,within_plane,,S1,1916.2,1032.8,20.0,25.1386,eave,0.0,False,4.8614
interior-50x100,early_childhood.anglo,accessible,V0,1,1,best,A,within_plane,,,1766.4,0.0,10.0,16.9993,eave,0.0,False,13.0007
interior-50x100,early_childhood.anglo,accessible,V1,2,2,rank_2,A,within_plane,,S1,1669.2,217.2,20.0,22.3891,gable,0.0,False,7.6109
interior-50x100,early_childhood.anglo,staged_final,V0,1,1,best,A,within_plane,,,1736.5,0.0,10.0,16.8902,gable,0.0,False,13.1098
interior-50x100,early_childhood.anglo,staged_final,V1,2,2,rank_2,A,within_plane,,S1,1227.8,628.7,20.0,23.4861,gable,0.0,False,6.5139
interior-50x100,teens_family.none,minimum,V0,1,2,rank_2,A,within_plane,,,1454.8,0.0,10.0,15.7724,gable,0.0,False,14.2276
interior-50x100,teens_family.none,minimum,V2,2,1,best,A,within_plane,,S1,1141.9,432.9,20.0,22.7897,gable,0.0,False,7.2103
interior-50x100,teens_family.none,optimum,V0,1,2,rank_2,A,within_plane,,,1805.5,0.0,10.0,16.9993,eave,0.0,False,13.0007
interior-50x100,teens_family.none,optimum,V2,2,1,best,A,within_plane,,S1,1497.2,428.3,20.0,23.1774,gable,0.0,False,6.8226
interior-50x100,teens_family.none,maximum,V1,2,2,rank_2,A,within_plane,,S1,1861.8,1116.0,20.0,25.419,eave,0.0,False,4.581
interior-50x100,teens_family.none,maximum,V2,2,1,best,A,within_plane,,S1,2362.9,614.8,20.0,23.5703,eave,0.0,False,6.4297
interior-50x100,teens_family.none,accessible,V0,1,2,rank_2,A,within_plane,,,1835.4,0.0,10.0,16.9993,eave,0.0,False,13.0007
interior-50x100,teens_family.none,accessible,V1,2,1,best,A,within_plane,,S1,1581.7,373.7,20.0,23.0506,gable,0.0,False,6.9494
interior-50x100,teens_family.none,staged_final,V0,1,2,rank_2,A,within_plane,,,1656.0,0.0,10.0,16.5708,gable,0.0,False,13.4292
interior-50x100,teens_family.none,staged_final,V2,2,1,best,A,within_plane,,S1,1503.7,272.3,20.0,22.539,gable,0.0,False,7.461
interior-50x100,teens_family.latino,minimum,V0,1,2,rank_2,A,within_plane,,,1454.8,0.0,10.0,15.7724,gable,0.0,False,14.2276
interior-50x100,teens_family.latino,minimum,V2,2,1,best,A,within_plane,,S1,1141.9,432.9,20.0,22.7897,gable,0.0,False,7.2103
interior-50x100,teens_family.latino,optimum,V0,1,2,rank_2,A,within_plane,,,1805.5,0.0,10.0,16.9993,eave,0.0,False,13.0007
interior-50x100,teens_family.latino,optimum,V2,2,1,best,A,within_plane,,S1,1497.2,428.3,20.0,23.1774,gable,0.0,False,6.8226
interior-50x100,teens_family.latino,maximum,V1,2,2,rank_2,A,within_plane,,S1,1861.8,1116.0,20.0,25.419,eave,0.0,False,4.581
interior-50x100,teens_family.latino,maximum,V2,2,1,best,A,within_plane,,S1,2362.9,614.8,20.0,23.5703,eave,0.0,False,6.4297
interior-50x100,teens_family.latino,accessible,V0,1,2,rank_2,A,within_plane,,,1835.4,0.0,10.0,16.9993,eave,0.0,False,13.0007
interior-50x100,teens_family.latino,accessible,V1,2,1,best,A,within_plane,,S1,1581.7,373.7,20.0,23.0506,gable,0.0,False,6.9494
interior-50x100,teens_family.latino,staged_final,V0,1,2,rank_2,A,within_plane,,,1656.0,0.0,10.0,16.5708,gable,0.0,False,13.4292
interior-50x100,teens_family.latino,staged_final,V2,2,1,best,A,within_plane,,S1,1503.7,272.3,20.0,22.539,gable,0.0,False,7.461
interior-50x100,teens_family.anglo,minimum,V0,1,2,rank_2,A,within_plane,,,1454.8,0.0,10.0,15.7724,gable,0.0,False,14.2276
interior-50x100,teens_family.anglo,minimum,V2,2,1,best,A,within_plane,,S1,1123.6,451.2,20.0,22.8252,gable,0.0,False,7.1748
interior-50x100,teens_family.anglo,optimum,V1,2,2,rank_2,A,within_plane,,S1,1222.9,783.1,20.0,23.8829,gable,0.0,False,6.1171
interior-50x100,teens_family.anglo,optimum,V2,2,1,best,A,within_plane,,S1,1512.2,493.8,20.0,23.4288,gable,0.0,False,6.5712
interior-50x100,teens_family.anglo,maximum,V1,2,2,rank_2,A,plane_governs,131.0444 angled plane,S1,1714.3,1257.7,20.0,25.8262,gable,1.8262,False,4.1738
interior-50x100,teens_family.anglo,maximum,V2,2,1,best,A,within_plane,,S1,2295.4,676.6,20.0,23.8001,eave,0.0,False,6.1999
interior-50x100,teens_family.anglo,accessible,V0,1,2,rank_2,A,within_plane,,,1915.9,0.0,10.0,16.9993,eave,0.0,False,13.0007
interior-50x100,teens_family.anglo,accessible,V1,2,1,best,A,within_plane,,S1,1662.8,373.1,20.0,23.1253,gable,0.0,False,6.8747
interior-50x100,teens_family.anglo,staged_final,V0,1,2,rank_2,A,within_plane,,,1736.5,0.0,10.0,16.8902,gable,0.0,False,13.1098
interior-50x100,teens_family.anglo,staged_final,V2,2,1,best,A,within_plane,,S1,1584.7,271.8,20.0,22.6041,gable,0.0,False,7.3959
interior-50x100,multigenerational.none,minimum,V0,1,1,best,A,within_plane,,,1523.7,0.0,10.0,16.0458,gable,0.0,False,13.9542
interior-50x100,multigenerational.none,minimum,V1,2,2,rank_2,A,within_plane,,S1,1212.0,431.8,20.0,22.8704,gable,0.0,False,7.1296
interior-50x100,multigenerational.none,optimum,V0,1,1,best,A,within_plane,,,1811.2,0.0,10.0,16.9993,eave,0.0,False,13.0007
interior-50x100,multigenerational.none,optimum,V1,2,2,rank_2,A,within_plane,,S1,1370.1,561.1,20.0,23.479,gable,0.0,False,6.521
interior-50x100,multigenerational.none,maximum,V1,2,1,best,A,within_plane,,S1,2004.6,978.9,20.0,24.8911,eave,0.0,False,5.1089
interior-50x100,multigenerational.none,maximum,V2,2,2,rank_2,A,within_plane,,S1,2431.4,552.1,20.0,23.3353,eave,0.0,False,6.6647
interior-50x100,multigenerational.none,accessible,V0,1,1,best,A,within_plane,,,1841.1,0.0,10.0,16.9993,eave,0.0,False,13.0007
interior-50x100,multigenerational.none,accessible,V1,2,2,rank_2,A,within_plane,,S1,1400.4,560.7,20.0,23.516,gable,0.0,False,6.484
interior-50x100,multigenerational.none,staged_final,V1,2,2,rank_2,A,within_plane,,S1,1365.2,715.6,20.0,23.9218,gable,0.0,False,6.0782
interior-50x100,multigenerational.none,staged_final,V2,2,1,best,A,within_plane,,S1,1653.9,426.9,20.0,23.3341,gable,0.0,False,6.6659
interior-50x100,multigenerational.latino,minimum,V0,1,1,best,A,within_plane,,,1523.7,0.0,10.0,16.0458,gable,0.0,False,13.9542
interior-50x100,multigenerational.latino,minimum,V1,2,2,rank_2,A,within_plane,,S1,1212.0,431.8,20.0,22.8704,gable,0.0,False,7.1296
interior-50x100,multigenerational.latino,optimum,V0,1,1,best,A,within_plane,,,1811.2,0.0,10.0,16.9993,eave,0.0,False,13.0007
interior-50x100,multigenerational.latino,optimum,V1,2,2,rank_2,A,within_plane,,S1,1370.1,561.1,20.0,23.479,gable,0.0,False,6.521
interior-50x100,multigenerational.latino,maximum,V1,2,1,best,A,within_plane,,S1,2004.6,978.9,20.0,24.8911,eave,0.0,False,5.1089
interior-50x100,multigenerational.latino,maximum,V2,2,2,rank_2,A,within_plane,,S1,2431.4,552.1,20.0,23.3353,eave,0.0,False,6.6647
interior-50x100,multigenerational.latino,accessible,V0,1,1,best,A,within_plane,,,1841.1,0.0,10.0,16.9993,eave,0.0,False,13.0007
interior-50x100,multigenerational.latino,accessible,V1,2,2,rank_2,A,within_plane,,S1,1400.4,560.7,20.0,23.516,gable,0.0,False,6.484
interior-50x100,multigenerational.latino,staged_final,V1,2,2,rank_2,A,within_plane,,S1,1365.2,715.6,20.0,23.9218,gable,0.0,False,6.0782
interior-50x100,multigenerational.latino,staged_final,V2,2,1,best,A,within_plane,,S1,1653.9,426.9,20.0,23.3341,gable,0.0,False,6.6659
interior-50x100,multigenerational.anglo,minimum,V0,1,1,best,A,within_plane,,,1523.7,0.0,10.0,16.0458,gable,0.0,False,13.9542
interior-50x100,multigenerational.anglo,minimum,V1,2,2,rank_2,A,within_plane,,S1,1193.7,450.1,20.0,22.9084,gable,0.0,False,7.0916
interior-50x100,multigenerational.anglo,optimum,V0,1,1,best,A,within_plane,,,2001.0,0.0,10.0,16.9993,eave,0.0,False,13.0007
interior-50x100,multigenerational.anglo,optimum,V1,2,2,rank_2,A,within_plane,,S1,1496.2,624.8,20.0,23.8364,gable,0.0,False,6.1636
interior-50x100,multigenerational.anglo,maximum,V1,2,1,best,A,within_plane,,S1,1815.0,1122.5,20.0,25.5044,eave,0.0,False,4.4956
interior-50x100,multigenerational.anglo,maximum,V2,2,2,rank_2,A,within_plane,,S1,2328.3,609.2,20.0,23.5803,eave,0.0,False,6.4197
interior-50x100,multigenerational.anglo,accessible,V0,1,2,rank_2,A,within_plane,,,2030.9,0.0,10.0,16.9993,eave,0.0,False,13.0007
interior-50x100,multigenerational.anglo,accessible,V1,2,1,best,A,within_plane,,S1,1526.4,624.5,20.0,23.874,gable,0.0,False,6.126
interior-50x100,multigenerational.anglo,staged_final,V1,2,2,rank_2,A,plane_governs,131.0444 angled plane,S1,1491.7,778.8,20.0,24.2767,gable,0.2767,False,5.7233
interior-50x100,multigenerational.anglo,staged_final,V2,2,1,best,A,within_plane,,S1,1845.1,425.4,20.0,23.3608,eave,0.0,False,6.6392
interior-50x100,empty_nest.none,minimum,V0,1,1,best,A,within_plane,,,1155.8,0.0,10.0,14.586,gable,0.0,False,15.414
interior-50x100,empty_nest.none,minimum,V1,2,2,rank_2,A,within_plane,,S1,998.3,277.5,20.0,22.0884,gable,0.0,False,7.9116
interior-50x100,empty_nest.none,optimum,V0,1,1,best,A,within_plane,,,1431.8,0.0,10.0,15.6812,gable,0.0,False,14.3188
interior-50x100,empty_nest.none,maximum,V0,1,1,best,A,within_plane,,,2133.2,0.0,10.0,16.9993,eave,0.0,False,13.0007
interior-50x100,empty_nest.none,maximum,V1,2,2,rank_2,A,within_plane,,S1,1981.7,271.5,20.0,22.5907,eave,0.0,False,7.4093
interior-50x100,empty_nest.none,accessible,V0,1,1,best,A,within_plane,,,1461.6,0.0,10.0,15.7994,gable,0.0,False,14.2006
interior-50x100,empty_nest.none,staged_final,V0,1,1,best,A,within_plane,,,1431.8,0.0,10.0,15.6812,gable,0.0,False,14.3188
interior-50x100,empty_nest.latino,minimum,V0,1,1,best,A,within_plane,,,1155.8,0.0,10.0,14.586,gable,0.0,False,15.414
interior-50x100,empty_nest.latino,minimum,V1,2,2,rank_2,A,within_plane,,S1,998.3,277.5,20.0,22.0884,gable,0.0,False,7.9116
interior-50x100,empty_nest.latino,optimum,V0,1,1,best,A,within_plane,,,1431.8,0.0,10.0,15.6812,gable,0.0,False,14.3188
interior-50x100,empty_nest.latino,maximum,V0,1,1,best,A,within_plane,,,2185.0,0.0,10.0,16.9993,eave,0.0,False,13.0007
interior-50x100,empty_nest.latino,maximum,V1,2,2,rank_2,A,within_plane,,S1,2033.7,271.3,20.0,22.5564,eave,0.0,False,7.4436
interior-50x100,empty_nest.latino,accessible,V0,1,1,best,A,within_plane,,,1461.6,0.0,10.0,15.7994,gable,0.0,False,14.2006
interior-50x100,empty_nest.latino,staged_final,V0,1,1,best,A,within_plane,,,1431.8,0.0,10.0,15.6812,gable,0.0,False,14.3188
interior-50x100,empty_nest.anglo,minimum,V0,1,1,best,A,within_plane,,,1155.8,0.0,10.0,14.586,gable,0.0,False,15.414
interior-50x100,empty_nest.anglo,minimum,V1,2,2,rank_2,A,within_plane,,S1,979.6,296.1,20.0,22.137,gable,0.0,False,7.863
interior-50x100,empty_nest.anglo,optimum,V0,1,1,best,A,within_plane,,,1558.2,0.0,10.0,16.1827,gable,0.0,False,13.8173
interior-50x100,empty_nest.anglo,maximum,V0,1,1,best,A,within_plane,,,2277.0,0.0,10.0,16.9993,eave,0.0,False,13.0007
interior-50x100,empty_nest.anglo,maximum,V1,2,2,rank_2,A,within_plane,,S1,2126.2,270.8,20.0,22.4979,eave,0.0,False,7.5021
interior-50x100,empty_nest.anglo,accessible,V0,1,1,best,A,within_plane,,,1588.1,0.0,10.0,16.3014,gable,0.0,False,13.6986
interior-50x100,empty_nest.anglo,staged_final,V0,1,1,best,A,within_plane,,,1558.2,0.0,10.0,16.1827,gable,0.0,False,13.8173
interior-50x100,remote_work.none,minimum,V0,1,1,best,A,within_plane,,,1282.2,0.0,10.0,15.0876,gable,0.0,False,14.9124
interior-50x100,remote_work.none,minimum,V1,2,2,rank_2,A,within_plane,,S1,990.9,411.4,20.0,22.5334,gable,0.0,False,7.4666
interior-50x100,remote_work.none,optimum,V0,1,2,rank_2,A,within_plane,,,1656.0,0.0,10.0,16.5708,gable,0.0,False,13.4292
interior-50x100,remote_work.none,optimum,V2,2,1,best,A,within_plane,,S1,1394.5,381.5,20.0,22.8941,gable,0.0,False,7.1059
interior-50x100,remote_work.none,maximum,V2,2,1,best,A,plane_governs,131.0444 angled plane,S1,1743.1,584.9,20.0,24.0064,gable,0.0064,False,5.9936
interior-50x100,remote_work.none,maximum,V4,2,2,rank_2,A,within_plane,,S1,1809.5,518.5,20.0,23.7467,eave,0.0,False,6.2533
interior-50x100,remote_work.none,accessible,V0,1,1,best,A,within_plane,,,1685.9,0.0,10.0,16.6894,gable,0.0,False,13.3106
interior-50x100,remote_work.none,accessible,V1,2,2,rank_2,A,within_plane,,S1,1479.3,326.6,20.0,22.758,gable,0.0,False,7.242
interior-50x100,remote_work.none,staged_final,V0,1,2,rank_2,A,within_plane,,,1656.0,0.0,10.0,16.5708,gable,0.0,False,13.4292
interior-50x100,remote_work.none,staged_final,V2,2,1,best,A,within_plane,,S1,1394.5,381.5,20.0,22.8941,gable,0.0,False,7.1059
interior-50x100,remote_work.latino,minimum,V0,1,1,best,A,within_plane,,,1282.2,0.0,10.0,15.0876,gable,0.0,False,14.9124
interior-50x100,remote_work.latino,minimum,V1,2,2,rank_2,A,within_plane,,S1,990.9,411.4,20.0,22.5334,gable,0.0,False,7.4666
interior-50x100,remote_work.latino,optimum,V0,1,2,rank_2,A,within_plane,,,1656.0,0.0,10.0,16.5708,gable,0.0,False,13.4292
interior-50x100,remote_work.latino,optimum,V2,2,1,best,A,within_plane,,S1,1394.5,381.5,20.0,22.8941,gable,0.0,False,7.1059
interior-50x100,remote_work.latino,maximum,V2,2,1,best,A,within_plane,,S1,1969.8,582.5,20.0,23.8062,eave,0.0,False,6.1938
interior-50x100,remote_work.latino,maximum,V4,2,2,rank_2,A,within_plane,,S1,2035.8,516.4,20.0,23.5252,eave,0.0,False,6.4748
interior-50x100,remote_work.latino,accessible,V0,1,1,best,A,within_plane,,,1685.9,0.0,10.0,16.6894,gable,0.0,False,13.3106
interior-50x100,remote_work.latino,accessible,V1,2,2,rank_2,A,within_plane,,S1,1479.3,326.6,20.0,22.758,gable,0.0,False,7.242
interior-50x100,remote_work.latino,staged_final,V0,1,2,rank_2,A,within_plane,,,1656.0,0.0,10.0,16.5708,gable,0.0,False,13.4292
interior-50x100,remote_work.latino,staged_final,V2,2,1,best,A,within_plane,,S1,1394.5,381.5,20.0,22.8941,gable,0.0,False,7.1059
interior-50x100,remote_work.anglo,minimum,V0,1,1,best,A,within_plane,,,1282.2,0.0,10.0,15.0876,gable,0.0,False,14.9124
interior-50x100,remote_work.anglo,minimum,V1,2,2,rank_2,A,within_plane,,S1,972.4,429.9,20.0,22.5654,gable,0.0,False,7.4346
interior-50x100,remote_work.anglo,optimum,V0,1,2,rank_2,A,within_plane,,,1736.5,0.0,10.0,16.8902,gable,0.0,False,13.1098
interior-50x100,remote_work.anglo,optimum,V2,2,1,best,A,within_plane,,S1,1475.8,380.7,20.0,22.9741,gable,0.0,False,7.0259
interior-50x100,remote_work.anglo,maximum,V2,2,1,best,A,within_plane,,S1,1853.6,583.6,20.0,23.9274,eave,0.0,False,6.0726
interior-50x100,remote_work.anglo,maximum,V4,2,2,rank_2,A,within_plane,,S1,1919.8,517.4,20.0,23.6336,eave,0.0,False,6.3664
interior-50x100,remote_work.anglo,accessible,V0,1,1,best,A,within_plane,,,1766.4,0.0,10.0,16.9993,eave,0.0,False,13.0007
interior-50x100,remote_work.anglo,accessible,V1,2,2,rank_2,A,within_plane,,S1,1560.4,326.0,20.0,22.83,gable,0.0,False,7.17
interior-50x100,remote_work.anglo,staged_final,V0,1,2,rank_2,A,within_plane,,,1736.5,0.0,10.0,16.8902,gable,0.0,False,13.1098
interior-50x100,remote_work.anglo,staged_final,V2,2,1,best,A,within_plane,,S1,1475.8,380.7,20.0,22.9741,gable,0.0,False,7.0259
interior-50x100,shared_adults.none,minimum,V0,1,2,rank_2,A,within_plane,,,1506.5,0.0,10.0,15.9776,gable,0.0,False,14.0224
interior-50x100,shared_adults.none,minimum,V1,2,1,best,A,within_plane,,S1,981.0,645.5,20.0,23.1575,gable,0.0,False,6.8425
interior-50x100,shared_adults.none,optimum,V0,1,2,rank_2,A,within_plane,,,1736.5,0.0,10.0,16.8902,gable,0.0,False,13.1098
interior-50x100,shared_adults.none,optimum,V1,2,1,best,A,within_plane,,S1,1161.2,695.3,20.0,23.5653,gable,0.0,False,6.4347
interior-50x100,shared_adults.none,maximum,V0,1,2,rank_2,A,within_plane,,,2420.8,0.0,10.0,16.9993,eave,0.0,False,13.0007
interior-50x100,shared_adults.none,maximum,V1,2,1,best,A,plane_governs,131.0444 angled plane,S1,1597.7,943.0,20.0,24.8703,gable,0.8703,False,5.1297
interior-50x100,shared_adults.none,accessible,V0,1,2,rank_2,A,within_plane,,,1766.4,0.0,10.0,16.9993,eave,0.0,False,13.0007
interior-50x100,shared_adults.none,accessible,V1,2,1,best,A,within_plane,,S1,1403.2,483.2,20.0,23.2672,gable,0.0,False,6.7328
interior-50x100,shared_adults.none,staged_final,V0,1,2,rank_2,A,within_plane,,,1736.5,0.0,10.0,16.8902,gable,0.0,False,13.1098
interior-50x100,shared_adults.none,staged_final,V1,2,1,best,A,within_plane,,S1,1161.2,695.3,20.0,23.5653,gable,0.0,False,6.4347
interior-50x100,shared_adults.latino,minimum,V0,1,2,rank_2,A,within_plane,,,1506.5,0.0,10.0,15.9776,gable,0.0,False,14.0224
interior-50x100,shared_adults.latino,minimum,V1,2,1,best,A,within_plane,,S1,981.0,645.5,20.0,23.1575,gable,0.0,False,6.8425
interior-50x100,shared_adults.latino,optimum,V0,1,2,rank_2,A,within_plane,,,1736.5,0.0,10.0,16.8902,gable,0.0,False,13.1098
interior-50x100,shared_adults.latino,optimum,V1,2,1,best,A,within_plane,,S1,1161.2,695.3,20.0,23.5653,gable,0.0,False,6.4347
interior-50x100,shared_adults.latino,maximum,V0,1,2,rank_2,A,within_plane,,,2472.5,0.0,10.0,16.9993,eave,0.0,False,13.0007
interior-50x100,shared_adults.latino,maximum,V1,2,1,best,A,plane_governs,131.0444 angled plane,S1,1650.3,942.2,20.0,24.9478,gable,0.9478,False,5.0522
interior-50x100,shared_adults.latino,accessible,V0,1,2,rank_2,A,within_plane,,,1766.4,0.0,10.0,16.9993,eave,0.0,False,13.0007
interior-50x100,shared_adults.latino,accessible,V1,2,1,best,A,within_plane,,S1,1403.2,483.2,20.0,23.2672,gable,0.0,False,6.7328
interior-50x100,shared_adults.latino,staged_final,V0,1,2,rank_2,A,within_plane,,,1736.5,0.0,10.0,16.8902,gable,0.0,False,13.1098
interior-50x100,shared_adults.latino,staged_final,V1,2,1,best,A,within_plane,,S1,1161.2,695.3,20.0,23.5653,gable,0.0,False,6.4347
interior-50x100,shared_adults.anglo,minimum,V0,1,2,rank_2,A,within_plane,,,1506.5,0.0,10.0,15.9776,gable,0.0,False,14.0224
interior-50x100,shared_adults.anglo,minimum,V1,2,1,best,A,within_plane,,S1,962.7,663.8,20.0,23.1719,gable,0.0,False,6.8281
interior-50x100,shared_adults.anglo,optimum,V0,1,2,rank_2,A,within_plane,,,1863.0,0.0,10.0,16.9993,eave,0.0,False,13.0007
interior-50x100,shared_adults.anglo,optimum,V1,2,1,best,A,within_plane,,S1,1223.6,759.4,20.0,23.8248,gable,0.0,False,6.1752
interior-50x100,shared_adults.anglo,maximum,V0,1,2,rank_2,A,within_plane,,,2472.5,0.0,10.0,16.9993,eave,0.0,False,13.0007
interior-50x100,shared_adults.anglo,maximum,V1,2,1,best,A,plane_governs,131.0444 angled plane,S1,1566.3,1026.2,20.0,25.0305,gable,1.0305,False,4.9695
interior-50x100,shared_adults.anglo,accessible,V0,1,2,rank_2,A,within_plane,,,1892.9,0.0,10.0,16.9993,eave,0.0,False,13.0007
interior-50x100,shared_adults.anglo,accessible,V1,2,1,best,A,within_plane,,S1,1464.9,548.0,20.0,23.5551,gable,0.0,False,6.4449
interior-50x100,shared_adults.anglo,staged_final,V0,1,2,rank_2,A,within_plane,,,1863.0,0.0,10.0,16.9993,eave,0.0,False,13.0007
interior-50x100,shared_adults.anglo,staged_final,V1,2,1,best,A,within_plane,,S1,1223.6,759.4,20.0,23.8248,gable,0.0,False,6.1752
corner-55x100,young_couple.none,minimum,V0,1,1,best,A,within_plane,,,1282.2,0.0,10.0,14.6452,gable,0.0,False,15.3548
corner-55x100,young_couple.none,minimum,V1,2,2,rank_2,A,within_plane,,S1,990.9,411.4,20.0,22.3131,gable,0.0,False,7.6869
corner-55x100,young_couple.none,optimum,V0,1,1,best,A,within_plane,,,1604.2,0.0,10.0,15.8117,gable,0.0,False,14.1883
corner-55x100,young_couple.none,optimum,V1,2,2,rank_2,A,within_plane,,S1,1184.2,540.1,20.0,22.8973,gable,0.0,False,7.1027
corner-55x100,young_couple.none,maximum,V2,2,1,best,A,within_plane,,S1,2027.5,427.0,20.0,23.3709,gable,0.0,False,6.6291
corner-55x100,young_couple.none,maximum,V4,2,2,rank_2,A,within_plane,,S1,2093.7,360.8,20.0,23.1487,gable,0.0,False,6.8513
corner-55x100,young_couple.none,accessible,V0,1,1,best,A,within_plane,,,1634.1,0.0,10.0,15.9201,gable,0.0,False,14.0799
corner-55x100,young_couple.none,accessible,V1,2,2,rank_2,A,within_plane,,S1,1560.6,193.5,20.0,21.9908,gable,0.0,False,8.0092
corner-55x100,young_couple.none,staged_final,V0,1,2,rank_2,A,within_plane,,,1782.5,0.0,10.0,16.4577,gable,0.0,False,13.5423
corner-55x100,young_couple.none,staged_final,V2,2,1,best,A,within_plane,,S1,1498.1,404.4,20.0,22.8198,gable,0.0,False,7.1802
corner-55x100,young_couple.latino,minimum,V0,1,1,best,A,within_plane,,,1282.2,0.0,10.0,14.6452,gable,0.0,False,15.3548
corner-55x100,young_couple.latino,minimum,V1,2,2,rank_2,A,within_plane,,S1,990.9,411.4,20.0,22.3131,gable,0.0,False,7.6869
corner-55x100,young_couple.latino,optimum,V0,1,1,best,A,within_plane,,,1604.2,0.0,10.0,15.8117,gable,0.0,False,14.1883
corner-55x100,young_couple.latino,optimum,V1,2,2,rank_2,A,within_plane,,S1,1184.2,540.1,20.0,22.8973,gable,0.0,False,7.1027
corner-55x100,young_couple.latino,maximum,V2,2,1,best,A,within_plane,,S1,2079.6,426.7,20.0,23.4127,gable,0.0,False,6.5873
corner-55x100,young_couple.latino,maximum,V4,2,2,rank_2,A,within_plane,,S1,2145.7,360.5,20.0,23.1422,eave,0.0,False,6.8578
corner-55x100,young_couple.latino,accessible,V0,1,1,best,A,within_plane,,,1634.1,0.0,10.0,15.9201,gable,0.0,False,14.0799
corner-55x100,young_couple.latino,accessible,V1,2,2,rank_2,A,within_plane,,S1,1560.6,193.5,20.0,21.9908,gable,0.0,False,8.0092
corner-55x100,young_couple.latino,staged_final,V0,1,2,rank_2,A,within_plane,,,1782.5,0.0,10.0,16.4577,gable,0.0,False,13.5423
corner-55x100,young_couple.latino,staged_final,V2,2,1,best,A,within_plane,,S1,1498.1,404.4,20.0,22.8198,gable,0.0,False,7.1802
corner-55x100,young_couple.anglo,minimum,V0,1,1,best,A,within_plane,,,1282.2,0.0,10.0,14.6452,gable,0.0,False,15.3548
corner-55x100,young_couple.anglo,minimum,V1,2,2,rank_2,A,within_plane,,S1,972.4,429.9,20.0,22.3424,gable,0.0,False,7.6576
corner-55x100,young_couple.anglo,optimum,V0,1,1,best,A,within_plane,,,1684.7,0.0,10.0,16.1034,gable,0.0,False,13.8966
corner-55x100,young_couple.anglo,optimum,V1,2,2,rank_2,A,within_plane,,S1,1247.8,556.9,20.0,23.02,gable,0.0,False,6.98
corner-55x100,young_couple.anglo,maximum,V2,2,1,best,A,within_plane,,S1,2120.1,426.4,20.0,23.4379,eave,0.0,False,6.5621
corner-55x100,young_couple.anglo,maximum,V4,2,2,rank_2,A,within_plane,,S1,2186.2,360.3,20.0,23.1121,eave,0.0,False,6.8879
corner-55x100,young_couple.anglo,accessible,V0,1,1,best,A,within_plane,,,1714.6,0.0,10.0,16.2117,gable,0.0,False,13.7883
corner-55x100,young_couple.anglo,accessible,V1,2,2,rank_2,A,within_plane,,S1,1641.4,193.2,20.0,22.0401,gable,0.0,False,7.9599
corner-55x100,young_couple.anglo,staged_final,V0,1,2,rank_2,A,within_plane,,,1782.5,0.0,10.0,16.4577,gable,0.0,False,13.5423
corner-55x100,young_couple.anglo,staged_final,V2,2,1,best,A,within_plane,,S1,1498.1,404.4,20.0,22.8198,gable,0.0,False,7.1802
corner-55x100,early_childhood.none,minimum,V0,1,1,best,A,within_plane,,,1305.2,0.0,10.0,14.7285,gable,0.0,False,15.2715
corner-55x100,early_childhood.none,minimum,V1,2,2,rank_2,A,within_plane,,S1,989.7,435.6,20.0,22.3787,gable,0.0,False,7.6213
corner-55x100,early_childhood.none,optimum,V0,1,1,best,A,within_plane,,,1610.0,0.0,10.0,15.8328,gable,0.0,False,14.1672
corner-55x100,early_childhood.none,optimum,V1,2,2,rank_2,A,within_plane,,S1,1165.7,564.3,20.0,22.9383,gable,0.0,False,7.0617
corner-55x100,early_childhood.none,maximum,V0,1,2,rank_2,A,within_plane,,,2829.0,0.0,10.0,17.6659,eave,0.0,False,12.3341
corner-55x100,early_childhood.none,maximum,V1,2,1,best,A,plane_governs,131.0444 angled plane,S1,1999.7,949.3,20.0,24.9915,gable,0.9915,False,5.0085
corner-55x100,early_childhood.none,accessible,V0,1,1,best,A,within_plane,,,1639.9,0.0,10.0,15.9411,gable,0.0,False,14.0589
corner-55x100,early_childhood.none,accessible,V1,2,2,rank_2,A,within_plane,,S1,1542.1,217.8,20.0,22.0996,gable,0.0,False,7.9004
corner-55x100,early_childhood.none,staged_final,V0,1,1,best,A,within_plane,,,1656.0,0.0,10.0,15.9994,gable,0.0,False,14.0006
corner-55x100,early_childhood.none,staged_final,V1,2,2,rank_2,A,within_plane,,S1,1212.5,563.5,20.0,22.9946,gable,0.0,False,7.0054
corner-55x100,early_childhood.latino,minimum,V0,1,1,best,A,within_plane,,,1305.2,0.0,10.0,14.7285,gable,0.0,False,15.2715
corner-55x100,early_childhood.latino,minimum,V1,2,2,rank_2,A,within_plane,,S1,989.7,435.6,20.0,22.3787,gable,0.0,False,7.6213
corner-55x100,early_childhood.latino,optimum,V0,1,1,best,A,within_plane,,,1610.0,0.0,10.0,15.8328,gable,0.0,False,14.1672
corner-55x100,early_childhood.latino,optimum,V1,2,2,rank_2,A,within_plane,,S1,1165.7,564.3,20.0,22.9383,gable,0.0,False,7.0617
corner-55x100,early_childhood.latino,maximum,V0,1,2,rank_2,A,within_plane,,,2880.8,0.0,10.0,17.6659,eave,0.0,False,12.3341
corner-55x100,early_childhood.latino,maximum,V1,2,1,best,A,plane_governs,131.0444 angled plane,S1,2052.1,948.7,20.0,25.0549,gable,1.0549,False,4.9451
corner-55x100,early_childhood.latino,accessible,V0,1,1,best,A,within_plane,,,1639.9,0.0,10.0,15.9411,gable,0.0,False,14.0589
corner-55x100,early_childhood.latino,accessible,V1,2,2,rank_2,A,within_plane,,S1,1542.1,217.8,20.0,22.0996,gable,0.0,False,7.9004
corner-55x100,early_childhood.latino,staged_final,V0,1,1,best,A,within_plane,,,1656.0,0.0,10.0,15.9994,gable,0.0,False,14.0006
corner-55x100,early_childhood.latino,staged_final,V1,2,2,rank_2,A,within_plane,,S1,1212.5,563.5,20.0,22.9946,gable,0.0,False,7.0054
corner-55x100,early_childhood.anglo,minimum,V0,1,1,best,A,within_plane,,,1305.2,0.0,10.0,14.7285,gable,0.0,False,15.2715
corner-55x100,early_childhood.anglo,minimum,V1,2,2,rank_2,A,within_plane,,S1,971.2,454.0,20.0,22.4056,gable,0.0,False,7.5944
corner-55x100,early_childhood.anglo,optimum,V0,1,1,best,A,within_plane,,,1736.5,0.0,10.0,16.291,gable,0.0,False,13.709
corner-55x100,early_childhood.anglo,optimum,V1,2,2,rank_2,A,within_plane,,S1,1227.8,628.7,20.0,23.183,gable,0.0,False,6.817
corner-55x100,early_childhood.anglo,maximum,V0,1,2,rank_2,A,within_plane,,,2829.0,0.0,10.0,17.6659,eave,0.0,False,12.3341
corner-55x100,early_childhood.anglo,maximum,V1,2,1,best,A,plane_governs,131.0444 angled plane,S1,1916.2,1032.8,20.0,25.0965,gable,1.0965,False,4.9035
corner-55x100,early_childhood.anglo,accessible,V0,1,1,best,A,within_plane,,,1766.4,0.0,10.0,16.3994,gable,0.0,False,13.6006
corner-55x100,early_childhood.anglo,accessible,V1,2,2,rank_2,A,within_plane,,S1,1669.2,217.2,20.0,22.1814,gable,0.0,False,7.8186
corner-55x100,early_childhood.anglo,staged_final,V0,1,1,best,A,within_plane,,,1788.2,0.0,10.0,16.4783,gable,0.0,False,13.5217
corner-55x100,early_childhood.anglo,staged_final,V1,2,2,rank_2,A,within_plane,,S1,1226.0,682.3,20.0,23.3134,gable,0.0,False,6.6866
corner-55x100,teens_family.none,minimum,V0,1,2,rank_2,A,within_plane,,,1454.8,0.0,10.0,15.2705,gable,0.0,False,14.7295
corner-55x100,teens_family.none,minimum,V2,2,1,best,A,within_plane,,S1,1141.9,432.9,20.0,22.5472,gable,0.0,False,7.4528
corner-55x100,teens_family.none,optimum,V0,1,2,rank_2,A,within_plane,,,1805.5,0.0,10.0,16.541,gable,0.0,False,13.459
corner-55x100,teens_family.none,optimum,V2,2,1,best,A,within_plane,,S1,1497.2,428.3,20.0,22.9011,gable,0.0,False,7.0989
corner-55x100,teens_family.none,maximum,V1,2,2,rank_2,A,plane_governs,131.0444 angled plane,S1,1861.8,1116.0,20.0,25.2221,gable,1.2221,False,4.7779
corner-55x100,teens_family.none,maximum,V2,2,1,best,A,within_plane,,S1,2362.9,614.8,20.0,23.9103,eave,0.0,False,6.0897
corner-55x100,teens_family.none,accessible,V0,1,2,rank_2,A,within_plane,,,1835.4,0.0,10.0,16.6493,gable,0.0,False,13.3507
corner-55x100,teens_family.none,accessible,V1,2,1,best,A,within_plane,,S1,1581.7,373.7,20.0,22.7853,gable,0.0,False,7.2147
corner-55x100,teens_family.none,staged_final,V0,1,2,rank_2,A,within_plane,,,1656.0,0.0,10.0,15.9994,gable,0.0,False,14.0006
corner-55x100,teens_family.none,staged_final,V2,2,1,best,A,within_plane,,S1,1503.7,272.3,20.0,22.3182,gable,0.0,False,7.6818
corner-55x100,teens_family.latino,minimum,V0,1,2,rank_2,A,within_plane,,,1454.8,0.0,10.0,15.2705,gable,0.0,False,14.7295
corner-55x100,teens_family.latino,minimum,V2,2,1,best,A,within_plane,,S1,1141.9,432.9,20.0,22.5472,gable,0.0,False,7.4528
corner-55x100,teens_family.latino,optimum,V0,1,2,rank_2,A,within_plane,,,1805.5,0.0,10.0,16.541,gable,0.0,False,13.459
corner-55x100,teens_family.latino,optimum,V2,2,1,best,A,within_plane,,S1,1497.2,428.3,20.0,22.9011,gable,0.0,False,7.0989
corner-55x100,teens_family.latino,maximum,V1,2,2,rank_2,A,plane_governs,131.0444 angled plane,S1,1861.8,1116.0,20.0,25.2221,gable,1.2221,False,4.7779
corner-55x100,teens_family.latino,maximum,V2,2,1,best,A,within_plane,,S1,2362.9,614.8,20.0,23.9103,eave,0.0,False,6.0897
corner-55x100,teens_family.latino,accessible,V0,1,2,rank_2,A,within_plane,,,1835.4,0.0,10.0,16.6493,gable,0.0,False,13.3507
corner-55x100,teens_family.latino,accessible,V1,2,1,best,A,within_plane,,S1,1581.7,373.7,20.0,22.7853,gable,0.0,False,7.2147
corner-55x100,teens_family.latino,staged_final,V0,1,2,rank_2,A,within_plane,,,1656.0,0.0,10.0,15.9994,gable,0.0,False,14.0006
corner-55x100,teens_family.latino,staged_final,V2,2,1,best,A,within_plane,,S1,1503.7,272.3,20.0,22.3182,gable,0.0,False,7.6818
corner-55x100,teens_family.anglo,minimum,V0,1,2,rank_2,A,within_plane,,,1454.8,0.0,10.0,15.2705,gable,0.0,False,14.7295
corner-55x100,teens_family.anglo,minimum,V2,2,1,best,A,within_plane,,S1,1123.6,451.2,20.0,22.5795,gable,0.0,False,7.4205
corner-55x100,teens_family.anglo,optimum,V0,1,2,rank_2,A,within_plane,,,1937.7,0.0,10.0,17.02,gable,0.0,False,12.98
corner-55x100,teens_family.anglo,optimum,V2,2,1,best,A,within_plane,,S1,1510.3,547.4,20.0,23.2941,gable,0.0,False,6.7059
corner-55x100,teens_family.anglo,maximum,V1,2,2,rank_2,A,plane_governs,131.0444 angled plane,S1,1794.3,1263.9,20.0,25.4557,gable,1.4557,False,4.5443
corner-55x100,teens_family.anglo,maximum,V2,2,1,best,A,within_plane,,S1,2378.4,679.8,20.0,24.0984,eave,0.0,False,5.9016
corner-55x100,teens_family.anglo,accessible,V0,1,2,rank_2,A,within_plane,,,1967.6,0.0,10.0,17.1283,gable,0.0,False,12.8717
corner-55x100,teens_family.anglo,accessible,V1,2,1,best,A,within_plane,,S1,1660.8,426.8,20.0,23.0501,gable,0.0,False,6.9499
corner-55x100,teens_family.anglo,staged_final,V0,1,2,rank_2,A,within_plane,,,1736.5,0.0,10.0,16.291,gable,0.0,False,13.709
corner-55x100,teens_family.anglo,staged_final,V2,2,1,best,A,within_plane,,S1,1584.7,271.8,20.0,22.3776,gable,0.0,False,7.6224
corner-55x100,multigenerational.none,minimum,V0,1,1,best,A,within_plane,,,1523.7,0.0,10.0,15.5201,gable,0.0,False,14.4799
corner-55x100,multigenerational.none,minimum,V1,2,2,rank_2,A,within_plane,,S1,1212.0,431.8,20.0,22.6208,gable,0.0,False,7.3792
corner-55x100,multigenerational.none,optimum,V0,1,1,best,A,within_plane,,,1857.2,0.0,10.0,16.7283,gable,0.0,False,13.2717
corner-55x100,multigenerational.none,optimum,V1,2,2,rank_2,A,within_plane,,S1,1416.8,560.5,20.0,23.2284,gable,0.0,False,6.7716
corner-55x100,multigenerational.none,maximum,V1,2,1,best,A,within_plane,,S1,2118.0,1112.8,20.0,25.5566,eave,0.0,False,4.4434
corner-55x100,multigenerational.none,maximum,V2,2,2,rank_2,A,within_plane,,S1,2617.6,613.2,20.0,23.7103,eave,0.0,False,6.2897
corner-55x100,multigenerational.none,accessible,V0,1,1,best,A,within_plane,,,1887.1,0.0,10.0,16.8366,gable,0.0,False,13.1634
corner-55x100,multigenerational.none,accessible,V1,2,2,rank_2,A,within_plane,,S1,1447.0,560.1,20.0,23.2615,gable,0.0,False,6.7385
corner-55x100,multigenerational.none,staged_final,V1,2,2,rank_2,A,within_plane,,S1,1411.9,714.9,20.0,23.6398,gable,0.0,False,6.3602
corner-55x100,multigenerational.none,staged_final,V2,2,1,best,A,within_plane,,S1,1700.2,426.5,20.0,23.085,gable,0.0,False,6.915
corner-55x100,multigenerational.latino,minimum,V0,1,1,best,A,within_plane,,,1523.7,0.0,10.0,15.5201,gable,0.0,False,14.4799
corner-55x100,multigenerational.latino,minimum,V1,2,2,rank_2,A,within_plane,,S1,1212.0,431.8,20.0,22.6208,gable,0.0,False,7.3792
corner-55x100,multigenerational.latino,optimum,V0,1,1,best,A,within_plane,,,1811.2,0.0,10.0,16.5617,gable,0.0,False,13.4383
corner-55x100,multigenerational.latino,optimum,V1,2,2,rank_2,A,within_plane,,S1,1370.1,561.1,20.0,23.1765,gable,0.0,False,6.8235
corner-55x100,multigenerational.latino,maximum,V1,2,1,best,A,plane_governs,131.0444 angled plane,S1,2065.6,1113.4,20.0,25.4941,gable,1.4941,False,4.5059
corner-55x100,multigenerational.latino,maximum,V2,2,2,rank_2,A,within_plane,,S1,2565.5,613.5,20.0,23.7487,eave,0.0,False,6.2513
corner-55x100,multigenerational.latino,accessible,V0,1,1,best,A,within_plane,,,1841.1,0.0,10.0,16.67,gable,0.0,False,13.33
corner-55x100,multigenerational.latino,accessible,V1,2,2,rank_2,A,within_plane,,S1,1400.4,560.7,20.0,23.2102,gable,0.0,False,6.7898
corner-55x100,multigenerational.latino,staged_final,V1,2,2,rank_2,A,within_plane,,S1,1411.9,714.9,20.0,23.6398,gable,0.0,False,6.3602
corner-55x100,multigenerational.latino,staged_final,V2,2,1,best,A,within_plane,,S1,1700.2,426.5,20.0,23.085,gable,0.0,False,6.915
corner-55x100,multigenerational.anglo,minimum,V0,1,1,best,A,within_plane,,,1523.7,0.0,10.0,15.5201,gable,0.0,False,14.4799
corner-55x100,multigenerational.anglo,minimum,V1,2,2,rank_2,A,within_plane,,S1,1193.7,450.1,20.0,22.6555,gable,0.0,False,7.3445
corner-55x100,multigenerational.anglo,optimum,V0,1,1,best,A,within_plane,,,2001.0,0.0,10.0,17.2493,gable,0.0,False,12.7507
corner-55x100,multigenerational.anglo,optimum,V1,2,2,rank_2,A,within_plane,,S1,1496.2,624.8,20.0,23.5028,gable,0.0,False,6.4972
corner-55x100,multigenerational.anglo,maximum,V1,2,1,best,A,plane_governs,131.0444 angled plane,S1,2082.9,1119.1,20.0,25.5312,gable,1.5312,False,4.4688
corner-55x100,multigenerational.anglo,maximum,V2,2,2,rank_2,A,within_plane,,S1,2594.6,607.4,20.0,23.7091,eave,0.0,False,6.2909
corner-55x100,multigenerational.anglo,accessible,V0,1,1,best,A,within_plane,,,2030.9,0.0,10.0,17.3576,gable,0.0,False,12.6424
corner-55x100,multigenerational.anglo,accessible,V1,2,2,rank_2,A,within_plane,,S1,1526.4,624.5,20.0,23.5371,gable,0.0,False,6.4629
corner-55x100,multigenerational.anglo,staged_final,V1,2,2,rank_2,A,within_plane,,S1,1491.7,778.8,20.0,23.9048,gable,0.0,False,6.0952
corner-55x100,multigenerational.anglo,staged_final,V2,2,1,best,A,within_plane,,S1,1845.1,425.4,20.0,23.2096,gable,0.0,False,6.7904
corner-55x100,empty_nest.none,minimum,V0,1,1,best,A,within_plane,,,1155.8,0.0,10.0,14.1873,gable,0.0,False,15.8127
corner-55x100,empty_nest.none,minimum,V1,2,2,rank_2,A,within_plane,,S1,998.3,277.5,20.0,21.9068,gable,0.0,False,8.0932
corner-55x100,empty_nest.none,optimum,V0,1,1,best,A,within_plane,,,1431.8,0.0,10.0,15.1872,gable,0.0,False,14.8128
corner-55x100,empty_nest.none,maximum,V0,1,1,best,A,within_plane,,,2133.2,0.0,10.0,17.6659,eave,0.0,False,12.3341
corner-55x100,empty_nest.none,maximum,V1,2,2,rank_2,A,within_plane,,S1,1981.7,271.5,20.0,22.6574,gable,0.0,False,7.3426
corner-55x100,empty_nest.none,accessible,V0,1,1,best,A,within_plane,,,1461.6,0.0,10.0,15.2951,gable,0.0,False,14.7049
corner-55x100,empty_nest.none,staged_final,V0,1,1,best,A,within_plane,,,1431.8,0.0,10.0,15.1872,gable,0.0,False,14.8128
corner-55x100,empty_nest.latino,minimum,V0,1,1,best,A,within_plane,,,1155.8,0.0,10.0,14.1873,gable,0.0,False,15.8127
corner-55x100,empty_nest.latino,minimum,V1,2,2,rank_2,A,within_plane,,S1,998.3,277.5,20.0,21.9068,gable,0.0,False,8.0932
corner-55x100,empty_nest.latino,optimum,V0,1,1,best,A,within_plane,,,1431.8,0.0,10.0,15.1872,gable,0.0,False,14.8128
corner-55x100,empty_nest.latino,maximum,V0,1,1,best,A,within_plane,,,2185.0,0.0,10.0,17.6659,eave,0.0,False,12.3341
corner-55x100,empty_nest.latino,maximum,V1,2,2,rank_2,A,within_plane,,S1,2033.7,271.3,20.0,22.691,gable,0.0,False,7.309
corner-55x100,empty_nest.latino,accessible,V0,1,1,best,A,within_plane,,,1461.6,0.0,10.0,15.2951,gable,0.0,False,14.7049
corner-55x100,empty_nest.latino,staged_final,V0,1,1,best,A,within_plane,,,1431.8,0.0,10.0,15.1872,gable,0.0,False,14.8128
corner-55x100,empty_nest.anglo,minimum,V0,1,1,best,A,within_plane,,,1155.8,0.0,10.0,14.1873,gable,0.0,False,15.8127
corner-55x100,empty_nest.anglo,minimum,V1,2,2,rank_2,A,within_plane,,S1,979.6,296.1,20.0,21.9512,gable,0.0,False,8.0488
corner-55x100,empty_nest.anglo,optimum,V0,1,1,best,A,within_plane,,,1558.2,0.0,10.0,15.6451,gable,0.0,False,14.3549
corner-55x100,empty_nest.anglo,maximum,V0,1,1,best,A,within_plane,,,2277.0,0.0,10.0,17.6659,eave,0.0,False,12.3341
corner-55x100,empty_nest.anglo,maximum,V1,2,2,rank_2,A,within_plane,,S1,2126.2,270.8,20.0,22.7358,eave,0.0,False,7.2642
corner-55x100,empty_nest.anglo,accessible,V0,1,1,best,A,within_plane,,,1588.1,0.0,10.0,15.7534,gable,0.0,False,14.2466
corner-55x100,empty_nest.anglo,staged_final,V0,1,1,best,A,within_plane,,,1558.2,0.0,10.0,15.6451,gable,0.0,False,14.3549
corner-55x100,remote_work.none,minimum,V0,1,1,best,A,within_plane,,,1282.2,0.0,10.0,14.6452,gable,0.0,False,15.3548
corner-55x100,remote_work.none,minimum,V1,2,2,rank_2,A,within_plane,,S1,990.9,411.4,20.0,22.3131,gable,0.0,False,7.6869
corner-55x100,remote_work.none,optimum,V0,1,2,rank_2,A,within_plane,,,1656.0,0.0,10.0,15.9994,gable,0.0,False,14.0006
corner-55x100,remote_work.none,optimum,V2,2,1,best,A,within_plane,,S1,1394.5,381.5,20.0,22.6424,gable,0.0,False,7.3576
corner-55x100,remote_work.none,maximum,V2,2,1,best,A,within_plane,,S1,1743.1,584.9,20.0,23.658,gable,0.0,False,6.342
corner-55x100,remote_work.none,maximum,V4,2,2,rank_2,A,within_plane,,S1,1809.5,518.5,20.0,23.5091,gable,0.0,False,6.4909
corner-55x100,remote_work.none,accessible,V0,1,1,best,A,within_plane,,,1685.9,0.0,10.0,16.1077,gable,0.0,False,13.8923
corner-55x100,remote_work.none,accessible,V1,2,2,rank_2,A,within_plane,,S1,1479.3,326.6,20.0,22.5182,gable,0.0,False,7.4818
corner-55x100,remote_work.none,staged_final,V0,1,2,rank_2,A,within_plane,,,1656.0,0.0,10.0,15.9994,gable,0.0,False,14.0006
corner-55x100,remote_work.none,staged_final,V2,2,1,best,A,within_plane,,S1,1394.5,381.5,20.0,22.6424,gable,0.0,False,7.3576
corner-55x100,remote_work.latino,minimum,V0,1,1,best,A,within_plane,,,1282.2,0.0,10.0,14.6452,gable,0.0,False,15.3548
corner-55x100,remote_work.latino,minimum,V1,2,2,rank_2,A,within_plane,,S1,990.9,411.4,20.0,22.3131,gable,0.0,False,7.6869
corner-55x100,remote_work.latino,optimum,V0,1,2,rank_2,A,within_plane,,,1656.0,0.0,10.0,15.9994,gable,0.0,False,14.0006
corner-55x100,remote_work.latino,optimum,V2,2,1,best,A,within_plane,,S1,1394.5,381.5,20.0,22.6424,gable,0.0,False,7.3576
corner-55x100,remote_work.latino,maximum,V2,2,1,best,A,within_plane,,S1,1969.8,582.5,20.0,23.8807,gable,0.0,False,6.1193
corner-55x100,remote_work.latino,maximum,V4,2,2,rank_2,A,within_plane,,S1,2035.8,516.4,20.0,23.7146,gable,0.0,False,6.2854
corner-55x100,remote_work.latino,accessible,V0,1,1,best,A,within_plane,,,1685.9,0.0,10.0,16.1077,gable,0.0,False,13.8923
corner-55x100,remote_work.latino,accessible,V1,2,2,rank_2,A,within_plane,,S1,1479.3,326.6,20.0,22.5182,gable,0.0,False,7.4818
corner-55x100,remote_work.latino,staged_final,V0,1,2,rank_2,A,within_plane,,,1656.0,0.0,10.0,15.9994,gable,0.0,False,14.0006
corner-55x100,remote_work.latino,staged_final,V2,2,1,best,A,within_plane,,S1,1394.5,381.5,20.0,22.6424,gable,0.0,False,7.3576
corner-55x100,remote_work.anglo,minimum,V0,1,1,best,A,within_plane,,,1282.2,0.0,10.0,14.6452,gable,0.0,False,15.3548
corner-55x100,remote_work.anglo,minimum,V1,2,2,rank_2,A,within_plane,,S1,972.4,429.9,20.0,22.3424,gable,0.0,False,7.6576
corner-55x100,remote_work.anglo,optimum,V0,1,2,rank_2,A,within_plane,,,1736.5,0.0,10.0,16.291,gable,0.0,False,13.709
corner-55x100,remote_work.anglo,optimum,V2,2,1,best,A,within_plane,,S1,1475.8,380.7,20.0,22.7155,gable,0.0,False,7.2845
corner-55x100,remote_work.anglo,maximum,V2,2,1,best,A,within_plane,,S1,1853.6,583.6,20.0,23.768,gable,0.0,False,6.232
corner-55x100,remote_work.anglo,maximum,V4,2,2,rank_2,A,within_plane,,S1,1919.8,517.4,20.0,23.6107,gable,0.0,False,6.3893
corner-55x100,remote_work.anglo,accessible,V0,1,1,best,A,within_plane,,,1766.4,0.0,10.0,16.3994,gable,0.0,False,13.6006
corner-55x100,remote_work.anglo,accessible,V1,2,2,rank_2,A,within_plane,,S1,1560.4,326.0,20.0,22.5839,gable,0.0,False,7.4161
corner-55x100,remote_work.anglo,staged_final,V0,1,2,rank_2,A,within_plane,,,1736.5,0.0,10.0,16.291,gable,0.0,False,13.709
corner-55x100,remote_work.anglo,staged_final,V2,2,1,best,A,within_plane,,S1,1475.8,380.7,20.0,22.7155,gable,0.0,False,7.2845
corner-55x100,shared_adults.none,minimum,V0,1,2,rank_2,A,within_plane,,,1506.5,0.0,10.0,15.4578,gable,0.0,False,14.5422
corner-55x100,shared_adults.none,minimum,V1,2,1,best,A,within_plane,,S1,981.0,645.5,20.0,22.8829,gable,0.0,False,7.1171
corner-55x100,shared_adults.none,optimum,V0,1,2,rank_2,A,within_plane,,,1736.5,0.0,10.0,16.291,gable,0.0,False,13.709
corner-55x100,shared_adults.none,optimum,V1,2,1,best,A,within_plane,,S1,1161.2,695.3,20.0,23.2553,gable,0.0,False,6.7447
corner-55x100,shared_adults.none,maximum,V0,1,2,rank_2,A,within_plane,,,2420.8,0.0,10.0,17.6659,eave,0.0,False,12.3341
corner-55x100,shared_adults.none,maximum,V1,2,1,best,A,plane_governs,131.0444 angled plane,S1,1597.7,943.0,20.0,24.4468,gable,0.4468,False,5.5532
corner-55x100,shared_adults.none,accessible,V0,1,2,rank_2,A,within_plane,,,1766.4,0.0,10.0,16.3994,gable,0.0,False,13.6006
corner-55x100,shared_adults.none,accessible,V1,2,1,best,A,within_plane,,S1,1403.2,483.2,20.0,22.9831,gable,0.0,False,7.0169
corner-55x100,shared_adults.none,staged_final,V0,1,2,rank_2,A,within_plane,,,1736.5,0.0,10.0,16.291,gable,0.0,False,13.709
corner-55x100,shared_adults.none,staged_final,V1,2,1,best,A,within_plane,,S1,1161.2,695.3,20.0,23.2553,gable,0.0,False,6.7447
corner-55x100,shared_adults.latino,minimum,V0,1,2,rank_2,A,within_plane,,,1506.5,0.0,10.0,15.4578,gable,0.0,False,14.5422
corner-55x100,shared_adults.latino,minimum,V1,2,1,best,A,within_plane,,S1,981.0,645.5,20.0,22.8829,gable,0.0,False,7.1171
corner-55x100,shared_adults.latino,optimum,V0,1,2,rank_2,A,within_plane,,,1736.5,0.0,10.0,16.291,gable,0.0,False,13.709
corner-55x100,shared_adults.latino,optimum,V1,2,1,best,A,within_plane,,S1,1161.2,695.3,20.0,23.2553,gable,0.0,False,6.7447
corner-55x100,shared_adults.latino,maximum,V0,1,2,rank_2,A,within_plane,,,2472.5,0.0,10.0,17.6659,eave,0.0,False,12.3341
corner-55x100,shared_adults.latino,maximum,V1,2,1,best,A,plane_governs,131.0444 angled plane,S1,1650.3,942.2,20.0,24.5175,gable,0.5175,False,5.4825
corner-55x100,shared_adults.latino,accessible,V0,1,2,rank_2,A,within_plane,,,1766.4,0.0,10.0,16.3994,gable,0.0,False,13.6006
corner-55x100,shared_adults.latino,accessible,V1,2,1,best,A,within_plane,,S1,1403.2,483.2,20.0,22.9831,gable,0.0,False,7.0169
corner-55x100,shared_adults.latino,staged_final,V0,1,2,rank_2,A,within_plane,,,1736.5,0.0,10.0,16.291,gable,0.0,False,13.709
corner-55x100,shared_adults.latino,staged_final,V1,2,1,best,A,within_plane,,S1,1161.2,695.3,20.0,23.2553,gable,0.0,False,6.7447
corner-55x100,shared_adults.anglo,minimum,V0,1,2,rank_2,A,within_plane,,,1506.5,0.0,10.0,15.4578,gable,0.0,False,14.5422
corner-55x100,shared_adults.anglo,minimum,V1,2,1,best,A,within_plane,,S1,962.7,663.8,20.0,22.8961,gable,0.0,False,7.1039
corner-55x100,shared_adults.anglo,optimum,V0,1,2,rank_2,A,within_plane,,,1863.0,0.0,10.0,16.7493,gable,0.0,False,13.2507
corner-55x100,shared_adults.anglo,optimum,V1,2,1,best,A,within_plane,,S1,1223.6,759.4,20.0,23.4922,gable,0.0,False,6.5078
corner-55x100,shared_adults.anglo,maximum,V0,1,2,rank_2,A,within_plane,,,2472.5,0.0,10.0,17.6659,eave,0.0,False,12.3341
corner-55x100,shared_adults.anglo,maximum,V1,2,1,best,A,plane_governs,131.0444 angled plane,S1,1566.3,1026.2,20.0,24.593,gable,0.593,False,5.407
corner-55x100,shared_adults.anglo,accessible,V0,1,2,rank_2,A,within_plane,,,1892.9,0.0,10.0,16.8576,gable,0.0,False,13.1424
corner-55x100,shared_adults.anglo,accessible,V1,2,1,best,A,within_plane,,S1,1464.9,548.0,20.0,23.2459,gable,0.0,False,6.7541
corner-55x100,shared_adults.anglo,staged_final,V0,1,2,rank_2,A,within_plane,,,1863.0,0.0,10.0,16.7493,gable,0.0,False,13.2507
corner-55x100,shared_adults.anglo,staged_final,V1,2,1,best,A,within_plane,,S1,1223.6,759.4,20.0,23.4922,gable,0.0,False,6.5078
shallow-50x95,young_couple.none,minimum,V0,1,1,best,A,within_plane,,,1282.2,0.0,10.0,15.0876,gable,0.0,False,14.9124
shallow-50x95,young_couple.none,minimum,V1,2,2,rank_2,A,within_plane,,S1,990.9,411.4,20.0,22.5334,gable,0.0,False,7.4666
shallow-50x95,young_couple.none,optimum,V0,1,1,best,A,within_plane,,,1604.2,0.0,10.0,16.3652,gable,0.0,False,13.6348
shallow-50x95,young_couple.none,optimum,V1,2,2,rank_2,A,within_plane,,S1,1184.2,540.1,20.0,23.1733,gable,0.0,False,6.8267
shallow-50x95,young_couple.none,maximum,V2,2,1,best,A,within_plane,,S1,2027.5,427.0,20.0,23.2121,eave,0.0,False,6.7879
shallow-50x95,young_couple.none,maximum,V4,2,2,rank_2,A,within_plane,,S1,2093.7,360.8,20.0,22.9056,eave,0.0,False,7.0944
shallow-50x95,young_couple.none,accessible,V0,1,1,best,A,within_plane,,,1634.1,0.0,10.0,16.4839,gable,0.0,False,13.5161
shallow-50x95,young_couple.none,accessible,V1,2,2,rank_2,A,within_plane,,S1,1560.6,193.5,20.0,22.1804,gable,0.0,False,7.8196
shallow-50x95,young_couple.none,staged_final,V0,1,2,rank_2,A,within_plane,,,1782.5,0.0,10.0,16.9993,eave,0.0,False,13.0007
shallow-50x95,young_couple.none,staged_final,V2,2,1,best,A,within_plane,,S1,1498.1,404.4,20.0,23.0884,gable,0.0,False,6.9116
shallow-50x95,young_couple.latino,minimum,V0,1,1,best,A,within_plane,,,1282.2,0.0,10.0,15.0876,gable,0.0,False,14.9124
shallow-50x95,young_couple.latino,minimum,V1,2,2,rank_2,A,within_plane,,S1,990.9,411.4,20.0,22.5334,gable,0.0,False,7.4666
shallow-50x95,young_couple.latino,optimum,V0,1,1,best,A,within_plane,,,1604.2,0.0,10.0,16.3652,gable,0.0,False,13.6348
shallow-50x95,young_couple.latino,optimum,V1,2,2,rank_2,A,within_plane,,S1,1184.2,540.1,20.0,23.1733,gable,0.0,False,6.8267
shallow-50x95,young_couple.latino,maximum,V2,2,1,best,A,within_plane,,S1,2079.6,426.7,20.0,23.1705,eave,0.0,False,6.8295
shallow-50x95,young_couple.latino,maximum,V4,2,2,rank_2,A,within_plane,,S1,2145.7,360.5,20.0,22.8689,eave,0.0,False,7.1311
shallow-50x95,young_couple.latino,accessible,V0,1,1,best,A,within_plane,,,1634.1,0.0,10.0,16.4839,gable,0.0,False,13.5161
shallow-50x95,young_couple.latino,accessible,V1,2,2,rank_2,A,within_plane,,S1,1560.6,193.5,20.0,22.1804,gable,0.0,False,7.8196
shallow-50x95,young_couple.latino,staged_final,V0,1,2,rank_2,A,within_plane,,,1782.5,0.0,10.0,16.9993,eave,0.0,False,13.0007
shallow-50x95,young_couple.latino,staged_final,V2,2,1,best,A,within_plane,,S1,1498.1,404.4,20.0,23.0884,gable,0.0,False,6.9116
shallow-50x95,young_couple.anglo,minimum,V0,1,1,best,A,within_plane,,,1282.2,0.0,10.0,15.0876,gable,0.0,False,14.9124
shallow-50x95,young_couple.anglo,minimum,V1,2,2,rank_2,A,within_plane,,S1,972.4,429.9,20.0,22.5654,gable,0.0,False,7.4346
shallow-50x95,young_couple.anglo,optimum,V0,1,1,best,A,within_plane,,,1684.7,0.0,10.0,16.6846,gable,0.0,False,13.3154
shallow-50x95,young_couple.anglo,optimum,V1,2,2,rank_2,A,within_plane,,S1,1247.8,556.9,20.0,23.3076,gable,0.0,False,6.6924
shallow-50x95,young_couple.anglo,maximum,V1,2,2,rank_2,A,plane_governs,131.0444 angled plane,S1,1591.6,954.9,20.0,24.8916,gable,0.8916,False,5.1084
shallow-50x95,young_couple.anglo,maximum,V2,2,1,best,A,within_plane,,S1,2120.1,426.4,20.0,23.139,eave,0.0,False,6.861
shallow-50x95,young_couple.anglo,accessible,V0,1,1,best,A,within_plane,,,1714.6,0.0,10.0,16.8033,gable,0.0,False,13.1967
shallow-50x95,young_couple.anglo,accessible,V1,2,2,rank_2,A,within_plane,,S1,1641.4,193.2,20.0,22.2344,gable,0.0,False,7.7656
shallow-50x95,young_couple.anglo,staged_final,V1,2,2,rank_2,A,within_plane,,S1,1226.2,676.3,20.0,23.6133,gable,0.0,False,6.3867
shallow-50x95,young_couple.anglo,staged_final,V2,2,1,best,A,within_plane,,S1,1498.1,404.4,20.0,23.0884,gable,0.0,False,6.9116
shallow-50x95,early_childhood.none,minimum,V0,1,1,best,A,within_plane,,,1305.2,0.0,10.0,15.1788,gable,0.0,False,14.8212
shallow-50x95,early_childhood.none,minimum,V1,2,2,rank_2,A,within_plane,,S1,989.7,435.6,20.0,22.6053,gable,0.0,False,7.3947
shallow-50x95,early_childhood.none,optimum,V0,1,1,best,A,within_plane,,,1610.0,0.0,10.0,16.3882,gable,0.0,False,13.6118
shallow-50x95,early_childhood.none,optimum,V1,2,2,rank_2,A,within_plane,,S1,1165.7,564.3,20.0,23.2181,gable,0.0,False,6.7819
shallow-50x95,early_childhood.none,maximum,V0,1,2,rank_2,A,within_plane,,,2829.0,0.0,10.0,16.9993,eave,0.0,False,13.0007
shallow-50x95,early_childhood.none,maximum,V1,2,1,best,A,plane_governs,131.0444 angled plane,S1,1650.0,954.0,20.0,24.9782,gable,0.9782,False,5.0218
shallow-50x95,early_childhood.none,accessible,V0,1,1,best,A,within_plane,,,1639.9,0.0,10.0,16.5069,gable,0.0,False,13.4931
shallow-50x95,early_childhood.none,accessible,V1,2,2,rank_2,A,within_plane,,S1,1542.1,217.8,20.0,22.2995,gable,0.0,False,7.7005
shallow-50x95,early_childhood.none,staged_final,V0,1,1,best,A,within_plane,,,1610.0,0.0,10.0,16.3882,gable,0.0,False,13.6118
shallow-50x95,early_childhood.none,staged_final,V1,2,2,rank_2,A,within_plane,,S1,1165.7,564.3,20.0,23.2181,gable,0.0,False,6.7819
shallow-50x95,early_childhood.latino,minimum,V0,1,1,best,A,within_plane,,,1305.2,0.0,10.0,15.1788,gable,0.0,False,14.8212
shallow-50x95,early_childhood.latino,minimum,V1,2,2,rank_2,A,within_plane,,S1,989.7,435.6,20.0,22.6053,gable,0.0,False,7.3947
shallow-50x95,early_childhood.latino,optimum,V0,1,1,best,A,within_plane,,,1610.0,0.0,10.0,16.3882,gable,0.0,False,13.6118
shallow-50x95,early_childhood.latino,optimum,V1,2,2,rank_2,A,within_plane,,S1,1165.7,564.3,20.0,23.2181,gable,0.0,False,6.7819
shallow-50x95,early_childhood.latino,maximum,V0,1,2,rank_2,A,within_plane,,,2535.8,0.0,10.0,16.9993,eave,0.0,False,13.0007
shallow-50x95,early_childhood.latino,maximum,V1,2,1,best,A,plane_governs,131.0444 angled plane,S1,1702.5,953.2,20.0,25.0547,gable,1.0547,False,4.9453
shallow-50x95,early_childhood.latino,accessible,V0,1,1,best,A,within_plane,,,1639.9,0.0,10.0,16.5069,gable,0.0,False,13.4931
shallow-50x95,early_childhood.latino,accessible,V1,2,2,rank_2,A,within_plane,,S1,1542.1,217.8,20.0,22.2995,gable,0.0,False,7.7005
shallow-50x95,early_childhood.latino,staged_final,V0,1,1,best,A,within_plane,,,1610.0,0.0,10.0,16.3882,gable,0.0,False,13.6118
shallow-50x95,early_childhood.latino,staged_final,V1,2,2,rank_2,A,within_plane,,S1,1165.7,564.3,20.0,23.2181,gable,0.0,False,6.7819
shallow-50x95,early_childhood.anglo,minimum,V0,1,1,best,A,within_plane,,,1305.2,0.0,10.0,15.1788,gable,0.0,False,14.8212
shallow-50x95,early_childhood.anglo,minimum,V1,2,2,rank_2,A,within_plane,,S1,971.2,454.0,20.0,22.6347,gable,0.0,False,7.3653
shallow-50x95,early_childhood.anglo,optimum,V0,1,1,best,A,within_plane,,,1736.5,0.0,10.0,16.8902,gable,0.0,False,13.1098
shallow-50x95,early_childhood.anglo,optimum,V1,2,2,rank_2,A,within_plane,,S1,1227.8,628.7,20.0,23.4861,gable,0.0,False,6.5139
shallow-50x95,early_childhood.anglo,maximum,V0,1,2,rank_2,A,within_plane,,,2829.0,0.0,10.0,16.9993,eave,0.0,False,13.0007
shallow-50x95,early_childhood.anglo,maximum,V1,2,1,best,A,plane_governs,131.0444 angled plane,S1,1566.0,1038.0,20.0,25.0588,gable,1.0588,False,4.9412
shallow-50x95,early_childhood.anglo,accessible,V0,1,1,best,A,within_plane,,,1766.4,0.0,10.0,16.9993,eave,0.0,False,13.0007
shallow-50x95,early_childhood.anglo,accessible,V1,2,2,rank_2,A,within_plane,,S1,1669.2,217.2,20.0,22.3891,gable,0.0,False,7.6109
shallow-50x95,early_childhood.anglo,staged_final,V0,1,1,best,A,within_plane,,,1736.5,0.0,10.0,16.8902,gable,0.0,False,13.1098
shallow-50x95,early_childhood.anglo,staged_final,V1,2,2,rank_2,A,within_plane,,S1,1227.8,628.7,20.0,23.4861,gable,0.0,False,6.5139
shallow-50x95,teens_family.none,minimum,V0,1,2,rank_2,A,within_plane,,,1454.8,0.0,10.0,15.7724,gable,0.0,False,14.2276
shallow-50x95,teens_family.none,minimum,V2,2,1,best,A,within_plane,,S1,1141.9,432.9,20.0,22.7897,gable,0.0,False,7.2103
shallow-50x95,teens_family.none,optimum,V0,1,2,rank_2,A,within_plane,,,1805.5,0.0,10.0,16.9993,eave,0.0,False,13.0007
shallow-50x95,teens_family.none,optimum,V2,2,1,best,A,within_plane,,S1,1497.2,428.3,20.0,23.1774,gable,0.0,False,6.8226
shallow-50x95,teens_family.none,maximum,V1,2,2,rank_2,A,within_plane,,S1,1836.1,980.7,20.0,25.1153,eave,0.0,False,4.8847
shallow-50x95,teens_family.none,maximum,V2,2,1,best,A,within_plane,,S1,2263.7,553.0,20.0,23.4595,eave,0.0,False,6.5405
shallow-50x95,teens_family.none,accessible,V0,1,2,rank_2,A,within_plane,,,1835.4,0.0,10.0,16.9993,eave,0.0,False,13.0007
shallow-50x95,teens_family.none,accessible,V1,2,1,best,A,within_plane,,S1,1581.7,373.7,20.0,23.0506,gable,0.0,False,6.9494
shallow-50x95,teens_family.none,staged_final,V0,1,2,rank_2,A,within_plane,,,1656.0,0.0,10.0,16.5708,gable,0.0,False,13.4292
shallow-50x95,teens_family.none,staged_final,V2,2,1,best,A,within_plane,,S1,1503.7,272.3,20.0,22.539,gable,0.0,False,7.461
shallow-50x95,teens_family.latino,minimum,V0,1,2,rank_2,A,within_plane,,,1454.8,0.0,10.0,15.7724,gable,0.0,False,14.2276
shallow-50x95,teens_family.latino,minimum,V2,2,1,best,A,within_plane,,S1,1141.9,432.9,20.0,22.7897,gable,0.0,False,7.2103
shallow-50x95,teens_family.latino,optimum,V0,1,2,rank_2,A,within_plane,,,1805.5,0.0,10.0,16.9993,eave,0.0,False,13.0007
shallow-50x95,teens_family.latino,optimum,V2,2,1,best,A,within_plane,,S1,1497.2,428.3,20.0,23.1774,gable,0.0,False,6.8226
shallow-50x95,teens_family.latino,maximum,V1,2,2,rank_2,A,within_plane,,S1,1836.1,980.7,20.0,25.1153,eave,0.0,False,4.8847
shallow-50x95,teens_family.latino,maximum,V2,2,1,best,A,within_plane,,S1,2263.7,553.0,20.0,23.4595,eave,0.0,False,6.5405
shallow-50x95,teens_family.latino,accessible,V0,1,2,rank_2,A,within_plane,,,1835.4,0.0,10.0,16.9993,eave,0.0,False,13.0007
shallow-50x95,teens_family.latino,accessible,V1,2,1,best,A,within_plane,,S1,1581.7,373.7,20.0,23.0506,gable,0.0,False,6.9494
shallow-50x95,teens_family.latino,staged_final,V0,1,2,rank_2,A,within_plane,,,1656.0,0.0,10.0,16.5708,gable,0.0,False,13.4292
shallow-50x95,teens_family.latino,staged_final,V2,2,1,best,A,within_plane,,S1,1503.7,272.3,20.0,22.539,gable,0.0,False,7.461
shallow-50x95,teens_family.anglo,minimum,V0,1,2,rank_2,A,within_plane,,,1454.8,0.0,10.0,15.7724,gable,0.0,False,14.2276
shallow-50x95,teens_family.anglo,minimum,V2,2,1,best,A,within_plane,,S1,1123.6,451.2,20.0,22.8252,gable,0.0,False,7.1748
shallow-50x95,teens_family.anglo,optimum,V1,2,2,rank_2,A,within_plane,,S1,1222.9,783.1,20.0,23.8829,gable,0.0,False,6.1171
shallow-50x95,teens_family.anglo,optimum,V2,2,1,best,A,within_plane,,S1,1512.2,493.8,20.0,23.4288,gable,0.0,False,6.5712
shallow-50x95,teens_family.anglo,maximum,V1,2,2,rank_2,A,plane_governs,131.0444 angled plane,S1,1716.9,1117.1,20.0,25.4951,gable,1.4951,False,4.5049
shallow-50x95,teens_family.anglo,maximum,V2,2,1,best,A,within_plane,,S1,2227.6,606.4,20.0,23.6519,eave,0.0,False,6.3481
shallow-50x95,teens_family.anglo,accessible,V0,1,2,rank_2,A,within_plane,,,1915.9,0.0,10.0,16.9993,eave,0.0,False,13.0007
shallow-50x95,teens_family.anglo,accessible,V1,2,1,best,A,within_plane,,S1,1662.8,373.1,20.0,23.1253,gable,0.0,False,6.8747
shallow-50x95,teens_family.anglo,staged_final,V0,1,2,rank_2,A,within_plane,,,1736.5,0.0,10.0,16.8902,gable,0.0,False,13.1098
shallow-50x95,teens_family.anglo,staged_final,V2,2,1,best,A,within_plane,,S1,1584.7,271.8,20.0,22.6041,gable,0.0,False,7.3959
shallow-50x95,multigenerational.none,minimum,V0,1,1,best,A,within_plane,,,1523.7,0.0,10.0,16.0458,gable,0.0,False,13.9542
shallow-50x95,multigenerational.none,minimum,V1,2,2,rank_2,A,within_plane,,S1,1212.0,431.8,20.0,22.8704,gable,0.0,False,7.1296
shallow-50x95,multigenerational.none,optimum,V0,1,2,rank_2,A,within_plane,,,1811.2,0.0,10.0,16.9993,eave,0.0,False,13.0007
shallow-50x95,multigenerational.none,optimum,V1,2,1,best,A,within_plane,,S1,1370.1,561.1,20.0,23.479,gable,0.0,False,6.521
shallow-50x95,multigenerational.none,maximum,V1,2,1,best,A,within_plane,,S1,1835.8,986.7,20.0,25.1314,eave,0.0,False,4.8686
shallow-50x95,multigenerational.none,maximum,V2,2,2,rank_2,A,within_plane,,S1,2266.2,556.3,20.0,23.4678,eave,0.0,False,6.5322
shallow-50x95,multigenerational.none,accessible,V0,1,2,rank_2,A,within_plane,,,1841.1,0.0,10.0,16.9993,eave,0.0,False,13.0007
shallow-50x95,multigenerational.none,accessible,V1,2,1,best,A,within_plane,,S1,1400.4,560.7,20.0,23.516,gable,0.0,False,6.484
shallow-50x95,multigenerational.none,staged_final,V1,2,2,rank_2,A,within_plane,,S1,1365.2,715.6,20.0,23.9218,gable,0.0,False,6.0782
shallow-50x95,multigenerational.none,staged_final,V2,2,1,best,A,within_plane,,S1,1653.9,426.9,20.0,23.3341,gable,0.0,False,6.6659
shallow-50x95,multigenerational.latino,minimum,V0,1,1,best,A,within_plane,,,1523.7,0.0,10.0,16.0458,gable,0.0,False,13.9542
shallow-50x95,multigenerational.latino,minimum,V1,2,2,rank_2,A,within_plane,,S1,1212.0,431.8,20.0,22.8704,gable,0.0,False,7.1296
shallow-50x95,multigenerational.latino,optimum,V0,1,2,rank_2,A,within_plane,,,1811.2,0.0,10.0,16.9993,eave,0.0,False,13.0007
shallow-50x95,multigenerational.latino,optimum,V1,2,1,best,A,within_plane,,S1,1370.1,561.1,20.0,23.479,gable,0.0,False,6.521
shallow-50x95,multigenerational.latino,maximum,V1,2,1,best,A,within_plane,,S1,1835.8,986.7,20.0,25.1314,eave,0.0,False,4.8686
shallow-50x95,multigenerational.latino,maximum,V2,2,2,rank_2,A,within_plane,,S1,2266.2,556.3,20.0,23.4678,eave,0.0,False,6.5322
shallow-50x95,multigenerational.latino,accessible,V0,1,2,rank_2,A,within_plane,,,1841.1,0.0,10.0,16.9993,eave,0.0,False,13.0007
shallow-50x95,multigenerational.latino,accessible,V1,2,1,best,A,within_plane,,S1,1400.4,560.7,20.0,23.516,gable,0.0,False,6.484
shallow-50x95,multigenerational.latino,staged_final,V1,2,2,rank_2,A,within_plane,,S1,1365.2,715.6,20.0,23.9218,gable,0.0,False,6.0782
shallow-50x95,multigenerational.latino,staged_final,V2,2,1,best,A,within_plane,,S1,1653.9,426.9,20.0,23.3341,gable,0.0,False,6.6659
shallow-50x95,multigenerational.anglo,minimum,V0,1,1,best,A,within_plane,,,1523.7,0.0,10.0,16.0458,gable,0.0,False,13.9542
shallow-50x95,multigenerational.anglo,minimum,V1,2,2,rank_2,A,within_plane,,S1,1193.7,450.1,20.0,22.9084,gable,0.0,False,7.0916
shallow-50x95,multigenerational.anglo,optimum,V0,1,2,rank_2,A,within_plane,,,2001.0,0.0,10.0,16.9993,eave,0.0,False,13.0007
shallow-50x95,multigenerational.anglo,optimum,V1,2,1,best,A,within_plane,,S1,1496.2,624.8,20.0,23.8364,gable,0.0,False,6.1636
shallow-50x95,multigenerational.anglo,maximum,V1,2,1,best,A,within_plane,,S1,1818.1,992.9,20.0,25.1725,eave,0.0,False,4.8275
shallow-50x95,multigenerational.anglo,maximum,V2,2,2,rank_2,A,within_plane,,S1,2332.4,478.6,20.0,23.1706,eave,0.0,False,6.8294
shallow-50x95,multigenerational.anglo,accessible,V0,1,2,rank_2,A,within_plane,,,2030.9,0.0,10.0,16.9993,eave,0.0,False,13.0007
shallow-50x95,multigenerational.anglo,accessible,V1,2,1,best,A,within_plane,,S1,1526.4,624.5,20.0,23.874,gable,0.0,False,6.126
shallow-50x95,multigenerational.anglo,staged_final,V1,2,2,rank_2,A,plane_governs,131.0444 angled plane,S1,1491.7,778.8,20.0,24.2767,gable,0.2767,False,5.7233
shallow-50x95,multigenerational.anglo,staged_final,V2,2,1,best,A,within_plane,,S1,1845.1,425.4,20.0,23.3608,eave,0.0,False,6.6392
shallow-50x95,empty_nest.none,minimum,V0,1,1,best,A,within_plane,,,1155.8,0.0,10.0,14.586,gable,0.0,False,15.414
shallow-50x95,empty_nest.none,minimum,V1,2,2,rank_2,A,within_plane,,S1,998.3,277.5,20.0,22.0884,gable,0.0,False,7.9116
shallow-50x95,empty_nest.none,optimum,V0,1,1,best,A,within_plane,,,1431.8,0.0,10.0,15.6812,gable,0.0,False,14.3188
shallow-50x95,empty_nest.none,maximum,V0,1,1,best,A,within_plane,,,2133.2,0.0,10.0,16.9993,eave,0.0,False,13.0007
shallow-50x95,empty_nest.none,maximum,V1,2,2,rank_2,A,within_plane,,S1,1981.7,271.5,20.0,22.5907,eave,0.0,False,7.4093
shallow-50x95,empty_nest.none,accessible,V0,1,1,best,A,within_plane,,,1461.6,0.0,10.0,15.7994,gable,0.0,False,14.2006
shallow-50x95,empty_nest.none,staged_final,V0,1,1,best,A,within_plane,,,1431.8,0.0,10.0,15.6812,gable,0.0,False,14.3188
shallow-50x95,empty_nest.latino,minimum,V0,1,1,best,A,within_plane,,,1155.8,0.0,10.0,14.586,gable,0.0,False,15.414
shallow-50x95,empty_nest.latino,minimum,V1,2,2,rank_2,A,within_plane,,S1,998.3,277.5,20.0,22.0884,gable,0.0,False,7.9116
shallow-50x95,empty_nest.latino,optimum,V0,1,1,best,A,within_plane,,,1431.8,0.0,10.0,15.6812,gable,0.0,False,14.3188
shallow-50x95,empty_nest.latino,maximum,V0,1,1,best,A,within_plane,,,2185.0,0.0,10.0,16.9993,eave,0.0,False,13.0007
shallow-50x95,empty_nest.latino,maximum,V1,2,2,rank_2,A,within_plane,,S1,2033.7,271.3,20.0,22.5564,eave,0.0,False,7.4436
shallow-50x95,empty_nest.latino,accessible,V0,1,1,best,A,within_plane,,,1461.6,0.0,10.0,15.7994,gable,0.0,False,14.2006
shallow-50x95,empty_nest.latino,staged_final,V0,1,1,best,A,within_plane,,,1431.8,0.0,10.0,15.6812,gable,0.0,False,14.3188
shallow-50x95,empty_nest.anglo,minimum,V0,1,1,best,A,within_plane,,,1155.8,0.0,10.0,14.586,gable,0.0,False,15.414
shallow-50x95,empty_nest.anglo,minimum,V1,2,2,rank_2,A,within_plane,,S1,979.6,296.1,20.0,22.137,gable,0.0,False,7.863
shallow-50x95,empty_nest.anglo,optimum,V0,1,1,best,A,within_plane,,,1558.2,0.0,10.0,16.1827,gable,0.0,False,13.8173
shallow-50x95,empty_nest.anglo,maximum,V0,1,1,best,A,within_plane,,,2277.0,0.0,10.0,16.9993,eave,0.0,False,13.0007
shallow-50x95,empty_nest.anglo,maximum,V1,2,2,rank_2,A,within_plane,,S1,2126.2,270.8,20.0,22.4979,eave,0.0,False,7.5021
shallow-50x95,empty_nest.anglo,accessible,V0,1,1,best,A,within_plane,,,1588.1,0.0,10.0,16.3014,gable,0.0,False,13.6986
shallow-50x95,empty_nest.anglo,staged_final,V0,1,1,best,A,within_plane,,,1558.2,0.0,10.0,16.1827,gable,0.0,False,13.8173
shallow-50x95,remote_work.none,minimum,V0,1,1,best,A,within_plane,,,1282.2,0.0,10.0,15.0876,gable,0.0,False,14.9124
shallow-50x95,remote_work.none,minimum,V1,2,2,rank_2,A,within_plane,,S1,990.9,411.4,20.0,22.5334,gable,0.0,False,7.4666
shallow-50x95,remote_work.none,optimum,V0,1,2,rank_2,A,within_plane,,,1656.0,0.0,10.0,16.5708,gable,0.0,False,13.4292
shallow-50x95,remote_work.none,optimum,V2,2,1,best,A,within_plane,,S1,1394.5,381.5,20.0,22.8941,gable,0.0,False,7.1059
shallow-50x95,remote_work.none,maximum,V2,2,1,best,A,plane_governs,131.0444 angled plane,S1,1743.1,584.9,20.0,24.0064,gable,0.0064,False,5.9936
shallow-50x95,remote_work.none,maximum,V4,2,2,rank_2,A,within_plane,,S1,1809.5,518.5,20.0,23.7467,eave,0.0,False,6.2533
shallow-50x95,remote_work.none,accessible,V0,1,1,best,A,within_plane,,,1685.9,0.0,10.0,16.6894,gable,0.0,False,13.3106
shallow-50x95,remote_work.none,accessible,V1,2,2,rank_2,A,within_plane,,S1,1479.3,326.6,20.0,22.758,gable,0.0,False,7.242
shallow-50x95,remote_work.none,staged_final,V0,1,2,rank_2,A,within_plane,,,1656.0,0.0,10.0,16.5708,gable,0.0,False,13.4292
shallow-50x95,remote_work.none,staged_final,V2,2,1,best,A,within_plane,,S1,1394.5,381.5,20.0,22.8941,gable,0.0,False,7.1059
shallow-50x95,remote_work.latino,minimum,V0,1,1,best,A,within_plane,,,1282.2,0.0,10.0,15.0876,gable,0.0,False,14.9124
shallow-50x95,remote_work.latino,minimum,V1,2,2,rank_2,A,within_plane,,S1,990.9,411.4,20.0,22.5334,gable,0.0,False,7.4666
shallow-50x95,remote_work.latino,optimum,V0,1,2,rank_2,A,within_plane,,,1656.0,0.0,10.0,16.5708,gable,0.0,False,13.4292
shallow-50x95,remote_work.latino,optimum,V2,2,1,best,A,within_plane,,S1,1394.5,381.5,20.0,22.8941,gable,0.0,False,7.1059
shallow-50x95,remote_work.latino,maximum,V2,2,1,best,A,within_plane,,S1,1969.8,582.5,20.0,23.8062,eave,0.0,False,6.1938
shallow-50x95,remote_work.latino,maximum,V4,2,2,rank_2,A,within_plane,,S1,2035.8,516.4,20.0,23.5252,eave,0.0,False,6.4748
shallow-50x95,remote_work.latino,accessible,V0,1,1,best,A,within_plane,,,1685.9,0.0,10.0,16.6894,gable,0.0,False,13.3106
shallow-50x95,remote_work.latino,accessible,V1,2,2,rank_2,A,within_plane,,S1,1479.3,326.6,20.0,22.758,gable,0.0,False,7.242
shallow-50x95,remote_work.latino,staged_final,V0,1,2,rank_2,A,within_plane,,,1656.0,0.0,10.0,16.5708,gable,0.0,False,13.4292
shallow-50x95,remote_work.latino,staged_final,V2,2,1,best,A,within_plane,,S1,1394.5,381.5,20.0,22.8941,gable,0.0,False,7.1059
shallow-50x95,remote_work.anglo,minimum,V0,1,1,best,A,within_plane,,,1282.2,0.0,10.0,15.0876,gable,0.0,False,14.9124
shallow-50x95,remote_work.anglo,minimum,V1,2,2,rank_2,A,within_plane,,S1,972.4,429.9,20.0,22.5654,gable,0.0,False,7.4346
shallow-50x95,remote_work.anglo,optimum,V0,1,2,rank_2,A,within_plane,,,1736.5,0.0,10.0,16.8902,gable,0.0,False,13.1098
shallow-50x95,remote_work.anglo,optimum,V2,2,1,best,A,within_plane,,S1,1475.8,380.7,20.0,22.9741,gable,0.0,False,7.0259
shallow-50x95,remote_work.anglo,maximum,V1,2,2,rank_2,A,plane_governs,131.0444 angled plane,S1,1324.0,1113.3,20.0,24.8173,gable,0.8173,False,5.1827
shallow-50x95,remote_work.anglo,maximum,V2,2,1,best,A,within_plane,,S1,1853.6,583.6,20.0,23.9274,eave,0.0,False,6.0726
shallow-50x95,remote_work.anglo,accessible,V0,1,1,best,A,within_plane,,,1766.4,0.0,10.0,16.9993,eave,0.0,False,13.0007
shallow-50x95,remote_work.anglo,accessible,V1,2,2,rank_2,A,within_plane,,S1,1560.4,326.0,20.0,22.83,gable,0.0,False,7.17
shallow-50x95,remote_work.anglo,staged_final,V0,1,2,rank_2,A,within_plane,,,1736.5,0.0,10.0,16.8902,gable,0.0,False,13.1098
shallow-50x95,remote_work.anglo,staged_final,V2,2,1,best,A,within_plane,,S1,1475.8,380.7,20.0,22.9741,gable,0.0,False,7.0259
shallow-50x95,shared_adults.none,minimum,V0,1,2,rank_2,A,within_plane,,,1506.5,0.0,10.0,15.9776,gable,0.0,False,14.0224
shallow-50x95,shared_adults.none,minimum,V1,2,1,best,A,within_plane,,S1,981.0,645.5,20.0,23.1575,gable,0.0,False,6.8425
shallow-50x95,shared_adults.none,optimum,V0,1,2,rank_2,A,within_plane,,,1736.5,0.0,10.0,16.8902,gable,0.0,False,13.1098
shallow-50x95,shared_adults.none,optimum,V1,2,1,best,A,within_plane,,S1,1161.2,695.3,20.0,23.5653,gable,0.0,False,6.4347
shallow-50x95,shared_adults.none,maximum,V0,1,2,rank_2,A,within_plane,,,2420.8,0.0,10.0,16.9993,eave,0.0,False,13.0007
shallow-50x95,shared_adults.none,maximum,V1,2,1,best,A,plane_governs,131.0444 angled plane,S1,1597.7,943.0,20.0,24.8703,gable,0.8703,False,5.1297
shallow-50x95,shared_adults.none,accessible,V0,1,2,rank_2,A,within_plane,,,1766.4,0.0,10.0,16.9993,eave,0.0,False,13.0007
shallow-50x95,shared_adults.none,accessible,V1,2,1,best,A,within_plane,,S1,1403.2,483.2,20.0,23.2672,gable,0.0,False,6.7328
shallow-50x95,shared_adults.none,staged_final,V0,1,2,rank_2,A,within_plane,,,1736.5,0.0,10.0,16.8902,gable,0.0,False,13.1098
shallow-50x95,shared_adults.none,staged_final,V1,2,1,best,A,within_plane,,S1,1161.2,695.3,20.0,23.5653,gable,0.0,False,6.4347
shallow-50x95,shared_adults.latino,minimum,V0,1,2,rank_2,A,within_plane,,,1506.5,0.0,10.0,15.9776,gable,0.0,False,14.0224
shallow-50x95,shared_adults.latino,minimum,V1,2,1,best,A,within_plane,,S1,981.0,645.5,20.0,23.1575,gable,0.0,False,6.8425
shallow-50x95,shared_adults.latino,optimum,V0,1,2,rank_2,A,within_plane,,,1736.5,0.0,10.0,16.8902,gable,0.0,False,13.1098
shallow-50x95,shared_adults.latino,optimum,V1,2,1,best,A,within_plane,,S1,1161.2,695.3,20.0,23.5653,gable,0.0,False,6.4347
shallow-50x95,shared_adults.latino,maximum,V0,1,2,rank_2,A,within_plane,,,2472.5,0.0,10.0,16.9993,eave,0.0,False,13.0007
shallow-50x95,shared_adults.latino,maximum,V1,2,1,best,A,plane_governs,131.0444 angled plane,S1,1650.3,942.2,20.0,24.9478,gable,0.9478,False,5.0522
shallow-50x95,shared_adults.latino,accessible,V0,1,2,rank_2,A,within_plane,,,1766.4,0.0,10.0,16.9993,eave,0.0,False,13.0007
shallow-50x95,shared_adults.latino,accessible,V1,2,1,best,A,within_plane,,S1,1403.2,483.2,20.0,23.2672,gable,0.0,False,6.7328
shallow-50x95,shared_adults.latino,staged_final,V0,1,2,rank_2,A,within_plane,,,1736.5,0.0,10.0,16.8902,gable,0.0,False,13.1098
shallow-50x95,shared_adults.latino,staged_final,V1,2,1,best,A,within_plane,,S1,1161.2,695.3,20.0,23.5653,gable,0.0,False,6.4347
shallow-50x95,shared_adults.anglo,minimum,V0,1,2,rank_2,A,within_plane,,,1506.5,0.0,10.0,15.9776,gable,0.0,False,14.0224
shallow-50x95,shared_adults.anglo,minimum,V1,2,1,best,A,within_plane,,S1,962.7,663.8,20.0,23.1719,gable,0.0,False,6.8281
shallow-50x95,shared_adults.anglo,optimum,V0,1,2,rank_2,A,within_plane,,,1863.0,0.0,10.0,16.9993,eave,0.0,False,13.0007
shallow-50x95,shared_adults.anglo,optimum,V1,2,1,best,A,within_plane,,S1,1223.6,759.4,20.0,23.8248,gable,0.0,False,6.1752
shallow-50x95,shared_adults.anglo,maximum,V0,1,2,rank_2,A,within_plane,,,2472.5,0.0,10.0,16.9993,eave,0.0,False,13.0007
shallow-50x95,shared_adults.anglo,maximum,V1,2,1,best,A,plane_governs,131.0444 angled plane,S1,1566.3,1026.2,20.0,25.0305,gable,1.0305,False,4.9695
shallow-50x95,shared_adults.anglo,accessible,V0,1,2,rank_2,A,within_plane,,,1892.9,0.0,10.0,16.9993,eave,0.0,False,13.0007
shallow-50x95,shared_adults.anglo,accessible,V1,2,1,best,A,within_plane,,S1,1464.9,548.0,20.0,23.5551,gable,0.0,False,6.4449
shallow-50x95,shared_adults.anglo,staged_final,V0,1,2,rank_2,A,within_plane,,,1863.0,0.0,10.0,16.9993,eave,0.0,False,13.0007
shallow-50x95,shared_adults.anglo,staged_final,V1,2,1,best,A,within_plane,,S1,1223.6,759.4,20.0,23.8248,gable,0.0,False,6.1752
narrow-40x125,young_couple.none,minimum,V0,1,1,best,A,within_plane,,,1282.2,0.0,10.0,15.5994,eave,0.0,False,14.4006
narrow-40x125,young_couple.none,minimum,V1,2,2,rank_2,A,within_plane,,S1,990.9,411.4,20.0,23.1667,gable,0.0,False,6.8333
narrow-40x125,young_couple.none,optimum,V0,1,1,best,A,within_plane,,,1604.2,0.0,10.0,15.5994,eave,0.0,False,14.4006
narrow-40x125,young_couple.none,optimum,V1,2,2,rank_2,A,within_plane,,S1,1184.2,540.1,20.0,23.7815,eave,0.0,False,6.2185
narrow-40x125,young_couple.none,maximum,V2,2,1,best,A,within_plane,,S1,2027.5,427.0,20.0,22.5697,eave,0.0,False,7.4303
narrow-40x125,young_couple.none,maximum,V4,2,2,rank_2,A,within_plane,,S1,2093.7,360.8,20.0,22.3245,eave,0.0,False,7.6755
narrow-40x125,young_couple.none,accessible,V0,1,1,best,A,within_plane,,,1634.1,0.0,10.0,15.5994,eave,0.0,False,14.4006
narrow-40x125,young_couple.none,accessible,V1,2,2,rank_2,A,within_plane,,S1,1560.6,193.5,20.0,21.9717,eave,0.0,False,8.0283
narrow-40x125,young_couple.none,staged_final,V0,1,2,rank_2,A,within_plane,,,1782.5,0.0,10.0,15.5994,eave,0.0,False,14.4006
narrow-40x125,young_couple.none,staged_final,V2,2,1,best,A,within_plane,,S1,1498.1,404.4,20.0,22.9092,eave,0.0,False,7.0908
narrow-40x125,young_couple.latino,minimum,V0,1,1,best,A,within_plane,,,1282.2,0.0,10.0,15.5994,eave,0.0,False,14.4006
narrow-40x125,young_couple.latino,minimum,V1,2,2,rank_2,A,within_plane,,S1,990.9,411.4,20.0,23.1667,gable,0.0,False,6.8333
narrow-40x125,young_couple.latino,optimum,V0,1,1,best,A,within_plane,,,1604.2,0.0,10.0,15.5994,eave,0.0,False,14.4006
narrow-40x125,young_couple.latino,optimum,V1,2,2,rank_2,A,within_plane,,S1,1184.2,540.1,20.0,23.7815,eave,0.0,False,6.2185
narrow-40x125,young_couple.latino,maximum,V2,2,1,best,A,within_plane,,S1,2079.6,426.7,20.0,22.5364,eave,0.0,False,7.4636
narrow-40x125,young_couple.latino,maximum,V4,2,2,rank_2,A,within_plane,,S1,2145.7,360.5,20.0,22.2952,eave,0.0,False,7.7048
narrow-40x125,young_couple.latino,accessible,V0,1,1,best,A,within_plane,,,1634.1,0.0,10.0,15.5994,eave,0.0,False,14.4006
narrow-40x125,young_couple.latino,accessible,V1,2,2,rank_2,A,within_plane,,S1,1560.6,193.5,20.0,21.9717,eave,0.0,False,8.0283
narrow-40x125,young_couple.latino,staged_final,V0,1,2,rank_2,A,within_plane,,,1782.5,0.0,10.0,15.5994,eave,0.0,False,14.4006
narrow-40x125,young_couple.latino,staged_final,V2,2,1,best,A,within_plane,,S1,1498.1,404.4,20.0,22.9092,eave,0.0,False,7.0908
narrow-40x125,young_couple.anglo,minimum,V0,1,1,best,A,within_plane,,,1282.2,0.0,10.0,15.5994,eave,0.0,False,14.4006
narrow-40x125,young_couple.anglo,minimum,V1,2,2,rank_2,A,within_plane,,S1,972.4,429.9,20.0,23.2068,gable,0.0,False,6.7932
narrow-40x125,young_couple.anglo,optimum,V0,1,1,best,A,within_plane,,,1684.7,0.0,10.0,15.5994,eave,0.0,False,14.4006
narrow-40x125,young_couple.anglo,optimum,V1,2,2,rank_2,A,within_plane,,S1,1247.8,556.9,20.0,23.7408,eave,0.0,False,6.2592
narrow-40x125,young_couple.anglo,maximum,V1,2,2,rank_2,A,within_plane,,S1,1591.6,954.9,20.0,24.3372,eave,0.0,False,5.6628
narrow-40x125,young_couple.anglo,maximum,V2,2,1,best,A,within_plane,,S1,2120.1,426.4,20.0,22.5112,eave,0.0,False,7.4888
narrow-40x125,young_couple.anglo,accessible,V0,1,1,best,A,within_plane,,,1714.6,0.0,10.0,15.5994,eave,0.0,False,14.4006
narrow-40x125,young_couple.anglo,accessible,V1,2,2,rank_2,A,within_plane,,S1,1641.4,193.2,20.0,21.9211,eave,0.0,False,8.0789
narrow-40x125,young_couple.anglo,staged_final,V0,1,2,rank_2,A,within_plane,,,1782.5,0.0,10.0,15.5994,eave,0.0,False,14.4006
narrow-40x125,young_couple.anglo,staged_final,V2,2,1,best,A,within_plane,,S1,1498.1,404.4,20.0,22.9092,eave,0.0,False,7.0908
narrow-40x125,early_childhood.none,minimum,V0,1,1,best,A,within_plane,,,1305.2,0.0,10.0,15.5994,eave,0.0,False,14.4006
narrow-40x125,early_childhood.none,minimum,V1,2,2,rank_2,A,within_plane,,S1,989.7,435.6,20.0,23.2566,gable,0.0,False,6.7434
narrow-40x125,early_childhood.none,optimum,V0,1,1,best,A,within_plane,,,1610.0,0.0,10.0,15.5994,eave,0.0,False,14.4006
narrow-40x125,early_childhood.none,optimum,V1,2,2,rank_2,A,within_plane,,S1,1165.7,564.3,20.0,23.8959,eave,0.0,False,6.1041
narrow-40x125,early_childhood.none,maximum,V0,1,2,rank_2,A,within_plane,,,2829.0,0.0,10.0,15.5994,eave,0.0,False,14.4006
narrow-40x125,early_childhood.none,maximum,V1,2,1,best,A,within_plane,,S1,1999.7,949.3,20.0,23.858,eave,0.0,False,6.142
narrow-40x125,early_childhood.none,accessible,V0,1,1,best,A,within_plane,,,1639.9,0.0,10.0,15.5994,eave,0.0,False,14.4006
narrow-40x125,early_childhood.none,accessible,V1,2,2,rank_2,A,within_plane,,S1,1542.1,217.8,20.0,22.1043,eave,0.0,False,7.8957
narrow-40x125,early_childhood.none,staged_final,V0,1,1,best,A,within_plane,,,1656.0,0.0,10.0,15.5994,eave,0.0,False,14.4006
narrow-40x125,early_childhood.none,staged_final,V1,2,2,rank_2,A,within_plane,,S1,1212.5,563.5,20.0,23.8173,eave,0.0,False,6.1827
narrow-40x125,early_childhood.latino,minimum,V0,1,1,best,A,within_plane,,,1305.2,0.0,10.0,15.5994,eave,0.0,False,14.4006
narrow-40x125,early_childhood.latino,minimum,V1,2,2,rank_2,A,within_plane,,S1,989.7,435.6,20.0,23.2566,gable,0.0,False,6.7434
narrow-40x125,early_childhood.latino,optimum,V0,1,1,best,A,within_plane,,,1610.0,0.0,10.0,15.5994,eave,0.0,False,14.4006
narrow-40x125,early_childhood.latino,optimum,V1,2,2,rank_2,A,within_plane,,S1,1165.7,564.3,20.0,23.8959,eave,0.0,False,6.1041
narrow-40x125,early_childhood.latino,maximum,V0,1,2,rank_2,A,within_plane,,,2880.8,0.0,10.0,15.5994,eave,0.0,False,14.4006
narrow-40x125,early_childhood.latino,maximum,V1,2,1,best,A,within_plane,,S1,1702.5,953.2,20.0,24.1898,eave,0.0,False,5.8102
narrow-40x125,early_childhood.latino,accessible,V0,1,1,best,A,within_plane,,,1639.9,0.0,10.0,15.5994,eave,0.0,False,14.4006
narrow-40x125,early_childhood.latino,accessible,V1,2,2,rank_2,A,within_plane,,S1,1542.1,217.8,20.0,22.1043,eave,0.0,False,7.8957
narrow-40x125,early_childhood.latino,staged_final,V0,1,1,best,A,within_plane,,,1610.0,0.0,10.0,15.5994,eave,0.0,False,14.4006
narrow-40x125,early_childhood.latino,staged_final,V1,2,2,rank_2,A,within_plane,,S1,1165.7,564.3,20.0,23.8959,eave,0.0,False,6.1041
narrow-40x125,early_childhood.anglo,minimum,V0,1,1,best,A,within_plane,,,1305.2,0.0,10.0,15.5994,eave,0.0,False,14.4006
narrow-40x125,early_childhood.anglo,minimum,V1,2,2,rank_2,A,within_plane,,S1,971.2,454.0,20.0,23.2934,gable,0.0,False,6.7066
narrow-40x125,early_childhood.anglo,optimum,V0,1,1,best,A,within_plane,,,1736.5,0.0,10.0,15.5994,eave,0.0,False,14.4006
narrow-40x125,early_childhood.anglo,optimum,V1,2,2,rank_2,A,within_plane,,S1,1227.8,628.7,20.0,24.0068,eave,0.0,False,5.9932
narrow-40x125,early_childhood.anglo,maximum,V0,1,2,rank_2,A,within_plane,,,2829.0,0.0,10.0,15.5994,eave,0.0,False,14.4006
narrow-40x125,early_childhood.anglo,maximum,V1,2,1,best,A,within_plane,,S1,1916.2,1032.8,20.0,24.1109,eave,0.0,False,5.8891
narrow-40x125,early_childhood.anglo,accessible,V0,1,1,best,A,within_plane,,,1766.4,0.0,10.0,15.5994,eave,0.0,False,14.4006
narrow-40x125,early_childhood.anglo,accessible,V1,2,2,rank_2,A,within_plane,,S1,1669.2,217.2,20.0,22.0199,eave,0.0,False,7.9801
narrow-40x125,early_childhood.anglo,staged_final,V0,1,1,best,A,within_plane,,,1736.5,0.0,10.0,15.5994,eave,0.0,False,14.4006
narrow-40x125,early_childhood.anglo,staged_final,V1,2,2,rank_2,A,within_plane,,S1,1227.8,628.7,20.0,24.0068,eave,0.0,False,5.9932
narrow-40x125,teens_family.none,minimum,V0,1,2,rank_2,A,within_plane,,,1454.8,0.0,10.0,15.5994,eave,0.0,False,14.4006
narrow-40x125,teens_family.none,minimum,V2,2,1,best,A,within_plane,,S1,1141.9,432.9,20.0,23.4477,eave,0.0,False,6.5523
narrow-40x125,teens_family.none,optimum,V0,1,2,rank_2,A,within_plane,,,1805.5,0.0,10.0,15.5994,eave,0.0,False,14.4006
narrow-40x125,teens_family.none,optimum,V2,2,1,best,A,within_plane,,S1,1497.2,428.3,20.0,22.9949,eave,0.0,False,7.0051
narrow-40x125,teens_family.none,maximum,V1,2,2,rank_2,A,within_plane,,S1,1861.8,1116.0,20.0,24.3352,eave,0.0,False,5.6648
narrow-40x125,teens_family.none,maximum,V2,2,1,best,A,within_plane,,S1,2362.9,614.8,20.0,22.8562,eave,0.0,False,7.1438
narrow-40x125,teens_family.none,accessible,V0,1,2,rank_2,A,within_plane,,,1835.4,0.0,10.0,15.5994,eave,0.0,False,14.4006
narrow-40x125,teens_family.none,accessible,V1,2,1,best,A,within_plane,,S1,1581.7,373.7,20.0,22.7217,eave,0.0,False,7.2783
narrow-40x125,teens_family.none,staged_final,V0,1,2,rank_2,A,within_plane,,,1656.0,0.0,10.0,15.5994,eave,0.0,False,14.4006
narrow-40x125,teens_family.none,staged_final,V2,2,1,best,A,within_plane,,S1,1503.7,272.3,20.0,22.3828,eave,0.0,False,7.6172
narrow-40x125,teens_family.latino,minimum,V0,1,2,rank_2,A,within_plane,,,1454.8,0.0,10.0,15.5994,eave,0.0,False,14.4006
narrow-40x125,teens_family.latino,minimum,V2,2,1,best,A,within_plane,,S1,1141.9,432.9,20.0,23.4477,eave,0.0,False,6.5523
narrow-40x125,teens_family.latino,optimum,V0,1,2,rank_2,A,within_plane,,,1805.5,0.0,10.0,15.5994,eave,0.0,False,14.4006
narrow-40x125,teens_family.latino,optimum,V2,2,1,best,A,within_plane,,S1,1497.2,428.3,20.0,22.9949,eave,0.0,False,7.0051
narrow-40x125,teens_family.latino,maximum,V1,2,2,rank_2,A,within_plane,,S1,1861.8,1116.0,20.0,24.3352,eave,0.0,False,5.6648
narrow-40x125,teens_family.latino,maximum,V2,2,1,best,A,within_plane,,S1,2362.9,614.8,20.0,22.8562,eave,0.0,False,7.1438
narrow-40x125,teens_family.latino,accessible,V0,1,2,rank_2,A,within_plane,,,1835.4,0.0,10.0,15.5994,eave,0.0,False,14.4006
narrow-40x125,teens_family.latino,accessible,V1,2,1,best,A,within_plane,,S1,1581.7,373.7,20.0,22.7217,eave,0.0,False,7.2783
narrow-40x125,teens_family.latino,staged_final,V0,1,2,rank_2,A,within_plane,,,1656.0,0.0,10.0,15.5994,eave,0.0,False,14.4006
narrow-40x125,teens_family.latino,staged_final,V2,2,1,best,A,within_plane,,S1,1503.7,272.3,20.0,22.3828,eave,0.0,False,7.6172
narrow-40x125,teens_family.anglo,minimum,V0,1,2,rank_2,A,within_plane,,,1454.8,0.0,10.0,15.5994,eave,0.0,False,14.4006
narrow-40x125,teens_family.anglo,minimum,V2,2,1,best,A,within_plane,,S1,1123.6,451.2,20.0,23.5315,gable,0.0,False,6.4685
narrow-40x125,teens_family.anglo,optimum,V1,2,2,rank_2,A,within_plane,,S1,1222.9,783.1,20.0,24.4808,eave,0.0,False,5.5192
narrow-40x125,teens_family.anglo,optimum,V2,2,1,best,A,within_plane,,S1,1512.2,493.8,20.0,23.1997,eave,0.0,False,6.8003
narrow-40x125,teens_family.anglo,maximum,V1,2,2,rank_2,A,within_plane,,S1,1714.3,1257.7,20.0,24.7961,eave,0.0,False,5.2039
narrow-40x125,teens_family.anglo,maximum,V2,2,1,best,A,within_plane,,S1,2295.4,676.6,20.0,23.0401,eave,0.0,False,6.9599
narrow-40x125,teens_family.anglo,accessible,V0,1,2,rank_2,A,within_plane,,,1915.9,0.0,10.0,15.5994,eave,0.0,False,14.4006
narrow-40x125,teens_family.anglo,accessible,V1,2,1,best,A,within_plane,,S1,1662.8,373.1,20.0,22.6524,eave,0.0,False,7.3476
narrow-40x125,teens_family.anglo,staged_final,V0,1,2,rank_2,A,within_plane,,,1736.5,0.0,10.0,15.5994,eave,0.0,False,14.4006
narrow-40x125,teens_family.anglo,staged_final,V2,2,1,best,A,within_plane,,S1,1584.7,271.8,20.0,22.319,eave,0.0,False,7.681
narrow-40x125,multigenerational.none,minimum,V0,1,1,best,A,within_plane,,,1523.7,0.0,10.0,15.5994,eave,0.0,False,14.4006
narrow-40x125,multigenerational.none,minimum,V1,2,2,rank_2,A,within_plane,,S1,1212.0,431.8,20.0,23.3422,eave,0.0,False,6.6578
narrow-40x125,multigenerational.none,optimum,V0,1,1,best,A,within_plane,,,1811.2,0.0,10.0,15.5994,eave,0.0,False,14.4006
narrow-40x125,multigenerational.none,optimum,V1,2,2,rank_2,A,within_plane,,S1,1370.1,561.1,20.0,23.5833,eave,0.0,False,6.4167
narrow-40x125,multigenerational.none,maximum,V1,2,1,best,A,within_plane,,S1,2004.6,978.9,20.0,23.9129,eave,0.0,False,6.0871
narrow-40x125,multigenerational.none,maximum,V2,2,2,rank_2,A,within_plane,,S1,2431.4,552.1,20.0,22.6682,eave,0.0,False,7.3318
narrow-40x125,multigenerational.none,accessible,V0,1,1,best,A,within_plane,,,1841.1,0.0,10.0,15.5994,eave,0.0,False,14.4006
narrow-40x125,multigenerational.none,accessible,V1,2,2,rank_2,A,within_plane,,S1,1400.4,560.7,20.0,23.5431,eave,0.0,False,6.4569
narrow-40x125,multigenerational.none,staged_final,V1,2,2,rank_2,A,within_plane,,S1,1365.2,715.6,20.0,24.054,eave,0.0,False,5.946
narrow-40x125,multigenerational.none,staged_final,V2,2,1,best,A,within_plane,,S1,1653.9,426.9,20.0,22.8448,eave,0.0,False,7.1552
narrow-40x125,multigenerational.latino,minimum,V0,1,1,best,A,within_plane,,,1523.7,0.0,10.0,15.5994,eave,0.0,False,14.4006
narrow-40x125,multigenerational.latino,minimum,V1,2,2,rank_2,A,within_plane,,S1,1212.0,431.8,20.0,23.3422,eave,0.0,False,6.6578
narrow-40x125,multigenerational.latino,optimum,V0,1,1,best,A,within_plane,,,1811.2,0.0,10.0,15.5994,eave,0.0,False,14.4006
narrow-40x125,multigenerational.latino,optimum,V1,2,2,rank_2,A,within_plane,,S1,1370.1,561.1,20.0,23.5833,eave,0.0,False,6.4167
narrow-40x125,multigenerational.latino,maximum,V1,2,1,best,A,within_plane,,S1,2004.6,978.9,20.0,23.9129,eave,0.0,False,6.0871
narrow-40x125,multigenerational.latino,maximum,V2,2,2,rank_2,A,within_plane,,S1,2431.4,552.1,20.0,22.6682,eave,0.0,False,7.3318
narrow-40x125,multigenerational.latino,accessible,V0,1,1,best,A,within_plane,,,1841.1,0.0,10.0,15.5994,eave,0.0,False,14.4006
narrow-40x125,multigenerational.latino,accessible,V1,2,2,rank_2,A,within_plane,,S1,1400.4,560.7,20.0,23.5431,eave,0.0,False,6.4569
narrow-40x125,multigenerational.latino,staged_final,V1,2,2,rank_2,A,within_plane,,S1,1365.2,715.6,20.0,24.054,eave,0.0,False,5.946
narrow-40x125,multigenerational.latino,staged_final,V2,2,1,best,A,within_plane,,S1,1653.9,426.9,20.0,22.8448,eave,0.0,False,7.1552
narrow-40x125,multigenerational.anglo,minimum,V0,1,1,best,A,within_plane,,,1523.7,0.0,10.0,15.5994,eave,0.0,False,14.4006
narrow-40x125,multigenerational.anglo,minimum,V1,2,2,rank_2,A,within_plane,,S1,1193.7,450.1,20.0,23.4384,eave,0.0,False,6.5616
narrow-40x125,multigenerational.anglo,optimum,V0,1,1,best,A,within_plane,,,2001.0,0.0,10.0,15.5994,eave,0.0,False,14.4006
narrow-40x125,multigenerational.anglo,optimum,V1,2,2,rank_2,A,within_plane,,S1,1496.2,624.8,20.0,23.6184,eave,0.0,False,6.3816
narrow-40x125,multigenerational.anglo,maximum,V1,2,1,best,A,within_plane,,S1,1815.0,1122.5,20.0,24.4035,eave,0.0,False,5.5965
narrow-40x125,multigenerational.anglo,maximum,V2,2,2,rank_2,A,within_plane,,S1,2328.3,609.2,20.0,22.8642,eave,0.0,False,7.1358
narrow-40x125,multigenerational.anglo,accessible,V0,1,2,rank_2,A,within_plane,,,2030.9,0.0,10.0,15.5994,eave,0.0,False,14.4006
narrow-40x125,multigenerational.anglo,accessible,V1,2,1,best,A,within_plane,,S1,1526.4,624.5,20.0,23.5816,eave,0.0,False,6.4184
narrow-40x125,multigenerational.anglo,staged_final,V1,2,2,rank_2,A,within_plane,,S1,1491.7,778.8,20.0,24.0459,eave,0.0,False,5.9541
narrow-40x125,multigenerational.anglo,staged_final,V2,2,1,best,A,within_plane,,S1,1845.1,425.4,20.0,22.6886,eave,0.0,False,7.3114
narrow-40x125,empty_nest.none,minimum,V0,1,1,best,A,within_plane,,,1155.8,0.0,10.0,15.5994,eave,0.0,False,14.4006
narrow-40x125,empty_nest.none,minimum,V1,2,2,rank_2,A,within_plane,,S1,998.3,277.5,20.0,22.6105,gable,0.0,False,7.3895
narrow-40x125,empty_nest.none,optimum,V0,1,1,best,A,within_plane,,,1431.8,0.0,10.0,15.5994,eave,0.0,False,14.4006
narrow-40x125,empty_nest.none,maximum,V0,1,1,best,A,within_plane,,,2133.2,0.0,10.0,15.5994,eave,0.0,False,14.4006
narrow-40x125,empty_nest.none,maximum,V1,2,2,rank_2,A,within_plane,,S1,1981.7,271.5,20.0,22.0726,eave,0.0,False,7.9274
narrow-40x125,empty_nest.none,accessible,V0,1,1,best,A,within_plane,,,1461.6,0.0,10.0,15.5994,eave,0.0,False,14.4006
narrow-40x125,empty_nest.none,staged_final,V0,1,1,best,A,within_plane,,,1431.8,0.0,10.0,15.5994,eave,0.0,False,14.4006
narrow-40x125,empty_nest.latino,minimum,V0,1,1,best,A,within_plane,,,1155.8,0.0,10.0,15.5994,eave,0.0,False,14.4006
narrow-40x125,empty_nest.latino,minimum,V1,2,2,rank_2,A,within_plane,,S1,998.3,277.5,20.0,22.6105,gable,0.0,False,7.3895
narrow-40x125,empty_nest.latino,optimum,V0,1,1,best,A,within_plane,,,1431.8,0.0,10.0,15.5994,eave,0.0,False,14.4006
narrow-40x125,empty_nest.latino,maximum,V0,1,1,best,A,within_plane,,,2185.0,0.0,10.0,15.5994,eave,0.0,False,14.4006
narrow-40x125,empty_nest.latino,maximum,V1,2,2,rank_2,A,within_plane,,S1,2033.7,271.3,20.0,22.0452,eave,0.0,False,7.9548
narrow-40x125,empty_nest.latino,accessible,V0,1,1,best,A,within_plane,,,1461.6,0.0,10.0,15.5994,eave,0.0,False,14.4006
narrow-40x125,empty_nest.latino,staged_final,V0,1,1,best,A,within_plane,,,1431.8,0.0,10.0,15.5994,eave,0.0,False,14.4006
narrow-40x125,empty_nest.anglo,minimum,V0,1,1,best,A,within_plane,,,1155.8,0.0,10.0,15.5994,eave,0.0,False,14.4006
narrow-40x125,empty_nest.anglo,minimum,V1,2,2,rank_2,A,within_plane,,S1,979.6,296.1,20.0,22.6712,gable,0.0,False,7.3288
narrow-40x125,empty_nest.anglo,optimum,V0,1,1,best,A,within_plane,,,1558.2,0.0,10.0,15.5994,eave,0.0,False,14.4006
narrow-40x125,empty_nest.anglo,maximum,V0,1,1,best,A,within_plane,,,2277.0,0.0,10.0,15.5994,eave,0.0,False,14.4006
narrow-40x125,empty_nest.anglo,maximum,V1,2,2,rank_2,A,within_plane,,S1,2126.2,270.8,20.0,21.9983,eave,0.0,False,8.0017
narrow-40x125,empty_nest.anglo,accessible,V0,1,1,best,A,within_plane,,,1588.1,0.0,10.0,15.5994,eave,0.0,False,14.4006
narrow-40x125,empty_nest.anglo,staged_final,V0,1,1,best,A,within_plane,,,1558.2,0.0,10.0,15.5994,eave,0.0,False,14.4006
narrow-40x125,remote_work.none,minimum,V0,1,1,best,A,within_plane,,,1282.2,0.0,10.0,15.5994,eave,0.0,False,14.4006
narrow-40x125,remote_work.none,minimum,V1,2,2,rank_2,A,within_plane,,S1,990.9,411.4,20.0,23.1667,gable,0.0,False,6.8333
narrow-40x125,remote_work.none,optimum,V0,1,2,rank_2,A,within_plane,,,1656.0,0.0,10.0,15.5994,eave,0.0,False,14.4006
narrow-40x125,remote_work.none,optimum,V2,2,1,best,A,within_plane,,S1,1394.5,381.5,20.0,22.9288,eave,0.0,False,7.0712
narrow-40x125,remote_work.none,maximum,V2,2,1,best,A,within_plane,,S1,1743.1,584.9,20.0,23.2436,eave,0.0,False,6.7564
narrow-40x125,remote_work.none,maximum,V4,2,2,rank_2,A,within_plane,,S1,1809.5,518.5,20.0,22.9974,eave,0.0,False,7.0026
narrow-40x125,remote_work.none,accessible,V0,1,1,best,A,within_plane,,,1685.9,0.0,10.0,15.5994,eave,0.0,False,14.4006
narrow-40x125,remote_work.none,accessible,V1,2,2,rank_2,A,within_plane,,S1,1479.3,326.6,20.0,22.631,eave,0.0,False,7.369
narrow-40x125,remote_work.none,staged_final,V0,1,2,rank_2,A,within_plane,,,1656.0,0.0,10.0,15.5994,eave,0.0,False,14.4006
narrow-40x125,remote_work.none,staged_final,V2,2,1,best,A,within_plane,,S1,1394.5,381.5,20.0,22.9288,eave,0.0,False,7.0712
narrow-40x125,remote_work.latino,minimum,V0,1,1,best,A,within_plane,,,1282.2,0.0,10.0,15.5994,eave,0.0,False,14.4006
narrow-40x125,remote_work.latino,minimum,V1,2,2,rank_2,A,within_plane,,S1,990.9,411.4,20.0,23.1667,gable,0.0,False,6.8333
narrow-40x125,remote_work.latino,optimum,V0,1,2,rank_2,A,within_plane,,,1656.0,0.0,10.0,15.5994,eave,0.0,False,14.4006
narrow-40x125,remote_work.latino,optimum,V2,2,1,best,A,within_plane,,S1,1394.5,381.5,20.0,22.9288,eave,0.0,False,7.0712
narrow-40x125,remote_work.latino,maximum,V2,2,1,best,A,within_plane,,S1,1969.8,582.5,20.0,23.045,eave,0.0,False,6.955
narrow-40x125,remote_work.latino,maximum,V4,2,2,rank_2,A,within_plane,,S1,2035.8,516.4,20.0,22.8201,eave,0.0,False,7.1799
narrow-40x125,remote_work.latino,accessible,V0,1,1,best,A,within_plane,,,1685.9,0.0,10.0,15.5994,eave,0.0,False,14.4006
narrow-40x125,remote_work.latino,accessible,V1,2,2,rank_2,A,within_plane,,S1,1479.3,326.6,20.0,22.631,eave,0.0,False,7.369
narrow-40x125,remote_work.latino,staged_final,V0,1,2,rank_2,A,within_plane,,,1656.0,0.0,10.0,15.5994,eave,0.0,False,14.4006
narrow-40x125,remote_work.latino,staged_final,V2,2,1,best,A,within_plane,,S1,1394.5,381.5,20.0,22.9288,eave,0.0,False,7.0712
narrow-40x125,remote_work.anglo,minimum,V0,1,1,best,A,within_plane,,,1282.2,0.0,10.0,15.5994,eave,0.0,False,14.4006
narrow-40x125,remote_work.anglo,minimum,V1,2,2,rank_2,A,within_plane,,S1,972.4,429.9,20.0,23.2068,gable,0.0,False,6.7932
narrow-40x125,remote_work.anglo,optimum,V0,1,2,rank_2,A,within_plane,,,1736.5,0.0,10.0,15.5994,eave,0.0,False,14.4006
narrow-40x125,remote_work.anglo,optimum,V2,2,1,best,A,within_plane,,S1,1475.8,380.7,20.0,22.844,eave,0.0,False,7.156
narrow-40x125,remote_work.anglo,maximum,V2,2,1,best,A,within_plane,,S1,1853.6,583.6,20.0,23.1419,eave,0.0,False,6.8581
narrow-40x125,remote_work.anglo,maximum,V4,2,2,rank_2,A,within_plane,,S1,1919.8,517.4,20.0,22.9069,eave,0.0,False,7.0931
narrow-40x125,remote_work.anglo,accessible,V0,1,1,best,A,within_plane,,,1766.4,0.0,10.0,15.5994,eave,0.0,False,14.4006
narrow-40x125,remote_work.anglo,accessible,V1,2,2,rank_2,A,within_plane,,S1,1560.4,326.0,20.0,22.5594,eave,0.0,False,7.4406
narrow-40x125,remote_work.anglo,staged_final,V0,1,2,rank_2,A,within_plane,,,1736.5,0.0,10.0,15.5994,eave,0.0,False,14.4006
narrow-40x125,remote_work.anglo,staged_final,V2,2,1,best,A,within_plane,,S1,1475.8,380.7,20.0,22.844,eave,0.0,False,7.156
narrow-40x125,shared_adults.none,minimum,V0,1,2,rank_2,A,within_plane,,,1506.5,0.0,10.0,15.5994,eave,0.0,False,14.4006
narrow-40x125,shared_adults.none,minimum,V1,2,1,best,A,within_plane,,S1,981.0,645.5,20.0,23.9468,gable,0.0,False,6.0532
narrow-40x125,shared_adults.none,optimum,V0,1,2,rank_2,A,within_plane,,,1736.5,0.0,10.0,15.5994,eave,0.0,False,14.4006
narrow-40x125,shared_adults.none,optimum,V1,2,1,best,A,within_plane,,S1,1161.2,695.3,20.0,24.3329,eave,0.0,False,5.6671
narrow-40x125,shared_adults.none,maximum,V0,1,2,rank_2,A,within_plane,,,2420.8,0.0,10.0,15.5994,eave,0.0,False,14.4006
narrow-40x125,shared_adults.none,maximum,V1,2,1,best,A,within_plane,,S1,1597.7,943.0,20.0,24.3018,eave,0.0,False,5.6982
narrow-40x125,shared_adults.none,accessible,V0,1,2,rank_2,A,within_plane,,,1766.4,0.0,10.0,15.5994,eave,0.0,False,14.4006
narrow-40x125,shared_adults.none,accessible,V1,2,1,best,A,within_plane,,S1,1403.2,483.2,20.0,23.2859,eave,0.0,False,6.7141
narrow-40x125,shared_adults.none,staged_final,V0,1,2,rank_2,A,within_plane,,,1736.5,0.0,10.0,15.5994,eave,0.0,False,14.4006
narrow-40x125,shared_adults.none,staged_final,V1,2,1,best,A,within_plane,,S1,1161.2,695.3,20.0,24.3329,eave,0.0,False,5.6671
narrow-40x125,shared_adults.latino,minimum,V0,1,2,rank_2,A,within_plane,,,1506.5,0.0,10.0,15.5994,eave,0.0,False,14.4006
narrow-40x125,shared_adults.latino,minimum,V1,2,1,best,A,within_plane,,S1,981.0,645.5,20.0,23.9468,gable,0.0,False,6.0532
narrow-40x125,shared_adults.latino,optimum,V0,1,2,rank_2,A,within_plane,,,1736.5,0.0,10.0,15.5994,eave,0.0,False,14.4006
narrow-40x125,shared_adults.latino,optimum,V1,2,1,best,A,within_plane,,S1,1161.2,695.3,20.0,24.3329,eave,0.0,False,5.6671
narrow-40x125,shared_adults.latino,maximum,V0,1,2,rank_2,A,within_plane,,,2472.5,0.0,10.0,15.5994,eave,0.0,False,14.4006
narrow-40x125,shared_adults.latino,maximum,V1,2,1,best,A,within_plane,,S1,1650.3,942.2,20.0,24.2309,eave,0.0,False,5.7691
narrow-40x125,shared_adults.latino,accessible,V0,1,2,rank_2,A,within_plane,,,1766.4,0.0,10.0,15.5994,eave,0.0,False,14.4006
narrow-40x125,shared_adults.latino,accessible,V1,2,1,best,A,within_plane,,S1,1403.2,483.2,20.0,23.2859,eave,0.0,False,6.7141
narrow-40x125,shared_adults.latino,staged_final,V0,1,2,rank_2,A,within_plane,,,1736.5,0.0,10.0,15.5994,eave,0.0,False,14.4006
narrow-40x125,shared_adults.latino,staged_final,V1,2,1,best,A,within_plane,,S1,1161.2,695.3,20.0,24.3329,eave,0.0,False,5.6671
narrow-40x125,shared_adults.anglo,minimum,V0,1,2,rank_2,A,within_plane,,,1506.5,0.0,10.0,15.5994,eave,0.0,False,14.4006
narrow-40x125,shared_adults.anglo,minimum,V1,2,1,best,A,within_plane,,S1,962.7,663.8,20.0,23.9649,gable,0.0,False,6.0351
narrow-40x125,shared_adults.anglo,optimum,V0,1,2,rank_2,A,within_plane,,,1863.0,0.0,10.0,15.5994,eave,0.0,False,14.4006
narrow-40x125,shared_adults.anglo,optimum,V1,2,1,best,A,within_plane,,S1,1223.6,759.4,20.0,24.4112,eave,0.0,False,5.5888
narrow-40x125,shared_adults.anglo,maximum,V0,1,2,rank_2,A,within_plane,,,2472.5,0.0,10.0,15.5994,eave,0.0,False,14.4006
narrow-40x125,shared_adults.anglo,maximum,V1,2,1,best,A,within_plane,,S1,1566.3,1026.2,20.0,24.5323,eave,0.0,False,5.4677
narrow-40x125,shared_adults.anglo,accessible,V0,1,2,rank_2,A,within_plane,,,1892.9,0.0,10.0,15.5994,eave,0.0,False,14.4006
narrow-40x125,shared_adults.anglo,accessible,V1,2,1,best,A,within_plane,,S1,1464.9,548.0,20.0,23.4248,eave,0.0,False,6.5752
narrow-40x125,shared_adults.anglo,staged_final,V0,1,2,rank_2,A,within_plane,,,1863.0,0.0,10.0,15.5994,eave,0.0,False,14.4006
narrow-40x125,shared_adults.anglo,staged_final,V1,2,1,best,A,within_plane,,S1,1223.6,759.4,20.0,24.4112,eave,0.0,False,5.5888
hillside-50x100,young_couple.none,minimum,V0,1,1,best,A,within_plane,,,1282.2,0.0,10.0,15.0876,gable,0.0,False,14.9124
hillside-50x100,young_couple.none,minimum,V1,2,2,rank_2,A,within_plane,,S1,990.9,411.4,20.0,22.5334,gable,0.0,False,7.4666
hillside-50x100,young_couple.none,optimum,V0,1,1,best,A,within_plane,,,1604.2,0.0,10.0,16.3652,gable,0.0,False,13.6348
hillside-50x100,young_couple.none,optimum,V1,2,2,rank_2,A,within_plane,,S1,1184.2,540.1,20.0,23.1733,gable,0.0,False,6.8267
hillside-50x100,young_couple.none,maximum,V2,2,1,best,A,within_plane,,S1,2027.5,427.0,20.0,23.2121,eave,0.0,False,6.7879
hillside-50x100,young_couple.none,maximum,V4,2,2,rank_2,A,within_plane,,S1,2093.7,360.8,20.0,22.9056,eave,0.0,False,7.0944
hillside-50x100,young_couple.none,accessible,V0,1,1,best,A,within_plane,,,1634.1,0.0,10.0,16.4839,gable,0.0,False,13.5161
hillside-50x100,young_couple.none,accessible,V5,2,2,rank_2,A,within_plane,,S1,1050.7,703.5,20.0,23.4114,gable,0.0,False,6.5886
hillside-50x100,young_couple.none,staged_final,V0,1,2,rank_2,A,within_plane,,,1782.5,0.0,10.0,16.9993,eave,0.0,False,13.0007
hillside-50x100,young_couple.none,staged_final,V2,2,1,best,A,within_plane,,S1,1498.1,404.4,20.0,23.0884,gable,0.0,False,6.9116
hillside-50x100,young_couple.latino,minimum,V0,1,1,best,A,within_plane,,,1282.2,0.0,10.0,15.0876,gable,0.0,False,14.9124
hillside-50x100,young_couple.latino,minimum,V1,2,2,rank_2,A,within_plane,,S1,990.9,411.4,20.0,22.5334,gable,0.0,False,7.4666
hillside-50x100,young_couple.latino,optimum,V0,1,1,best,A,within_plane,,,1604.2,0.0,10.0,16.3652,gable,0.0,False,13.6348
hillside-50x100,young_couple.latino,optimum,V1,2,2,rank_2,A,within_plane,,S1,1184.2,540.1,20.0,23.1733,gable,0.0,False,6.8267
hillside-50x100,young_couple.latino,maximum,V2,2,1,best,A,within_plane,,S1,2079.6,426.7,20.0,23.1705,eave,0.0,False,6.8295
hillside-50x100,young_couple.latino,maximum,V4,2,2,rank_2,A,within_plane,,S1,2145.7,360.5,20.0,22.8689,eave,0.0,False,7.1311
hillside-50x100,young_couple.latino,accessible,V0,1,1,best,A,within_plane,,,1634.1,0.0,10.0,16.4839,gable,0.0,False,13.5161
hillside-50x100,young_couple.latino,accessible,V5,2,2,rank_2,A,within_plane,,S1,1050.7,703.5,20.0,23.4114,gable,0.0,False,6.5886
hillside-50x100,young_couple.latino,staged_final,V0,1,2,rank_2,A,within_plane,,,1782.5,0.0,10.0,16.9993,eave,0.0,False,13.0007
hillside-50x100,young_couple.latino,staged_final,V2,2,1,best,A,within_plane,,S1,1498.1,404.4,20.0,23.0884,gable,0.0,False,6.9116
hillside-50x100,young_couple.anglo,minimum,V0,1,1,best,A,within_plane,,,1282.2,0.0,10.0,15.0876,gable,0.0,False,14.9124
hillside-50x100,young_couple.anglo,minimum,V1,2,2,rank_2,A,within_plane,,S1,972.4,429.9,20.0,22.5654,gable,0.0,False,7.4346
hillside-50x100,young_couple.anglo,optimum,V0,1,1,best,A,within_plane,,,1684.7,0.0,10.0,16.6846,gable,0.0,False,13.3154
hillside-50x100,young_couple.anglo,optimum,V1,2,2,rank_2,A,within_plane,,S1,1247.8,556.9,20.0,23.3076,gable,0.0,False,6.6924
hillside-50x100,young_couple.anglo,maximum,V1,2,2,rank_2,A,plane_governs,131.0444 angled plane,S1,1591.6,954.9,20.0,24.8916,gable,0.8916,False,5.1084
hillside-50x100,young_couple.anglo,maximum,V2,2,1,best,A,within_plane,,S1,2120.1,426.4,20.0,23.139,eave,0.0,False,6.861
hillside-50x100,young_couple.anglo,accessible,V0,1,1,best,A,within_plane,,,1714.6,0.0,10.0,16.8033,gable,0.0,False,13.1967
hillside-50x100,young_couple.anglo,accessible,V5,2,2,rank_2,A,within_plane,,S1,1048.1,786.5,20.0,23.6025,gable,0.0,False,6.3975
hillside-50x100,young_couple.anglo,staged_final,V0,1,2,rank_2,A,within_plane,,,1782.5,0.0,10.0,16.9993,eave,0.0,False,13.0007
hillside-50x100,young_couple.anglo,staged_final,V2,2,1,best,A,within_plane,,S1,1498.1,404.4,20.0,23.0884,gable,0.0,False,6.9116
hillside-50x100,early_childhood.none,minimum,V0,1,1,best,A,within_plane,,,1305.2,0.0,10.0,15.1788,gable,0.0,False,14.8212
hillside-50x100,early_childhood.none,minimum,V1,2,2,rank_2,A,within_plane,,S1,989.7,435.6,20.0,22.6053,gable,0.0,False,7.3947
hillside-50x100,early_childhood.none,optimum,V0,1,1,best,A,within_plane,,,1610.0,0.0,10.0,16.3882,gable,0.0,False,13.6118
hillside-50x100,early_childhood.none,optimum,V1,2,2,rank_2,A,within_plane,,S1,1165.7,564.3,20.0,23.2181,gable,0.0,False,6.7819
hillside-50x100,early_childhood.none,maximum,V1,2,1,best,A,within_plane,,S1,1999.7,949.3,20.0,24.8225,eave,0.0,False,5.1775
hillside-50x100,early_childhood.none,maximum,V5,2,2,rank_2,A,plane_governs,131.0444 angled plane,S1,1695.3,1253.7,20.0,25.7846,gable,1.7846,False,4.2154
hillside-50x100,early_childhood.none,accessible,V0,1,1,best,A,within_plane,,,1639.9,0.0,10.0,16.5069,gable,0.0,False,13.4931
hillside-50x100,early_childhood.none,accessible,V5,2,2,rank_2,A,within_plane,,S1,1056.6,703.3,20.0,23.4204,gable,0.0,False,6.5796
hillside-50x100,early_childhood.none,staged_final,V0,1,1,best,A,within_plane,,,1656.0,0.0,10.0,16.5708,gable,0.0,False,13.4292
hillside-50x100,early_childhood.none,staged_final,V1,2,2,rank_2,A,within_plane,,S1,1212.5,563.5,20.0,23.2798,gable,0.0,False,6.7202
hillside-50x100,early_childhood.latino,minimum,V0,1,1,best,A,within_plane,,,1305.2,0.0,10.0,15.1788,gable,0.0,False,14.8212
hillside-50x100,early_childhood.latino,minimum,V1,2,2,rank_2,A,within_plane,,S1,989.7,435.6,20.0,22.6053,gable,0.0,False,7.3947
hillside-50x100,early_childhood.latino,optimum,V0,1,1,best,A,within_plane,,,1610.0,0.0,10.0,16.3882,gable,0.0,False,13.6118
hillside-50x100,early_childhood.latino,optimum,V1,2,2,rank_2,A,within_plane,,S1,1165.7,564.3,20.0,23.2181,gable,0.0,False,6.7819
hillside-50x100,early_childhood.latino,maximum,V1,2,1,best,A,plane_governs,131.0444 angled plane,S1,1702.5,953.2,20.0,25.0547,gable,1.0547,False,4.9453
hillside-50x100,early_childhood.latino,maximum,V5,2,2,rank_2,A,plane_governs,131.0444 angled plane,S1,1702.5,953.2,20.0,25.0547,gable,1.0547,False,4.9453
hillside-50x100,early_childhood.latino,accessible,V0,1,1,best,A,within_plane,,,1639.9,0.0,10.0,16.5069,gable,0.0,False,13.4931
hillside-50x100,early_childhood.latino,accessible,V5,2,2,rank_2,A,within_plane,,S1,1056.6,703.3,20.0,23.4204,gable,0.0,False,6.5796
hillside-50x100,early_childhood.latino,staged_final,V0,1,1,best,A,within_plane,,,1610.0,0.0,10.0,16.3882,gable,0.0,False,13.6118
hillside-50x100,early_childhood.latino,staged_final,V1,2,2,rank_2,A,within_plane,,S1,1165.7,564.3,20.0,23.2181,gable,0.0,False,6.7819
hillside-50x100,early_childhood.anglo,minimum,V0,1,1,best,A,within_plane,,,1305.2,0.0,10.0,15.1788,gable,0.0,False,14.8212
hillside-50x100,early_childhood.anglo,minimum,V1,2,2,rank_2,A,within_plane,,S1,971.2,454.0,20.0,22.6347,gable,0.0,False,7.3653
hillside-50x100,early_childhood.anglo,optimum,V0,1,1,best,A,within_plane,,,1736.5,0.0,10.0,16.8902,gable,0.0,False,13.1098
hillside-50x100,early_childhood.anglo,optimum,V1,2,2,rank_2,A,within_plane,,S1,1227.8,628.7,20.0,23.4861,gable,0.0,False,6.5139
hillside-50x100,early_childhood.anglo,maximum,V1,2,1,best,A,within_plane,,S1,1916.2,1032.8,20.0,25.1386,eave,0.0,False,4.8614
hillside-50x100,early_childhood.anglo,maximum,V5,2,2,rank_2,A,plane_governs,131.0444 angled plane,S1,1695.3,1253.7,20.0,25.7846,gable,1.7846,False,4.2154
hillside-50x100,early_childhood.anglo,accessible,V0,1,1,best,A,within_plane,,,1766.4,0.0,10.0,16.9993,eave,0.0,False,13.0007
hillside-50x100,early_childhood.anglo,accessible,V5,2,2,rank_2,A,within_plane,,S1,1101.0,785.4,20.0,23.6897,gable,0.0,False,6.3103
hillside-50x100,early_childhood.anglo,staged_final,V0,1,1,best,A,within_plane,,,1736.5,0.0,10.0,16.8902,gable,0.0,False,13.1098
hillside-50x100,early_childhood.anglo,staged_final,V1,2,2,rank_2,A,within_plane,,S1,1227.8,628.7,20.0,23.4861,gable,0.0,False,6.5139
hillside-50x100,teens_family.none,minimum,V0,1,2,rank_2,A,within_plane,,,1454.8,0.0,10.0,15.7724,gable,0.0,False,14.2276
hillside-50x100,teens_family.none,minimum,V2,2,1,best,A,within_plane,,S1,1141.9,432.9,20.0,22.7897,gable,0.0,False,7.2103
hillside-50x100,teens_family.none,optimum,V0,1,2,rank_2,A,within_plane,,,1805.5,0.0,10.0,16.9993,eave,0.0,False,13.0007
hillside-50x100,teens_family.none,optimum,V2,2,1,best,A,within_plane,,S1,1497.2,428.3,20.0,23.1774,gable,0.0,False,6.8226
hillside-50x100,teens_family.none,maximum,V1,2,2,rank_2,A,within_plane,,S1,1861.8,1116.0,20.0,25.419,eave,0.0,False,4.581
hillside-50x100,teens_family.none,maximum,V2,2,1,best,A,within_plane,,S1,2362.9,614.8,20.0,23.5703,eave,0.0,False,6.4297
hillside-50x100,teens_family.none,accessible,V0,1,2,rank_2,A,within_plane,,,1835.4,0.0,10.0,16.9993,eave,0.0,False,13.0007
hillside-50x100,teens_family.none,accessible,V1,2,1,best,A,within_plane,,S1,1581.7,373.7,20.0,23.0506,gable,0.0,False,6.9494
hillside-50x100,teens_family.none,staged_final,V0,1,2,rank_2,A,within_plane,,,1656.0,0.0,10.0,16.5708,gable,0.0,False,13.4292
hillside-50x100,teens_family.none,staged_final,V2,2,1,best,A,within_plane,,S1,1503.7,272.3,20.0,22.539,gable,0.0,False,7.461
hillside-50x100,teens_family.latino,minimum,V0,1,2,rank_2,A,within_plane,,,1454.8,0.0,10.0,15.7724,gable,0.0,False,14.2276
hillside-50x100,teens_family.latino,minimum,V2,2,1,best,A,within_plane,,S1,1141.9,432.9,20.0,22.7897,gable,0.0,False,7.2103
hillside-50x100,teens_family.latino,optimum,V0,1,2,rank_2,A,within_plane,,,1805.5,0.0,10.0,16.9993,eave,0.0,False,13.0007
hillside-50x100,teens_family.latino,optimum,V2,2,1,best,A,within_plane,,S1,1497.2,428.3,20.0,23.1774,gable,0.0,False,6.8226
hillside-50x100,teens_family.latino,maximum,V1,2,2,rank_2,A,within_plane,,S1,1861.8,1116.0,20.0,25.419,eave,0.0,False,4.581
hillside-50x100,teens_family.latino,maximum,V2,2,1,best,A,within_plane,,S1,2362.9,614.8,20.0,23.5703,eave,0.0,False,6.4297
hillside-50x100,teens_family.latino,accessible,V0,1,2,rank_2,A,within_plane,,,1835.4,0.0,10.0,16.9993,eave,0.0,False,13.0007
hillside-50x100,teens_family.latino,accessible,V1,2,1,best,A,within_plane,,S1,1581.7,373.7,20.0,23.0506,gable,0.0,False,6.9494
hillside-50x100,teens_family.latino,staged_final,V0,1,2,rank_2,A,within_plane,,,1656.0,0.0,10.0,16.5708,gable,0.0,False,13.4292
hillside-50x100,teens_family.latino,staged_final,V2,2,1,best,A,within_plane,,S1,1503.7,272.3,20.0,22.539,gable,0.0,False,7.461
hillside-50x100,teens_family.anglo,minimum,V0,1,2,rank_2,A,within_plane,,,1454.8,0.0,10.0,15.7724,gable,0.0,False,14.2276
hillside-50x100,teens_family.anglo,minimum,V2,2,1,best,A,within_plane,,S1,1123.6,451.2,20.0,22.8252,gable,0.0,False,7.1748
hillside-50x100,teens_family.anglo,optimum,V1,2,2,rank_2,A,within_plane,,S1,1222.9,783.1,20.0,23.8829,gable,0.0,False,6.1171
hillside-50x100,teens_family.anglo,optimum,V2,2,1,best,A,within_plane,,S1,1512.2,493.8,20.0,23.4288,gable,0.0,False,6.5712
hillside-50x100,teens_family.anglo,maximum,V1,2,2,rank_2,A,plane_governs,131.0444 angled plane,S1,1714.3,1257.7,20.0,25.8262,gable,1.8262,False,4.1738
hillside-50x100,teens_family.anglo,maximum,V2,2,1,best,A,within_plane,,S1,2295.4,676.6,20.0,23.8001,eave,0.0,False,6.1999
hillside-50x100,teens_family.anglo,accessible,V0,1,2,rank_2,A,within_plane,,,1915.9,0.0,10.0,16.9993,eave,0.0,False,13.0007
hillside-50x100,teens_family.anglo,accessible,V1,2,1,best,A,within_plane,,S1,1662.8,373.1,20.0,23.1253,gable,0.0,False,6.8747
hillside-50x100,teens_family.anglo,staged_final,V0,1,2,rank_2,A,within_plane,,,1736.5,0.0,10.0,16.8902,gable,0.0,False,13.1098
hillside-50x100,teens_family.anglo,staged_final,V2,2,1,best,A,within_plane,,S1,1584.7,271.8,20.0,22.6041,gable,0.0,False,7.3959
hillside-50x100,multigenerational.none,minimum,V0,1,1,best,A,within_plane,,,1523.7,0.0,10.0,16.0458,gable,0.0,False,13.9542
hillside-50x100,multigenerational.none,minimum,V1,2,2,rank_2,A,within_plane,,S1,1212.0,431.8,20.0,22.8704,gable,0.0,False,7.1296
hillside-50x100,multigenerational.none,optimum,V0,1,1,best,A,within_plane,,,1811.2,0.0,10.0,16.9993,eave,0.0,False,13.0007
hillside-50x100,multigenerational.none,optimum,V1,2,2,rank_2,A,within_plane,,S1,1370.1,561.1,20.0,23.479,gable,0.0,False,6.521
hillside-50x100,multigenerational.none,maximum,V1,2,1,best,A,within_plane,,S1,2004.6,978.9,20.0,24.8911,eave,0.0,False,5.1089
hillside-50x100,multigenerational.none,maximum,V2,2,2,rank_2,A,within_plane,,S1,2431.4,552.1,20.0,23.3353,eave,0.0,False,6.6647
hillside-50x100,multigenerational.none,accessible,V0,1,1,best,A,within_plane,,,1841.1,0.0,10.0,16.9993,eave,0.0,False,13.0007
hillside-50x100,multigenerational.none,accessible,V1,2,2,rank_2,A,within_plane,,S1,1400.4,560.7,20.0,23.516,gable,0.0,False,6.484
hillside-50x100,multigenerational.none,staged_final,V1,2,2,rank_2,A,within_plane,,S1,1365.2,715.6,20.0,23.9218,gable,0.0,False,6.0782
hillside-50x100,multigenerational.none,staged_final,V2,2,1,best,A,within_plane,,S1,1653.9,426.9,20.0,23.3341,gable,0.0,False,6.6659
hillside-50x100,multigenerational.latino,minimum,V0,1,1,best,A,within_plane,,,1523.7,0.0,10.0,16.0458,gable,0.0,False,13.9542
hillside-50x100,multigenerational.latino,minimum,V1,2,2,rank_2,A,within_plane,,S1,1212.0,431.8,20.0,22.8704,gable,0.0,False,7.1296
hillside-50x100,multigenerational.latino,optimum,V0,1,1,best,A,within_plane,,,1811.2,0.0,10.0,16.9993,eave,0.0,False,13.0007
hillside-50x100,multigenerational.latino,optimum,V1,2,2,rank_2,A,within_plane,,S1,1370.1,561.1,20.0,23.479,gable,0.0,False,6.521
hillside-50x100,multigenerational.latino,maximum,V1,2,1,best,A,within_plane,,S1,2004.6,978.9,20.0,24.8911,eave,0.0,False,5.1089
hillside-50x100,multigenerational.latino,maximum,V2,2,2,rank_2,A,within_plane,,S1,2431.4,552.1,20.0,23.3353,eave,0.0,False,6.6647
hillside-50x100,multigenerational.latino,accessible,V0,1,1,best,A,within_plane,,,1841.1,0.0,10.0,16.9993,eave,0.0,False,13.0007
hillside-50x100,multigenerational.latino,accessible,V1,2,2,rank_2,A,within_plane,,S1,1400.4,560.7,20.0,23.516,gable,0.0,False,6.484
hillside-50x100,multigenerational.latino,staged_final,V1,2,2,rank_2,A,within_plane,,S1,1365.2,715.6,20.0,23.9218,gable,0.0,False,6.0782
hillside-50x100,multigenerational.latino,staged_final,V2,2,1,best,A,within_plane,,S1,1653.9,426.9,20.0,23.3341,gable,0.0,False,6.6659
hillside-50x100,multigenerational.anglo,minimum,V0,1,1,best,A,within_plane,,,1523.7,0.0,10.0,16.0458,gable,0.0,False,13.9542
hillside-50x100,multigenerational.anglo,minimum,V1,2,2,rank_2,A,within_plane,,S1,1193.7,450.1,20.0,22.9084,gable,0.0,False,7.0916
hillside-50x100,multigenerational.anglo,optimum,V0,1,1,best,A,within_plane,,,2001.0,0.0,10.0,16.9993,eave,0.0,False,13.0007
hillside-50x100,multigenerational.anglo,optimum,V1,2,2,rank_2,A,within_plane,,S1,1496.2,624.8,20.0,23.8364,gable,0.0,False,6.1636
hillside-50x100,multigenerational.anglo,maximum,V1,2,1,best,A,within_plane,,S1,1815.0,1122.5,20.0,25.5044,eave,0.0,False,4.4956
hillside-50x100,multigenerational.anglo,maximum,V2,2,2,rank_2,A,within_plane,,S1,2328.3,609.2,20.0,23.5803,eave,0.0,False,6.4197
hillside-50x100,multigenerational.anglo,accessible,V0,1,2,rank_2,A,within_plane,,,2030.9,0.0,10.0,16.9993,eave,0.0,False,13.0007
hillside-50x100,multigenerational.anglo,accessible,V1,2,1,best,A,within_plane,,S1,1526.4,624.5,20.0,23.874,gable,0.0,False,6.126
hillside-50x100,multigenerational.anglo,staged_final,V1,2,2,rank_2,A,plane_governs,131.0444 angled plane,S1,1491.7,778.8,20.0,24.2767,gable,0.2767,False,5.7233
hillside-50x100,multigenerational.anglo,staged_final,V2,2,1,best,A,within_plane,,S1,1845.1,425.4,20.0,23.3608,eave,0.0,False,6.6392
hillside-50x100,empty_nest.none,minimum,V0,1,1,best,A,within_plane,,,1155.8,0.0,10.0,14.586,gable,0.0,False,15.414
hillside-50x100,empty_nest.none,minimum,V1,2,2,rank_2,A,within_plane,,S1,998.3,277.5,20.0,22.0884,gable,0.0,False,7.9116
hillside-50x100,empty_nest.none,optimum,V0,1,1,best,A,within_plane,,,1431.8,0.0,10.0,15.6812,gable,0.0,False,14.3188
hillside-50x100,empty_nest.none,optimum,V5,2,2,rank_2,A,within_plane,,S1,843.2,708.6,20.0,23.0671,gable,0.0,False,6.9329
hillside-50x100,empty_nest.none,maximum,V0,1,1,best,A,within_plane,,,2133.2,0.0,10.0,16.9993,eave,0.0,False,13.0007
hillside-50x100,empty_nest.none,maximum,V1,2,2,rank_2,A,within_plane,,S1,1981.7,271.5,20.0,22.5907,eave,0.0,False,7.4093
hillside-50x100,empty_nest.none,accessible,V0,1,1,best,A,within_plane,,,1461.6,0.0,10.0,15.7994,gable,0.0,False,14.2006
hillside-50x100,empty_nest.none,accessible,V5,2,2,rank_2,A,within_plane,,S1,873.9,707.7,20.0,23.1204,gable,0.0,False,6.8796
hillside-50x100,empty_nest.none,staged_final,V0,1,1,best,A,within_plane,,,1431.8,0.0,10.0,15.6812,gable,0.0,False,14.3188
hillside-50x100,empty_nest.none,staged_final,V5,2,2,rank_2,A,within_plane,,S1,843.2,708.6,20.0,23.0671,gable,0.0,False,6.9329
hillside-50x100,empty_nest.latino,minimum,V0,1,1,best,A,within_plane,,,1155.8,0.0,10.0,14.586,gable,0.0,False,15.414
hillside-50x100,empty_nest.latino,minimum,V1,2,2,rank_2,A,within_plane,,S1,998.3,277.5,20.0,22.0884,gable,0.0,False,7.9116
hillside-50x100,empty_nest.latino,optimum,V0,1,1,best,A,within_plane,,,1431.8,0.0,10.0,15.6812,gable,0.0,False,14.3188
hillside-50x100,empty_nest.latino,optimum,V5,2,2,rank_2,A,within_plane,,S1,843.2,708.6,20.0,23.0671,gable,0.0,False,6.9329
hillside-50x100,empty_nest.latino,maximum,V0,1,1,best,A,within_plane,,,2185.0,0.0,10.0,16.9993,eave,0.0,False,13.0007
hillside-50x100,empty_nest.latino,maximum,V1,2,2,rank_2,A,within_plane,,S1,2033.7,271.3,20.0,22.5564,eave,0.0,False,7.4436
hillside-50x100,empty_nest.latino,accessible,V0,1,1,best,A,within_plane,,,1461.6,0.0,10.0,15.7994,gable,0.0,False,14.2006
hillside-50x100,empty_nest.latino,accessible,V5,2,2,rank_2,A,within_plane,,S1,873.9,707.7,20.0,23.1204,gable,0.0,False,6.8796
hillside-50x100,empty_nest.latino,staged_final,V0,1,1,best,A,within_plane,,,1431.8,0.0,10.0,15.6812,gable,0.0,False,14.3188
hillside-50x100,empty_nest.latino,staged_final,V5,2,2,rank_2,A,within_plane,,S1,843.2,708.6,20.0,23.0671,gable,0.0,False,6.9329
hillside-50x100,empty_nest.anglo,minimum,V0,1,1,best,A,within_plane,,,1155.8,0.0,10.0,14.586,gable,0.0,False,15.414
hillside-50x100,empty_nest.anglo,minimum,V1,2,2,rank_2,A,within_plane,,S1,979.6,296.1,20.0,22.137,gable,0.0,False,7.863
hillside-50x100,empty_nest.anglo,optimum,V0,1,1,best,A,within_plane,,,1558.2,0.0,10.0,16.1827,gable,0.0,False,13.8173
hillside-50x100,empty_nest.anglo,optimum,V5,2,2,rank_2,A,within_plane,,S1,887.8,790.4,20.0,23.3238,gable,0.0,False,6.6762
hillside-50x100,empty_nest.anglo,maximum,V0,1,1,best,A,within_plane,,,2277.0,0.0,10.0,16.9993,eave,0.0,False,13.0007
hillside-50x100,empty_nest.anglo,maximum,V1,2,2,rank_2,A,within_plane,,S1,2126.2,270.8,20.0,22.4979,eave,0.0,False,7.5021
hillside-50x100,empty_nest.anglo,accessible,V0,1,1,best,A,within_plane,,,1588.1,0.0,10.0,16.3014,gable,0.0,False,13.6986
hillside-50x100,empty_nest.anglo,accessible,V5,2,2,rank_2,A,within_plane,,S1,918.5,789.6,20.0,23.3791,gable,0.0,False,6.6209
hillside-50x100,empty_nest.anglo,staged_final,V0,1,1,best,A,within_plane,,,1558.2,0.0,10.0,16.1827,gable,0.0,False,13.8173
hillside-50x100,empty_nest.anglo,staged_final,V5,2,2,rank_2,A,within_plane,,S1,887.8,790.4,20.0,23.3238,gable,0.0,False,6.6762
hillside-50x100,remote_work.none,minimum,V0,1,1,best,A,within_plane,,,1282.2,0.0,10.0,15.0876,gable,0.0,False,14.9124
hillside-50x100,remote_work.none,minimum,V1,2,2,rank_2,A,within_plane,,S1,990.9,411.4,20.0,22.5334,gable,0.0,False,7.4666
hillside-50x100,remote_work.none,optimum,V0,1,2,rank_2,A,within_plane,,,1656.0,0.0,10.0,16.5708,gable,0.0,False,13.4292
hillside-50x100,remote_work.none,optimum,V2,2,1,best,A,within_plane,,S1,1394.5,381.5,20.0,22.8941,gable,0.0,False,7.1059
hillside-50x100,remote_work.none,maximum,V2,2,1,best,A,plane_governs,131.0444 angled plane,S1,1743.1,584.9,20.0,24.0064,gable,0.0064,False,5.9936
hillside-50x100,remote_work.none,maximum,V4,2,2,rank_2,A,within_plane,,S1,1809.5,518.5,20.0,23.7467,eave,0.0,False,6.2533
hillside-50x100,remote_work.none,accessible,V0,1,1,best,A,within_plane,,,1685.9,0.0,10.0,16.6894,gable,0.0,False,13.3106
hillside-50x100,remote_work.none,accessible,V1,2,2,rank_2,A,within_plane,,S1,1479.3,326.6,20.0,22.758,gable,0.0,False,7.242
hillside-50x100,remote_work.none,staged_final,V0,1,2,rank_2,A,within_plane,,,1656.0,0.0,10.0,16.5708,gable,0.0,False,13.4292
hillside-50x100,remote_work.none,staged_final,V2,2,1,best,A,within_plane,,S1,1394.5,381.5,20.0,22.8941,gable,0.0,False,7.1059
hillside-50x100,remote_work.latino,minimum,V0,1,1,best,A,within_plane,,,1282.2,0.0,10.0,15.0876,gable,0.0,False,14.9124
hillside-50x100,remote_work.latino,minimum,V1,2,2,rank_2,A,within_plane,,S1,990.9,411.4,20.0,22.5334,gable,0.0,False,7.4666
hillside-50x100,remote_work.latino,optimum,V0,1,2,rank_2,A,within_plane,,,1656.0,0.0,10.0,16.5708,gable,0.0,False,13.4292
hillside-50x100,remote_work.latino,optimum,V2,2,1,best,A,within_plane,,S1,1394.5,381.5,20.0,22.8941,gable,0.0,False,7.1059
hillside-50x100,remote_work.latino,maximum,V2,2,1,best,A,within_plane,,S1,1969.8,582.5,20.0,23.8062,eave,0.0,False,6.1938
hillside-50x100,remote_work.latino,maximum,V4,2,2,rank_2,A,within_plane,,S1,2035.8,516.4,20.0,23.5252,eave,0.0,False,6.4748
hillside-50x100,remote_work.latino,accessible,V0,1,1,best,A,within_plane,,,1685.9,0.0,10.0,16.6894,gable,0.0,False,13.3106
hillside-50x100,remote_work.latino,accessible,V1,2,2,rank_2,A,within_plane,,S1,1479.3,326.6,20.0,22.758,gable,0.0,False,7.242
hillside-50x100,remote_work.latino,staged_final,V0,1,2,rank_2,A,within_plane,,,1656.0,0.0,10.0,16.5708,gable,0.0,False,13.4292
hillside-50x100,remote_work.latino,staged_final,V2,2,1,best,A,within_plane,,S1,1394.5,381.5,20.0,22.8941,gable,0.0,False,7.1059
hillside-50x100,remote_work.anglo,minimum,V0,1,1,best,A,within_plane,,,1282.2,0.0,10.0,15.0876,gable,0.0,False,14.9124
hillside-50x100,remote_work.anglo,minimum,V1,2,2,rank_2,A,within_plane,,S1,972.4,429.9,20.0,22.5654,gable,0.0,False,7.4346
hillside-50x100,remote_work.anglo,optimum,V0,1,2,rank_2,A,within_plane,,,1736.5,0.0,10.0,16.8902,gable,0.0,False,13.1098
hillside-50x100,remote_work.anglo,optimum,V2,2,1,best,A,within_plane,,S1,1475.8,380.7,20.0,22.9741,gable,0.0,False,7.0259
hillside-50x100,remote_work.anglo,maximum,V2,2,1,best,A,within_plane,,S1,1853.6,583.6,20.0,23.9274,eave,0.0,False,6.0726
hillside-50x100,remote_work.anglo,maximum,V4,2,2,rank_2,A,within_plane,,S1,1919.8,517.4,20.0,23.6336,eave,0.0,False,6.3664
hillside-50x100,remote_work.anglo,accessible,V0,1,1,best,A,within_plane,,,1766.4,0.0,10.0,16.9993,eave,0.0,False,13.0007
hillside-50x100,remote_work.anglo,accessible,V1,2,2,rank_2,A,within_plane,,S1,1560.4,326.0,20.0,22.83,gable,0.0,False,7.17
hillside-50x100,remote_work.anglo,staged_final,V0,1,2,rank_2,A,within_plane,,,1736.5,0.0,10.0,16.8902,gable,0.0,False,13.1098
hillside-50x100,remote_work.anglo,staged_final,V2,2,1,best,A,within_plane,,S1,1475.8,380.7,20.0,22.9741,gable,0.0,False,7.0259
hillside-50x100,shared_adults.none,minimum,V1,2,1,best,A,within_plane,,S1,981.0,645.5,20.0,23.1575,gable,0.0,False,6.8425
hillside-50x100,shared_adults.none,minimum,V5,2,2,rank_2,A,within_plane,,S1,1017.6,608.9,20.0,23.1233,gable,0.0,False,6.8767
hillside-50x100,shared_adults.none,optimum,V1,2,1,best,A,within_plane,,S1,1161.2,695.3,20.0,23.5653,gable,0.0,False,6.4347
hillside-50x100,shared_adults.none,optimum,V5,2,2,rank_2,A,within_plane,,S1,1155.1,701.4,20.0,23.5715,gable,0.0,False,6.4285
hillside-50x100,shared_adults.none,maximum,V1,2,1,best,A,plane_governs,131.0444 angled plane,S1,1597.7,943.0,20.0,24.8703,gable,0.8703,False,5.1297
hillside-50x100,shared_adults.none,maximum,V5,2,2,rank_2,A,plane_governs,131.0444 angled plane,S1,1639.8,901.0,20.0,24.823,gable,0.823,False,5.177
hillside-50x100,shared_adults.none,accessible,V1,2,1,best,A,within_plane,,S1,1403.2,483.2,20.0,23.2672,gable,0.0,False,6.7328
hillside-50x100,shared_adults.none,accessible,V5,2,2,rank_2,A,within_plane,,S1,1185.6,700.8,20.0,23.6168,gable,0.0,False,6.3832
hillside-50x100,shared_adults.none,staged_final,V1,2,1,best,A,within_plane,,S1,1161.2,695.3,20.0,23.5653,gable,0.0,False,6.4347
hillside-50x100,shared_adults.none,staged_final,V5,2,2,rank_2,A,within_plane,,S1,1155.1,701.4,20.0,23.5715,gable,0.0,False,6.4285
hillside-50x100,shared_adults.latino,minimum,V1,2,1,best,A,within_plane,,S1,981.0,645.5,20.0,23.1575,gable,0.0,False,6.8425
hillside-50x100,shared_adults.latino,minimum,V5,2,2,rank_2,A,within_plane,,S1,1017.6,608.9,20.0,23.1233,gable,0.0,False,6.8767
hillside-50x100,shared_adults.latino,optimum,V1,2,1,best,A,within_plane,,S1,1161.2,695.3,20.0,23.5653,gable,0.0,False,6.4347
hillside-50x100,shared_adults.latino,optimum,V5,2,2,rank_2,A,within_plane,,S1,1155.1,701.4,20.0,23.5715,gable,0.0,False,6.4285
hillside-50x100,shared_adults.latino,maximum,V1,2,1,best,A,plane_governs,131.0444 angled plane,S1,1650.3,942.2,20.0,24.9478,gable,0.9478,False,5.0522
hillside-50x100,shared_adults.latino,maximum,V5,2,2,rank_2,A,plane_governs,131.0444 angled plane,S1,1638.3,954.2,20.0,24.961,gable,0.961,False,5.039
hillside-50x100,shared_adults.latino,accessible,V1,2,1,best,A,within_plane,,S1,1403.2,483.2,20.0,23.2672,gable,0.0,False,6.7328
hillside-50x100,shared_adults.latino,accessible,V5,2,2,rank_2,A,within_plane,,S1,1185.6,700.8,20.0,23.6168,gable,0.0,False,6.3832
hillside-50x100,shared_adults.latino,staged_final,V1,2,1,best,A,within_plane,,S1,1161.2,695.3,20.0,23.5653,gable,0.0,False,6.4347
hillside-50x100,shared_adults.latino,staged_final,V5,2,2,rank_2,A,within_plane,,S1,1155.1,701.4,20.0,23.5715,gable,0.0,False,6.4285
hillside-50x100,shared_adults.anglo,minimum,V1,2,1,best,A,within_plane,,S1,962.7,663.8,20.0,23.1719,gable,0.0,False,6.8281
hillside-50x100,shared_adults.anglo,minimum,V5,2,2,rank_2,A,within_plane,,S1,1017.6,608.9,20.0,23.1233,gable,0.0,False,6.8767
hillside-50x100,shared_adults.anglo,optimum,V1,2,1,best,A,within_plane,,S1,1223.6,759.4,20.0,23.8248,gable,0.0,False,6.1752
hillside-50x100,shared_adults.anglo,optimum,V5,2,2,rank_2,A,within_plane,,S1,1199.5,783.5,20.0,23.8466,gable,0.0,False,6.1534
hillside-50x100,shared_adults.anglo,maximum,V1,2,1,best,A,plane_governs,131.0444 angled plane,S1,1566.3,1026.2,20.0,25.0305,gable,1.0305,False,4.9695
hillside-50x100,shared_adults.anglo,maximum,V5,2,2,rank_2,A,plane_governs,131.0444 angled plane,S1,1692.3,900.2,20.0,24.8974,gable,0.8974,False,5.1026
hillside-50x100,shared_adults.anglo,accessible,V1,2,1,best,A,within_plane,,S1,1464.9,548.0,20.0,23.5551,gable,0.0,False,6.4449
hillside-50x100,shared_adults.anglo,accessible,V5,2,2,rank_2,A,within_plane,,S1,1230.0,782.9,20.0,23.8937,gable,0.0,False,6.1063
hillside-50x100,shared_adults.anglo,staged_final,V1,2,1,best,A,within_plane,,S1,1223.6,759.4,20.0,23.8248,gable,0.0,False,6.1752
hillside-50x100,shared_adults.anglo,staged_final,V5,2,2,rank_2,A,within_plane,,S1,1199.5,783.5,20.0,23.8466,gable,0.0,False,6.1534
fan-cul-de-sac-35-80x100,young_couple.none,minimum,V0,1,1,best,A,within_plane,,,1282.2,0.0,10.0,15.4945,eave,0.0,False,14.5055
fan-cul-de-sac-35-80x100,young_couple.none,minimum,V1,2,2,rank_2,A,within_plane,,S1,990.9,411.4,20.0,23.2273,gable,0.0,False,6.7727
fan-cul-de-sac-35-80x100,young_couple.none,optimum,V0,1,1,best,A,within_plane,,,1604.2,0.0,10.0,15.4945,eave,0.0,False,14.5055
fan-cul-de-sac-35-80x100,young_couple.none,optimum,V1,2,2,rank_2,A,within_plane,,S1,1184.2,540.1,20.0,23.7106,eave,0.0,False,6.2894
fan-cul-de-sac-35-80x100,young_couple.none,maximum,V2,2,1,best,A,within_plane,,S1,2027.5,427.0,20.0,22.5215,eave,0.0,False,7.4785
fan-cul-de-sac-35-80x100,young_couple.none,maximum,V4,2,2,rank_2,A,within_plane,,S1,2093.7,360.8,20.0,22.2809,eave,0.0,False,7.7191
fan-cul-de-sac-35-80x100,young_couple.none,accessible,V0,1,1,best,A,within_plane,,,1634.1,0.0,10.0,15.4945,eave,0.0,False,14.5055
fan-cul-de-sac-35-80x100,young_couple.none,accessible,V1,2,2,rank_2,A,within_plane,,S1,1560.6,193.5,20.0,21.9347,eave,0.0,False,8.0653
fan-cul-de-sac-35-80x100,young_couple.none,staged_final,V0,1,2,rank_2,A,within_plane,,,1782.5,0.0,10.0,15.4945,eave,0.0,False,14.5055
fan-cul-de-sac-35-80x100,young_couple.none,staged_final,V2,2,1,best,A,within_plane,,S1,1498.1,404.4,20.0,22.8547,eave,0.0,False,7.1453
fan-cul-de-sac-35-80x100,young_couple.latino,minimum,V0,1,1,best,A,within_plane,,,1282.2,0.0,10.0,15.4945,eave,0.0,False,14.5055
fan-cul-de-sac-35-80x100,young_couple.latino,minimum,V1,2,2,rank_2,A,within_plane,,S1,990.9,411.4,20.0,23.2273,gable,0.0,False,6.7727
fan-cul-de-sac-35-80x100,young_couple.latino,optimum,V0,1,1,best,A,within_plane,,,1604.2,0.0,10.0,15.4945,eave,0.0,False,14.5055
fan-cul-de-sac-35-80x100,young_couple.latino,optimum,V1,2,2,rank_2,A,within_plane,,S1,1184.2,540.1,20.0,23.7106,eave,0.0,False,6.2894
fan-cul-de-sac-35-80x100,young_couple.latino,maximum,V2,2,1,best,A,within_plane,,S1,2079.6,426.7,20.0,22.4888,eave,0.0,False,7.5112
fan-cul-de-sac-35-80x100,young_couple.latino,maximum,V4,2,2,rank_2,A,within_plane,,S1,2145.7,360.5,20.0,22.2521,eave,0.0,False,7.7479
fan-cul-de-sac-35-80x100,young_couple.latino,accessible,V0,1,1,best,A,within_plane,,,1634.1,0.0,10.0,15.4945,eave,0.0,False,14.5055
fan-cul-de-sac-35-80x100,young_couple.latino,accessible,V1,2,2,rank_2,A,within_plane,,S1,1560.6,193.5,20.0,21.9347,eave,0.0,False,8.0653
fan-cul-de-sac-35-80x100,young_couple.latino,staged_final,V0,1,2,rank_2,A,within_plane,,,1782.5,0.0,10.0,15.4945,eave,0.0,False,14.5055
fan-cul-de-sac-35-80x100,young_couple.latino,staged_final,V2,2,1,best,A,within_plane,,S1,1498.1,404.4,20.0,22.8547,eave,0.0,False,7.1453
fan-cul-de-sac-35-80x100,young_couple.anglo,minimum,V0,1,1,best,A,within_plane,,,1282.2,0.0,10.0,15.4945,eave,0.0,False,14.5055
fan-cul-de-sac-35-80x100,young_couple.anglo,minimum,V1,2,2,rank_2,A,within_plane,,S1,972.4,429.9,20.0,23.2681,gable,0.0,False,6.7319
fan-cul-de-sac-35-80x100,young_couple.anglo,optimum,V0,1,1,best,A,within_plane,,,1684.7,0.0,10.0,15.4945,eave,0.0,False,14.5055
fan-cul-de-sac-35-80x100,young_couple.anglo,optimum,V1,2,2,rank_2,A,within_plane,,S1,1247.8,556.9,20.0,23.6706,eave,0.0,False,6.3294
fan-cul-de-sac-35-80x100,young_couple.anglo,maximum,V2,2,1,best,A,within_plane,,S1,2120.1,426.4,20.0,22.4641,eave,0.0,False,7.5359
fan-cul-de-sac-35-80x100,young_couple.anglo,maximum,V4,2,2,rank_2,A,within_plane,,S1,2186.2,360.3,20.0,22.2305,eave,0.0,False,7.7695
fan-cul-de-sac-35-80x100,young_couple.anglo,accessible,V0,1,1,best,A,within_plane,,,1714.6,0.0,10.0,15.4945,eave,0.0,False,14.5055
fan-cul-de-sac-35-80x100,young_couple.anglo,accessible,V1,2,2,rank_2,A,within_plane,,S1,1641.4,193.2,20.0,21.885,eave,0.0,False,8.115
fan-cul-de-sac-35-80x100,young_couple.anglo,staged_final,V0,1,2,rank_2,A,within_plane,,,1782.5,0.0,10.0,15.4945,eave,0.0,False,14.5055
fan-cul-de-sac-35-80x100,young_couple.anglo,staged_final,V2,2,1,best,A,within_plane,,S1,1498.1,404.4,20.0,22.8547,eave,0.0,False,7.1453
fan-cul-de-sac-35-80x100,early_childhood.none,minimum,V0,1,1,best,A,within_plane,,,1305.2,0.0,10.0,15.4945,eave,0.0,False,14.5055
fan-cul-de-sac-35-80x100,early_childhood.none,minimum,V1,2,2,rank_2,A,within_plane,,S1,989.7,435.6,20.0,23.3188,gable,0.0,False,6.6812
fan-cul-de-sac-35-80x100,early_childhood.none,optimum,V0,1,1,best,A,within_plane,,,1610.0,0.0,10.0,15.4945,eave,0.0,False,14.5055
fan-cul-de-sac-35-80x100,early_childhood.none,optimum,V1,2,2,rank_2,A,within_plane,,S1,1165.7,564.3,20.0,23.8228,eave,0.0,False,6.1772
fan-cul-de-sac-35-80x100,early_childhood.none,maximum,V1,2,1,best,A,within_plane,,S1,1999.7,949.3,20.0,23.7857,eave,0.0,False,6.2143
fan-cul-de-sac-35-80x100,early_childhood.none,accessible,V0,1,1,best,A,within_plane,,,1639.9,0.0,10.0,15.4945,eave,0.0,False,14.5055
fan-cul-de-sac-35-80x100,early_childhood.none,accessible,V1,2,2,rank_2,A,within_plane,,S1,1542.1,217.8,20.0,22.0649,eave,0.0,False,7.9351
fan-cul-de-sac-35-80x100,early_childhood.none,staged_final,V0,1,1,best,A,within_plane,,,1656.0,0.0,10.0,15.4945,eave,0.0,False,14.5055
fan-cul-de-sac-35-80x100,early_childhood.none,staged_final,V1,2,2,rank_2,A,within_plane,,S1,1212.5,563.5,20.0,23.7457,eave,0.0,False,6.2543
fan-cul-de-sac-35-80x100,early_childhood.latino,minimum,V0,1,1,best,A,within_plane,,,1305.2,0.0,10.0,15.4945,eave,0.0,False,14.5055
fan-cul-de-sac-35-80x100,early_childhood.latino,minimum,V1,2,2,rank_2,A,within_plane,,S1,989.7,435.6,20.0,23.3188,gable,0.0,False,6.6812
fan-cul-de-sac-35-80x100,early_childhood.latino,optimum,V0,1,1,best,A,within_plane,,,1610.0,0.0,10.0,15.4945,eave,0.0,False,14.5055
fan-cul-de-sac-35-80x100,early_childhood.latino,optimum,V1,2,2,rank_2,A,within_plane,,S1,1165.7,564.3,20.0,23.8228,eave,0.0,False,6.1772
fan-cul-de-sac-35-80x100,early_childhood.latino,maximum,V1,2,1,best,A,within_plane,,S1,2052.1,948.7,20.0,23.7359,eave,0.0,False,6.2641
fan-cul-de-sac-35-80x100,early_childhood.latino,accessible,V0,1,1,best,A,within_plane,,,1639.9,0.0,10.0,15.4945,eave,0.0,False,14.5055
fan-cul-de-sac-35-80x100,early_childhood.latino,accessible,V1,2,2,rank_2,A,within_plane,,S1,1542.1,217.8,20.0,22.0649,eave,0.0,False,7.9351
fan-cul-de-sac-35-80x100,early_childhood.latino,staged_final,V0,1,1,best,A,within_plane,,,1656.0,0.0,10.0,15.4945,eave,0.0,False,14.5055
fan-cul-de-sac-35-80x100,early_childhood.latino,staged_final,V1,2,2,rank_2,A,within_plane,,S1,1212.5,563.5,20.0,23.7457,eave,0.0,False,6.2543
fan-cul-de-sac-35-80x100,early_childhood.anglo,minimum,V0,1,1,best,A,within_plane,,,1305.2,0.0,10.0,15.4945,eave,0.0,False,14.5055
fan-cul-de-sac-35-80x100,early_childhood.anglo,minimum,V1,2,2,rank_2,A,within_plane,,S1,971.2,454.0,20.0,23.3564,gable,0.0,False,6.6436
fan-cul-de-sac-35-80x100,early_childhood.anglo,optimum,V0,1,1,best,A,within_plane,,,1736.5,0.0,10.0,15.4945,eave,0.0,False,14.5055
fan-cul-de-sac-35-80x100,early_childhood.anglo,optimum,V1,2,2,rank_2,A,within_plane,,S1,1227.8,628.7,20.0,23.9317,eave,0.0,False,6.0683
fan-cul-de-sac-35-80x100,early_childhood.anglo,maximum,V1,2,1,best,A,within_plane,,S1,1916.2,1032.8,20.0,24.0338,eave,0.0,False,5.9662
fan-cul-de-sac-35-80x100,early_childhood.anglo,accessible,V0,1,1,best,A,within_plane,,,1766.4,0.0,10.0,15.4945,eave,0.0,False,14.5055
fan-cul-de-sac-35-80x100,early_childhood.anglo,accessible,V1,2,2,rank_2,A,within_plane,,S1,1669.2,217.2,20.0,21.982,eave,0.0,False,8.018
fan-cul-de-sac-35-80x100,early_childhood.anglo,staged_final,V0,1,1,best,A,within_plane,,,1788.2,0.0,10.0,15.4945,eave,0.0,False,14.5055
fan-cul-de-sac-35-80x100,early_childhood.anglo,staged_final,V1,2,2,rank_2,A,within_plane,,S1,1226.0,682.3,20.0,24.0989,eave,0.0,False,5.9011
fan-cul-de-sac-35-80x100,teens_family.none,minimum,V0,1,2,rank_2,A,within_plane,,,1454.8,0.0,10.0,15.4945,eave,0.0,False,14.5055
fan-cul-de-sac-35-80x100,teens_family.none,minimum,V2,2,1,best,A,within_plane,,S1,1141.9,432.9,20.0,23.383,eave,0.0,False,6.617
fan-cul-de-sac-35-80x100,teens_family.none,optimum,V0,1,2,rank_2,A,within_plane,,,1805.5,0.0,10.0,15.4945,eave,0.0,False,14.5055
fan-cul-de-sac-35-80x100,teens_family.none,optimum,V2,2,1,best,A,within_plane,,S1,1497.2,428.3,20.0,22.9387,eave,0.0,False,7.0613
fan-cul-de-sac-35-80x100,teens_family.none,maximum,V1,2,1,best,A,within_plane,,S1,2128.8,1147.9,20.0,24.0347,eave,0.0,False,5.9653
fan-cul-de-sac-35-80x100,teens_family.none,accessible,V0,1,2,rank_2,A,within_plane,,,1835.4,0.0,10.0,15.4945,eave,0.0,False,14.5055
fan-cul-de-sac-35-80x100,teens_family.none,accessible,V1,2,1,best,A,within_plane,,S1,1581.7,373.7,20.0,22.6707,eave,0.0,False,7.3293
fan-cul-de-sac-35-80x100,teens_family.none,staged_final,V0,1,2,rank_2,A,within_plane,,,1656.0,0.0,10.0,15.4945,eave,0.0,False,14.5055
fan-cul-de-sac-35-80x100,teens_family.none,staged_final,V2,2,1,best,A,within_plane,,S1,1503.7,272.3,20.0,22.3381,eave,0.0,False,7.6619
fan-cul-de-sac-35-80x100,teens_family.latino,minimum,V0,1,2,rank_2,A,within_plane,,,1454.8,0.0,10.0,15.4945,eave,0.0,False,14.5055
fan-cul-de-sac-35-80x100,teens_family.latino,minimum,V2,2,1,best,A,within_plane,,S1,1141.9,432.9,20.0,23.383,eave,0.0,False,6.617
fan-cul-de-sac-35-80x100,teens_family.latino,optimum,V0,1,2,rank_2,A,within_plane,,,1805.5,0.0,10.0,15.4945,eave,0.0,False,14.5055
fan-cul-de-sac-35-80x100,teens_family.latino,optimum,V2,2,1,best,A,within_plane,,S1,1497.2,428.3,20.0,22.9387,eave,0.0,False,7.0613
fan-cul-de-sac-35-80x100,teens_family.latino,maximum,V1,2,1,best,A,within_plane,,S1,2187.0,1147.3,20.0,23.9796,eave,0.0,False,6.0204
fan-cul-de-sac-35-80x100,teens_family.latino,accessible,V0,1,2,rank_2,A,within_plane,,,1835.4,0.0,10.0,15.4945,eave,0.0,False,14.5055
fan-cul-de-sac-35-80x100,teens_family.latino,accessible,V1,2,1,best,A,within_plane,,S1,1581.7,373.7,20.0,22.6707,eave,0.0,False,7.3293
fan-cul-de-sac-35-80x100,teens_family.latino,staged_final,V0,1,2,rank_2,A,within_plane,,,1656.0,0.0,10.0,15.4945,eave,0.0,False,14.5055
fan-cul-de-sac-35-80x100,teens_family.latino,staged_final,V2,2,1,best,A,within_plane,,S1,1503.7,272.3,20.0,22.3381,eave,0.0,False,7.6619
fan-cul-de-sac-35-80x100,teens_family.anglo,minimum,V0,1,2,rank_2,A,within_plane,,,1454.8,0.0,10.0,15.4945,eave,0.0,False,14.5055
fan-cul-de-sac-35-80x100,teens_family.anglo,minimum,V2,2,1,best,A,within_plane,,S1,1123.6,451.2,20.0,23.4818,eave,0.0,False,6.5182
fan-cul-de-sac-35-80x100,teens_family.anglo,optimum,V0,1,2,rank_2,A,within_plane,,,1937.7,0.0,10.0,15.4945,eave,0.0,False,14.5055
fan-cul-de-sac-35-80x100,teens_family.anglo,optimum,V2,2,1,best,A,within_plane,,S1,1510.3,547.4,20.0,23.3078,eave,0.0,False,6.6922
fan-cul-de-sac-35-80x100,teens_family.anglo,maximum,V1,2,1,best,A,within_plane,,S1,2044.3,1295.7,20.0,24.3743,eave,0.0,False,5.6257
fan-cul-de-sac-35-80x100,teens_family.anglo,accessible,V0,1,2,rank_2,A,within_plane,,,1967.6,0.0,10.0,15.4945,eave,0.0,False,14.5055
fan-cul-de-sac-35-80x100,teens_family.anglo,accessible,V1,2,1,best,A,within_plane,,S1,1660.8,426.8,20.0,22.7853,eave,0.0,False,7.2147
fan-cul-de-sac-35-80x100,teens_family.anglo,staged_final,V0,1,2,rank_2,A,within_plane,,,1736.5,0.0,10.0,15.4945,eave,0.0,False,14.5055
fan-cul-de-sac-35-80x100,teens_family.anglo,staged_final,V2,2,1,best,A,within_plane,,S1,1584.7,271.8,20.0,22.2755,eave,0.0,False,7.7245
fan-cul-de-sac-35-80x100,multigenerational.none,minimum,V0,1,1,best,A,within_plane,,,1523.7,0.0,10.0,15.4945,eave,0.0,False,14.5055
fan-cul-de-sac-35-80x100,multigenerational.none,minimum,V1,2,2,rank_2,A,within_plane,,S1,1212.0,431.8,20.0,23.2796,eave,0.0,False,6.7204
fan-cul-de-sac-35-80x100,multigenerational.none,optimum,V0,1,1,best,A,within_plane,,,1857.2,0.0,10.0,15.4945,eave,0.0,False,14.5055
fan-cul-de-sac-35-80x100,multigenerational.none,optimum,V1,2,2,rank_2,A,within_plane,,S1,1416.8,560.5,20.0,23.4559,eave,0.0,False,6.5441
fan-cul-de-sac-35-80x100,multigenerational.none,maximum,V1,2,1,best,A,within_plane,,S1,2118.0,1112.8,20.0,23.9826,eave,0.0,False,6.0174
fan-cul-de-sac-35-80x100,multigenerational.none,maximum,V3,2,2,rank_2,A,within_plane,,S1,2248.8,981.9,20.0,23.6306,eave,0.0,False,6.3694
fan-cul-de-sac-35-80x100,multigenerational.none,accessible,V0,1,1,best,A,within_plane,,,1887.1,0.0,10.0,15.4945,eave,0.0,False,14.5055
fan-cul-de-sac-35-80x100,multigenerational.none,accessible,V1,2,2,rank_2,A,within_plane,,S1,1447.0,560.1,20.0,23.4184,eave,0.0,False,6.5816
fan-cul-de-sac-35-80x100,multigenerational.none,staged_final,V0,1,2,rank_2,A,within_plane,,,2006.7,0.0,10.0,15.4945,eave,0.0,False,14.5055
fan-cul-de-sac-35-80x100,multigenerational.none,staged_final,V2,2,1,best,A,within_plane,,S1,1700.2,426.5,20.0,22.7519,eave,0.0,False,7.2481
fan-cul-de-sac-35-80x100,multigenerational.latino,minimum,V0,1,1,best,A,within_plane,,,1523.7,0.0,10.0,15.4945,eave,0.0,False,14.5055
fan-cul-de-sac-35-80x100,multigenerational.latino,minimum,V1,2,2,rank_2,A,within_plane,,S1,1212.0,431.8,20.0,23.2796,eave,0.0,False,6.7204
fan-cul-de-sac-35-80x100,multigenerational.latino,optimum,V0,1,1,best,A,within_plane,,,1811.2,0.0,10.0,15.4945,eave,0.0,False,14.5055
fan-cul-de-sac-35-80x100,multigenerational.latino,optimum,V1,2,2,rank_2,A,within_plane,,S1,1370.1,561.1,20.0,23.5162,eave,0.0,False,6.4838
fan-cul-de-sac-35-80x100,multigenerational.latino,maximum,V1,2,1,best,A,within_plane,,S1,2141.2,1112.5,20.0,23.9605,eave,0.0,False,6.0395
fan-cul-de-sac-35-80x100,multigenerational.latino,maximum,V3,2,2,rank_2,A,within_plane,,S1,2272.1,981.7,20.0,23.6116,eave,0.0,False,6.3884
fan-cul-de-sac-35-80x100,multigenerational.latino,accessible,V0,1,1,best,A,within_plane,,,1841.1,0.0,10.0,15.4945,eave,0.0,False,14.5055
fan-cul-de-sac-35-80x100,multigenerational.latino,accessible,V1,2,2,rank_2,A,within_plane,,S1,1400.4,560.7,20.0,23.4767,eave,0.0,False,6.5233
fan-cul-de-sac-35-80x100,multigenerational.latino,staged_final,V0,1,2,rank_2,A,within_plane,,,2006.7,0.0,10.0,15.4945,eave,0.0,False,14.5055
fan-cul-de-sac-35-80x100,multigenerational.latino,staged_final,V2,2,1,best,A,within_plane,,S1,1700.2,426.5,20.0,22.7519,eave,0.0,False,7.2481
fan-cul-de-sac-35-80x100,multigenerational.anglo,minimum,V0,1,1,best,A,within_plane,,,1523.7,0.0,10.0,15.4945,eave,0.0,False,14.5055
fan-cul-de-sac-35-80x100,multigenerational.anglo,minimum,V1,2,2,rank_2,A,within_plane,,S1,1193.7,450.1,20.0,23.3739,eave,0.0,False,6.6261
fan-cul-de-sac-35-80x100,multigenerational.anglo,optimum,V0,1,1,best,A,within_plane,,,2001.0,0.0,10.0,15.4945,eave,0.0,False,14.5055
fan-cul-de-sac-35-80x100,multigenerational.anglo,optimum,V1,2,2,rank_2,A,within_plane,,S1,1496.2,624.8,20.0,23.5506,eave,0.0,False,6.4494
fan-cul-de-sac-35-80x100,multigenerational.anglo,maximum,V1,2,1,best,A,within_plane,,S1,2114.8,1259.7,20.0,24.2406,eave,0.0,False,5.7594
fan-cul-de-sac-35-80x100,multigenerational.anglo,maximum,V3,2,2,rank_2,A,within_plane,,S1,2245.5,1129.0,20.0,23.896,eave,0.0,False,6.104
fan-cul-de-sac-35-80x100,multigenerational.anglo,accessible,V0,1,1,best,A,within_plane,,,2030.9,0.0,10.0,15.4945,eave,0.0,False,14.5055
fan-cul-de-sac-35-80x100,multigenerational.anglo,accessible,V1,2,2,rank_2,A,within_plane,,S1,1526.4,624.5,20.0,23.5144,eave,0.0,False,6.4856
fan-cul-de-sac-35-80x100,multigenerational.anglo,staged_final,V1,2,2,rank_2,A,within_plane,,S1,1490.3,832.0,20.0,24.1053,eave,0.0,False,5.8947
fan-cul-de-sac-35-80x100,multigenerational.anglo,staged_final,V2,2,1,best,A,within_plane,,S1,1843.3,478.9,20.0,22.8006,eave,0.0,False,7.1994
fan-cul-de-sac-35-80x100,empty_nest.none,minimum,V0,1,1,best,A,within_plane,,,1155.8,0.0,10.0,15.4945,eave,0.0,False,14.5055
fan-cul-de-sac-35-80x100,empty_nest.none,minimum,V1,2,2,rank_2,A,within_plane,,S1,998.3,277.5,20.0,22.6604,gable,0.0,False,7.3396
fan-cul-de-sac-35-80x100,empty_nest.none,optimum,V0,1,1,best,A,within_plane,,,1431.8,0.0,10.0,15.4945,eave,0.0,False,14.5055
fan-cul-de-sac-35-80x100,empty_nest.none,maximum,V0,1,1,best,A,within_plane,,,2133.2,0.0,10.0,15.4945,eave,0.0,False,14.5055
fan-cul-de-sac-35-80x100,empty_nest.none,maximum,V1,2,2,rank_2,A,within_plane,,S1,1981.7,271.5,20.0,22.0337,eave,0.0,False,7.9663
fan-cul-de-sac-35-80x100,empty_nest.none,accessible,V0,1,1,best,A,within_plane,,,1461.6,0.0,10.0,15.4945,eave,0.0,False,14.5055
fan-cul-de-sac-35-80x100,empty_nest.none,staged_final,V0,1,1,best,A,within_plane,,,1431.8,0.0,10.0,15.4945,eave,0.0,False,14.5055
fan-cul-de-sac-35-80x100,empty_nest.latino,minimum,V0,1,1,best,A,within_plane,,,1155.8,0.0,10.0,15.4945,eave,0.0,False,14.5055
fan-cul-de-sac-35-80x100,empty_nest.latino,minimum,V1,2,2,rank_2,A,within_plane,,S1,998.3,277.5,20.0,22.6604,gable,0.0,False,7.3396
fan-cul-de-sac-35-80x100,empty_nest.latino,optimum,V0,1,1,best,A,within_plane,,,1431.8,0.0,10.0,15.4945,eave,0.0,False,14.5055
fan-cul-de-sac-35-80x100,empty_nest.latino,maximum,V0,1,1,best,A,within_plane,,,2185.0,0.0,10.0,15.4945,eave,0.0,False,14.5055
fan-cul-de-sac-35-80x100,empty_nest.latino,maximum,V1,2,2,rank_2,A,within_plane,,S1,2033.7,271.3,20.0,22.0068,eave,0.0,False,7.9932
fan-cul-de-sac-35-80x100,empty_nest.latino,accessible,V0,1,1,best,A,within_plane,,,1461.6,0.0,10.0,15.4945,eave,0.0,False,14.5055
fan-cul-de-sac-35-80x100,empty_nest.latino,staged_final,V0,1,1,best,A,within_plane,,,1431.8,0.0,10.0,15.4945,eave,0.0,False,14.5055
fan-cul-de-sac-35-80x100,empty_nest.anglo,minimum,V0,1,1,best,A,within_plane,,,1155.8,0.0,10.0,15.4945,eave,0.0,False,14.5055
fan-cul-de-sac-35-80x100,empty_nest.anglo,minimum,V1,2,2,rank_2,A,within_plane,,S1,979.6,296.1,20.0,22.7223,gable,0.0,False,7.2777
fan-cul-de-sac-35-80x100,empty_nest.anglo,optimum,V0,1,1,best,A,within_plane,,,1558.2,0.0,10.0,15.4945,eave,0.0,False,14.5055
fan-cul-de-sac-35-80x100,empty_nest.anglo,maximum,V0,1,1,best,A,within_plane,,,2277.0,0.0,10.0,15.4945,eave,0.0,False,14.5055
fan-cul-de-sac-35-80x100,empty_nest.anglo,maximum,V1,2,2,rank_2,A,within_plane,,S1,2126.2,270.8,20.0,21.9609,eave,0.0,False,8.0391
fan-cul-de-sac-35-80x100,empty_nest.anglo,accessible,V0,1,1,best,A,within_plane,,,1588.1,0.0,10.0,15.4945,eave,0.0,False,14.5055
fan-cul-de-sac-35-80x100,empty_nest.anglo,staged_final,V0,1,1,best,A,within_plane,,,1558.2,0.0,10.0,15.4945,eave,0.0,False,14.5055
fan-cul-de-sac-35-80x100,remote_work.none,minimum,V0,1,1,best,A,within_plane,,,1282.2,0.0,10.0,15.4945,eave,0.0,False,14.5055
fan-cul-de-sac-35-80x100,remote_work.none,minimum,V1,2,2,rank_2,A,within_plane,,S1,990.9,411.4,20.0,23.2273,gable,0.0,False,6.7727
fan-cul-de-sac-35-80x100,remote_work.none,optimum,V0,1,1,best,A,within_plane,,,1656.0,0.0,10.0,15.4945,eave,0.0,False,14.5055
fan-cul-de-sac-35-80x100,remote_work.none,optimum,V2,2,2,rank_2,A,within_plane,,S1,1394.5,381.5,20.0,22.8738,eave,0.0,False,7.1262
fan-cul-de-sac-35-80x100,remote_work.none,maximum,V2,2,1,best,A,within_plane,,S1,1743.1,584.9,20.0,23.1828,eave,0.0,False,6.8172
fan-cul-de-sac-35-80x100,remote_work.none,maximum,V4,2,2,rank_2,A,within_plane,,S1,1809.5,518.5,20.0,22.9412,eave,0.0,False,7.0588
fan-cul-de-sac-35-80x100,remote_work.none,accessible,V0,1,1,best,A,within_plane,,,1685.9,0.0,10.0,15.4945,eave,0.0,False,14.5055
fan-cul-de-sac-35-80x100,remote_work.none,accessible,V1,2,2,rank_2,A,within_plane,,S1,1479.3,326.6,20.0,22.5817,eave,0.0,False,7.4183
fan-cul-de-sac-35-80x100,remote_work.none,staged_final,V0,1,1,best,A,within_plane,,,1656.0,0.0,10.0,15.4945,eave,0.0,False,14.5055
fan-cul-de-sac-35-80x100,remote_work.none,staged_final,V2,2,2,rank_2,A,within_plane,,S1,1394.5,381.5,20.0,22.8738,eave,0.0,False,7.1262
fan-cul-de-sac-35-80x100,remote_work.latino,minimum,V0,1,1,best,A,within_plane,,,1282.2,0.0,10.0,15.4945,eave,0.0,False,14.5055
fan-cul-de-sac-35-80x100,remote_work.latino,minimum,V1,2,2,rank_2,A,within_plane,,S1,990.9,411.4,20.0,23.2273,gable,0.0,False,6.7727
fan-cul-de-sac-35-80x100,remote_work.latino,optimum,V0,1,1,best,A,within_plane,,,1656.0,0.0,10.0,15.4945,eave,0.0,False,14.5055
fan-cul-de-sac-35-80x100,remote_work.latino,optimum,V2,2,2,rank_2,A,within_plane,,S1,1394.5,381.5,20.0,22.8738,eave,0.0,False,7.1262
fan-cul-de-sac-35-80x100,remote_work.latino,maximum,V2,2,1,best,A,within_plane,,S1,1969.8,582.5,20.0,22.9879,eave,0.0,False,7.0121
fan-cul-de-sac-35-80x100,remote_work.latino,maximum,V4,2,2,rank_2,A,within_plane,,S1,2035.8,516.4,20.0,22.7673,eave,0.0,False,7.2327
fan-cul-de-sac-35-80x100,remote_work.latino,accessible,V0,1,1,best,A,within_plane,,,1685.9,0.0,10.0,15.4945,eave,0.0,False,14.5055
fan-cul-de-sac-35-80x100,remote_work.latino,accessible,V1,2,2,rank_2,A,within_plane,,S1,1479.3,326.6,20.0,22.5817,eave,0.0,False,7.4183
fan-cul-de-sac-35-80x100,remote_work.latino,staged_final,V0,1,1,best,A,within_plane,,,1656.0,0.0,10.0,15.4945,eave,0.0,False,14.5055
fan-cul-de-sac-35-80x100,remote_work.latino,staged_final,V2,2,2,rank_2,A,within_plane,,S1,1394.5,381.5,20.0,22.8738,eave,0.0,False,7.1262
fan-cul-de-sac-35-80x100,remote_work.anglo,minimum,V0,1,1,best,A,within_plane,,,1282.2,0.0,10.0,15.4945,eave,0.0,False,14.5055
fan-cul-de-sac-35-80x100,remote_work.anglo,minimum,V1,2,2,rank_2,A,within_plane,,S1,972.4,429.9,20.0,23.2681,gable,0.0,False,6.7319
fan-cul-de-sac-35-80x100,remote_work.anglo,optimum,V0,1,2,rank_2,A,within_plane,,,1736.5,0.0,10.0,15.4945,eave,0.0,False,14.5055
fan-cul-de-sac-35-80x100,remote_work.anglo,optimum,V2,2,1,best,A,within_plane,,S1,1475.8,380.7,20.0,22.7906,eave,0.0,False,7.2094
fan-cul-de-sac-35-80x100,remote_work.anglo,maximum,V2,2,1,best,A,within_plane,,S1,1853.6,583.6,20.0,23.083,eave,0.0,False,6.917
fan-cul-de-sac-35-80x100,remote_work.anglo,maximum,V4,2,2,rank_2,A,within_plane,,S1,1919.8,517.4,20.0,22.8524,eave,0.0,False,7.1476
fan-cul-de-sac-35-80x100,remote_work.anglo,accessible,V0,1,1,best,A,within_plane,,,1766.4,0.0,10.0,15.4945,eave,0.0,False,14.5055
fan-cul-de-sac-35-80x100,remote_work.anglo,accessible,V1,2,2,rank_2,A,within_plane,,S1,1560.4,326.0,20.0,22.5114,eave,0.0,False,7.4886
fan-cul-de-sac-35-80x100,remote_work.anglo,staged_final,V0,1,2,rank_2,A,within_plane,,,1736.5,0.0,10.0,15.4945,eave,0.0,False,14.5055
fan-cul-de-sac-35-80x100,remote_work.anglo,staged_final,V2,2,1,best,A,within_plane,,S1,1475.8,380.7,20.0,22.7906,eave,0.0,False,7.2094
fan-cul-de-sac-35-80x100,shared_adults.none,minimum,V0,1,2,rank_2,A,within_plane,,,1506.5,0.0,10.0,15.4945,eave,0.0,False,14.5055
fan-cul-de-sac-35-80x100,shared_adults.none,minimum,V1,2,1,best,A,plane_governs,131.0444 angled plane,S1,981.0,645.5,20.0,24.0222,gable,0.0222,False,5.9778
fan-cul-de-sac-35-80x100,shared_adults.none,optimum,V0,1,2,rank_2,A,within_plane,,,1736.5,0.0,10.0,15.4945,eave,0.0,False,14.5055
fan-cul-de-sac-35-80x100,shared_adults.none,optimum,V1,2,1,best,A,within_plane,,S1,1161.2,695.3,20.0,24.2516,eave,0.0,False,5.7484
fan-cul-de-sac-35-80x100,shared_adults.none,maximum,V1,2,1,best,A,within_plane,,S1,1597.7,943.0,20.0,24.2212,eave,0.0,False,5.7788
fan-cul-de-sac-35-80x100,shared_adults.none,maximum,V4,2,2,rank_2,A,within_plane,,S1,2336.6,204.2,20.0,21.6243,eave,0.0,False,8.3757
fan-cul-de-sac-35-80x100,shared_adults.none,accessible,V0,1,2,rank_2,A,within_plane,,,1766.4,0.0,10.0,15.4945,eave,0.0,False,14.5055
fan-cul-de-sac-35-80x100,shared_adults.none,accessible,V1,2,1,best,A,within_plane,,S1,1403.2,483.2,20.0,23.2242,eave,0.0,False,6.7758
fan-cul-de-sac-35-80x100,shared_adults.none,staged_final,V0,1,2,rank_2,A,within_plane,,,1736.5,0.0,10.0,15.4945,eave,0.0,False,14.5055
fan-cul-de-sac-35-80x100,shared_adults.none,staged_final,V1,2,1,best,A,within_plane,,S1,1161.2,695.3,20.0,24.2516,eave,0.0,False,5.7484
fan-cul-de-sac-35-80x100,shared_adults.latino,minimum,V0,1,2,rank_2,A,within_plane,,,1506.5,0.0,10.0,15.4945,eave,0.0,False,14.5055
fan-cul-de-sac-35-80x100,shared_adults.latino,minimum,V1,2,1,best,A,plane_governs,131.0444 angled plane,S1,981.0,645.5,20.0,24.0222,gable,0.0222,False,5.9778
fan-cul-de-sac-35-80x100,shared_adults.latino,optimum,V0,1,2,rank_2,A,within_plane,,,1736.5,0.0,10.0,15.4945,eave,0.0,False,14.5055
fan-cul-de-sac-35-80x100,shared_adults.latino,optimum,V1,2,1,best,A,within_plane,,S1,1161.2,695.3,20.0,24.2516,eave,0.0,False,5.7484
fan-cul-de-sac-35-80x100,shared_adults.latino,maximum,V1,2,1,best,A,within_plane,,S1,1650.3,942.2,20.0,24.1516,eave,0.0,False,5.8484
fan-cul-de-sac-35-80x100,shared_adults.latino,maximum,V4,2,2,rank_2,A,within_plane,,S1,2388.5,204.0,20.0,21.6057,eave,0.0,False,8.3943
fan-cul-de-sac-35-80x100,shared_adults.latino,accessible,V0,1,2,rank_2,A,within_plane,,,1766.4,0.0,10.0,15.4945,eave,0.0,False,14.5055
fan-cul-de-sac-35-80x100,shared_adults.latino,accessible,V1,2,1,best,A,within_plane,,S1,1403.2,483.2,20.0,23.2242,eave,0.0,False,6.7758
fan-cul-de-sac-35-80x100,shared_adults.latino,staged_final,V0,1,2,rank_2,A,within_plane,,,1736.5,0.0,10.0,15.4945,eave,0.0,False,14.5055
fan-cul-de-sac-35-80x100,shared_adults.latino,staged_final,V1,2,1,best,A,within_plane,,S1,1161.2,695.3,20.0,24.2516,eave,0.0,False,5.7484
fan-cul-de-sac-35-80x100,shared_adults.anglo,minimum,V0,1,2,rank_2,A,within_plane,,,1506.5,0.0,10.0,15.4945,eave,0.0,False,14.5055
fan-cul-de-sac-35-80x100,shared_adults.anglo,minimum,V1,2,1,best,A,plane_governs,131.0444 angled plane,S1,962.7,663.8,20.0,24.0406,gable,0.0406,False,5.9594
fan-cul-de-sac-35-80x100,shared_adults.anglo,optimum,V0,1,2,rank_2,A,within_plane,,,1863.0,0.0,10.0,15.4945,eave,0.0,False,14.5055
fan-cul-de-sac-35-80x100,shared_adults.anglo,optimum,V1,2,1,best,A,within_plane,,S1,1223.6,759.4,20.0,24.3285,eave,0.0,False,5.6715
fan-cul-de-sac-35-80x100,shared_adults.anglo,maximum,V1,2,1,best,A,within_plane,,S1,1566.3,1026.2,20.0,24.4474,eave,0.0,False,5.5526
fan-cul-de-sac-35-80x100,shared_adults.anglo,maximum,V4,2,2,rank_2,A,within_plane,,S1,2388.5,204.0,20.0,21.6057,eave,0.0,False,8.3943
fan-cul-de-sac-35-80x100,shared_adults.anglo,accessible,V0,1,2,rank_2,A,within_plane,,,1892.9,0.0,10.0,15.4945,eave,0.0,False,14.5055
fan-cul-de-sac-35-80x100,shared_adults.anglo,accessible,V1,2,1,best,A,within_plane,,S1,1464.9,548.0,20.0,23.3606,eave,0.0,False,6.6394
fan-cul-de-sac-35-80x100,shared_adults.anglo,staged_final,V0,1,2,rank_2,A,within_plane,,,1863.0,0.0,10.0,15.4945,eave,0.0,False,14.5055
fan-cul-de-sac-35-80x100,shared_adults.anglo,staged_final,V1,2,1,best,A,within_plane,,S1,1223.6,759.4,20.0,24.3285,eave,0.0,False,5.6715
fan-curve-35-80x100,young_couple.none,minimum,V0,1,1,best,A,within_plane,,,1282.2,0.0,10.0,15.5911,eave,0.0,False,14.4089
fan-curve-35-80x100,young_couple.none,minimum,V1,2,2,rank_2,A,within_plane,,S1,990.9,411.4,20.0,23.1715,gable,0.0,False,6.8285
fan-curve-35-80x100,young_couple.none,optimum,V0,1,1,best,A,within_plane,,,1604.2,0.0,10.0,15.5911,eave,0.0,False,14.4089
fan-curve-35-80x100,young_couple.none,optimum,V1,2,2,rank_2,A,within_plane,,S1,1184.2,540.1,20.0,23.7759,eave,0.0,False,6.2241
fan-curve-35-80x100,young_couple.none,accessible,V0,1,1,best,A,within_plane,,,1634.1,0.0,10.0,15.5911,eave,0.0,False,14.4089
fan-curve-35-80x100,young_couple.none,accessible,V1,2,2,rank_2,A,within_plane,,S1,1560.6,193.5,20.0,21.9688,eave,0.0,False,8.0312
fan-curve-35-80x100,young_couple.none,staged_final,V0,1,2,rank_2,A,within_plane,,,1782.5,0.0,10.0,15.5911,eave,0.0,False,14.4089
fan-curve-35-80x100,young_couple.none,staged_final,V2,2,1,best,A,within_plane,,S1,1498.1,404.4,20.0,22.9049,eave,0.0,False,7.0951
fan-curve-35-80x100,young_couple.latino,minimum,V0,1,1,best,A,within_plane,,,1282.2,0.0,10.0,15.5911,eave,0.0,False,14.4089
fan-curve-35-80x100,young_couple.latino,minimum,V1,2,2,rank_2,A,within_plane,,S1,990.9,411.4,20.0,23.1715,gable,0.0,False,6.8285
fan-curve-35-80x100,young_couple.latino,optimum,V0,1,1,best,A,within_plane,,,1604.2,0.0,10.0,15.5911,eave,0.0,False,14.4089
fan-curve-35-80x100,young_couple.latino,optimum,V1,2,2,rank_2,A,within_plane,,S1,1184.2,540.1,20.0,23.7759,eave,0.0,False,6.2241
fan-curve-35-80x100,young_couple.latino,accessible,V0,1,1,best,A,within_plane,,,1634.1,0.0,10.0,15.5911,eave,0.0,False,14.4089
fan-curve-35-80x100,young_couple.latino,accessible,V1,2,2,rank_2,A,within_plane,,S1,1560.6,193.5,20.0,21.9688,eave,0.0,False,8.0312
fan-curve-35-80x100,young_couple.latino,staged_final,V0,1,2,rank_2,A,within_plane,,,1782.5,0.0,10.0,15.5911,eave,0.0,False,14.4089
fan-curve-35-80x100,young_couple.latino,staged_final,V2,2,1,best,A,within_plane,,S1,1498.1,404.4,20.0,22.9049,eave,0.0,False,7.0951
fan-curve-35-80x100,young_couple.anglo,minimum,V0,1,1,best,A,within_plane,,,1282.2,0.0,10.0,15.5911,eave,0.0,False,14.4089
fan-curve-35-80x100,young_couple.anglo,minimum,V1,2,2,rank_2,A,within_plane,,S1,972.4,429.9,20.0,23.2116,gable,0.0,False,6.7884
fan-curve-35-80x100,young_couple.anglo,optimum,V0,1,1,best,A,within_plane,,,1684.7,0.0,10.0,15.5911,eave,0.0,False,14.4089
fan-curve-35-80x100,young_couple.anglo,optimum,V1,2,2,rank_2,A,within_plane,,S1,1247.8,556.9,20.0,23.7352,eave,0.0,False,6.2648
fan-curve-35-80x100,young_couple.anglo,accessible,V0,1,1,best,A,within_plane,,,1714.6,0.0,10.0,15.5911,eave,0.0,False,14.4089
fan-curve-35-80x100,young_couple.anglo,accessible,V1,2,2,rank_2,A,within_plane,,S1,1641.4,193.2,20.0,21.9182,eave,0.0,False,8.0818
fan-curve-35-80x100,young_couple.anglo,staged_final,V0,1,2,rank_2,A,within_plane,,,1782.5,0.0,10.0,15.5911,eave,0.0,False,14.4089
fan-curve-35-80x100,young_couple.anglo,staged_final,V2,2,1,best,A,within_plane,,S1,1498.1,404.4,20.0,22.9049,eave,0.0,False,7.0951
fan-curve-35-80x100,early_childhood.none,minimum,V0,1,1,best,A,within_plane,,,1305.2,0.0,10.0,15.5911,eave,0.0,False,14.4089
fan-curve-35-80x100,early_childhood.none,minimum,V1,2,2,rank_2,A,within_plane,,S1,989.7,435.6,20.0,23.2614,gable,0.0,False,6.7386
fan-curve-35-80x100,early_childhood.none,optimum,V0,1,1,best,A,within_plane,,,1610.0,0.0,10.0,15.5911,eave,0.0,False,14.4089
fan-curve-35-80x100,early_childhood.none,optimum,V1,2,2,rank_2,A,within_plane,,S1,1165.7,564.3,20.0,23.8901,eave,0.0,False,6.1099
fan-curve-35-80x100,early_childhood.none,accessible,V0,1,1,best,A,within_plane,,,1639.9,0.0,10.0,15.5911,eave,0.0,False,14.4089
fan-curve-35-80x100,early_childhood.none,accessible,V1,2,2,rank_2,A,within_plane,,S1,1542.1,217.8,20.0,22.1012,eave,0.0,False,7.8988
fan-curve-35-80x100,early_childhood.none,staged_final,V0,1,1,best,A,within_plane,,,1656.0,0.0,10.0,15.5911,eave,0.0,False,14.4089
fan-curve-35-80x100,early_childhood.none,staged_final,V1,2,2,rank_2,A,within_plane,,S1,1212.5,563.5,20.0,23.8116,eave,0.0,False,6.1884
fan-curve-35-80x100,early_childhood.latino,minimum,V0,1,1,best,A,within_plane,,,1305.2,0.0,10.0,15.5911,eave,0.0,False,14.4089
fan-curve-35-80x100,early_childhood.latino,minimum,V1,2,2,rank_2,A,within_plane,,S1,989.7,435.6,20.0,23.2614,gable,0.0,False,6.7386
fan-curve-35-80x100,early_childhood.latino,optimum,V0,1,1,best,A,within_plane,,,1610.0,0.0,10.0,15.5911,eave,0.0,False,14.4089
fan-curve-35-80x100,early_childhood.latino,optimum,V1,2,2,rank_2,A,within_plane,,S1,1165.7,564.3,20.0,23.8901,eave,0.0,False,6.1099
fan-curve-35-80x100,early_childhood.latino,accessible,V0,1,1,best,A,within_plane,,,1639.9,0.0,10.0,15.5911,eave,0.0,False,14.4089
fan-curve-35-80x100,early_childhood.latino,accessible,V1,2,2,rank_2,A,within_plane,,S1,1542.1,217.8,20.0,22.1012,eave,0.0,False,7.8988
fan-curve-35-80x100,early_childhood.latino,staged_final,V0,1,1,best,A,within_plane,,,1656.0,0.0,10.0,15.5911,eave,0.0,False,14.4089
fan-curve-35-80x100,early_childhood.latino,staged_final,V1,2,2,rank_2,A,within_plane,,S1,1212.5,563.5,20.0,23.8116,eave,0.0,False,6.1884
fan-curve-35-80x100,early_childhood.anglo,minimum,V0,1,1,best,A,within_plane,,,1305.2,0.0,10.0,15.5911,eave,0.0,False,14.4089
fan-curve-35-80x100,early_childhood.anglo,minimum,V1,2,2,rank_2,A,within_plane,,S1,971.2,454.0,20.0,23.2983,gable,0.0,False,6.7017
fan-curve-35-80x100,early_childhood.anglo,optimum,V0,1,1,best,A,within_plane,,,1736.5,0.0,10.0,15.5911,eave,0.0,False,14.4089
fan-curve-35-80x100,early_childhood.anglo,optimum,V1,2,2,rank_2,A,within_plane,,S1,1227.8,628.7,20.0,24.0009,eave,0.0,False,5.9991
fan-curve-35-80x100,early_childhood.anglo,accessible,V0,1,1,best,A,within_plane,,,1766.4,0.0,10.0,15.5911,eave,0.0,False,14.4089
fan-curve-35-80x100,early_childhood.anglo,accessible,V1,2,2,rank_2,A,within_plane,,S1,1669.2,217.2,20.0,22.0168,eave,0.0,False,7.9832
fan-curve-35-80x100,early_childhood.anglo,staged_final,V0,1,1,best,A,within_plane,,,1788.2,0.0,10.0,15.5911,eave,0.0,False,14.4089
fan-curve-35-80x100,early_childhood.anglo,staged_final,V1,2,2,rank_2,A,within_plane,,S1,1226.0,682.3,20.0,24.171,eave,0.0,False,5.829
fan-curve-35-80x100,teens_family.none,minimum,V0,1,2,rank_2,A,within_plane,,,1454.8,0.0,10.0,15.5911,eave,0.0,False,14.4089
fan-curve-35-80x100,teens_family.none,minimum,V2,2,1,best,A,within_plane,,S1,1141.9,432.9,20.0,23.4425,eave,0.0,False,6.5575
fan-curve-35-80x100,teens_family.none,optimum,V0,1,2,rank_2,A,within_plane,,,1805.5,0.0,10.0,15.5911,eave,0.0,False,14.4089
fan-curve-35-80x100,teens_family.none,optimum,V2,2,1,best,A,within_plane,,S1,1497.2,428.3,20.0,22.9904,eave,0.0,False,7.0096
fan-curve-35-80x100,teens_family.none,accessible,V0,1,2,rank_2,A,within_plane,,,1835.4,0.0,10.0,15.5911,eave,0.0,False,14.4089
fan-curve-35-80x100,teens_family.none,accessible,V1,2,1,best,A,within_plane,,S1,1581.7,373.7,20.0,22.7177,eave,0.0,False,7.2823
fan-curve-35-80x100,teens_family.none,staged_final,V0,1,2,rank_2,A,within_plane,,,1656.0,0.0,10.0,15.5911,eave,0.0,False,14.4089
fan-curve-35-80x100,teens_family.none,staged_final,V2,2,1,best,A,within_plane,,S1,1503.7,272.3,20.0,22.3793,eave,0.0,False,7.6207
fan-curve-35-80x100,teens_family.latino,minimum,V0,1,2,rank_2,A,within_plane,,,1454.8,0.0,10.0,15.5911,eave,0.0,False,14.4089
fan-curve-35-80x100,teens_family.latino,minimum,V2,2,1,best,A,within_plane,,S1,1141.9,432.9,20.0,23.4425,eave,0.0,False,6.5575
fan-curve-35-80x100,teens_family.latino,optimum,V0,1,2,rank_2,A,within_plane,,,1805.5,0.0,10.0,15.5911,eave,0.0,False,14.4089
fan-curve-35-80x100,teens_family.latino,optimum,V2,2,1,best,A,within_plane,,S1,1497.2,428.3,20.0,22.9904,eave,0.0,False,7.0096
fan-curve-35-80x100,teens_family.latino,accessible,V0,1,2,rank_2,A,within_plane,,,1835.4,0.0,10.0,15.5911,eave,0.0,False,14.4089
fan-curve-35-80x100,teens_family.latino,accessible,V1,2,1,best,A,within_plane,,S1,1581.7,373.7,20.0,22.7177,eave,0.0,False,7.2823
fan-curve-35-80x100,teens_family.latino,staged_final,V0,1,2,rank_2,A,within_plane,,,1656.0,0.0,10.0,15.5911,eave,0.0,False,14.4089
fan-curve-35-80x100,teens_family.latino,staged_final,V2,2,1,best,A,within_plane,,S1,1503.7,272.3,20.0,22.3793,eave,0.0,False,7.6207
fan-curve-35-80x100,teens_family.anglo,minimum,V0,1,2,rank_2,A,within_plane,,,1454.8,0.0,10.0,15.5911,eave,0.0,False,14.4089
fan-curve-35-80x100,teens_family.anglo,minimum,V2,2,1,best,A,within_plane,,S1,1123.6,451.2,20.0,23.5367,gable,0.0,False,6.4633
fan-curve-35-80x100,teens_family.anglo,optimum,V0,1,2,rank_2,A,within_plane,,,1937.7,0.0,10.0,15.5911,eave,0.0,False,14.4089
fan-curve-35-80x100,teens_family.anglo,optimum,V2,2,1,best,A,within_plane,,S1,1510.3,547.4,20.0,23.366,eave,0.0,False,6.634
fan-curve-35-80x100,teens_family.anglo,accessible,V0,1,2,rank_2,A,within_plane,,,1967.6,0.0,10.0,15.5911,eave,0.0,False,14.4089
fan-curve-35-80x100,teens_family.anglo,accessible,V1,2,1,best,A,within_plane,,S1,1660.8,426.8,20.0,22.8343,eave,0.0,False,7.1657
fan-curve-35-80x100,teens_family.anglo,staged_final,V0,1,2,rank_2,A,within_plane,,,1736.5,0.0,10.0,15.5911,eave,0.0,False,14.4089
fan-curve-35-80x100,teens_family.anglo,staged_final,V2,2,1,best,A,within_plane,,S1,1584.7,271.8,20.0,22.3155,eave,0.0,False,7.6845
fan-curve-35-80x100,multigenerational.none,minimum,V0,1,1,best,A,within_plane,,,1523.7,0.0,10.0,15.5911,eave,0.0,False,14.4089
fan-curve-35-80x100,multigenerational.none,minimum,V1,2,2,rank_2,A,within_plane,,S1,1212.0,431.8,20.0,23.3372,eave,0.0,False,6.6628
fan-curve-35-80x100,multigenerational.none,optimum,V0,1,1,best,A,within_plane,,,1857.2,0.0,10.0,15.5911,eave,0.0,False,14.4089
fan-curve-35-80x100,multigenerational.none,optimum,V1,2,2,rank_2,A,within_plane,,S1,1416.8,560.5,20.0,23.5167,eave,0.0,False,6.4833
fan-curve-35-80x100,multigenerational.none,accessible,V0,1,1,best,A,within_plane,,,1887.1,0.0,10.0,15.5911,eave,0.0,False,14.4089
fan-curve-35-80x100,multigenerational.none,accessible,V1,2,2,rank_2,A,within_plane,,S1,1447.0,560.1,20.0,23.4785,eave,0.0,False,6.5215
fan-curve-35-80x100,multigenerational.none,staged_final,V0,1,2,rank_2,A,within_plane,,,2006.7,0.0,10.0,15.5911,eave,0.0,False,14.4089
fan-curve-35-80x100,multigenerational.none,staged_final,V2,2,1,best,A,within_plane,,S1,1700.2,426.5,20.0,22.8003,eave,0.0,False,7.1997
fan-curve-35-80x100,multigenerational.latino,minimum,V0,1,1,best,A,within_plane,,,1523.7,0.0,10.0,15.5911,eave,0.0,False,14.4089
fan-curve-35-80x100,multigenerational.latino,minimum,V1,2,2,rank_2,A,within_plane,,S1,1212.0,431.8,20.0,23.3372,eave,0.0,False,6.6628
fan-curve-35-80x100,multigenerational.latino,optimum,V0,1,1,best,A,within_plane,,,1811.2,0.0,10.0,15.5911,eave,0.0,False,14.4089
fan-curve-35-80x100,multigenerational.latino,optimum,V1,2,2,rank_2,A,within_plane,,S1,1370.1,561.1,20.0,23.578,eave,0.0,False,6.422
fan-curve-35-80x100,multigenerational.latino,accessible,V0,1,1,best,A,within_plane,,,1841.1,0.0,10.0,15.5911,eave,0.0,False,14.4089
fan-curve-35-80x100,multigenerational.latino,accessible,V1,2,2,rank_2,A,within_plane,,S1,1400.4,560.7,20.0,23.5378,eave,0.0,False,6.4622
fan-curve-35-80x100,multigenerational.latino,staged_final,V0,1,2,rank_2,A,within_plane,,,2006.7,0.0,10.0,15.5911,eave,0.0,False,14.4089
fan-curve-35-80x100,multigenerational.latino,staged_final,V2,2,1,best,A,within_plane,,S1,1700.2,426.5,20.0,22.8003,eave,0.0,False,7.1997
fan-curve-35-80x100,multigenerational.anglo,minimum,V0,1,1,best,A,within_plane,,,1523.7,0.0,10.0,15.5911,eave,0.0,False,14.4089
fan-curve-35-80x100,multigenerational.anglo,minimum,V1,2,2,rank_2,A,within_plane,,S1,1193.7,450.1,20.0,23.4332,eave,0.0,False,6.5668
fan-curve-35-80x100,multigenerational.anglo,optimum,V0,1,1,best,A,within_plane,,,2001.0,0.0,10.0,15.5911,eave,0.0,False,14.4089
fan-curve-35-80x100,multigenerational.anglo,optimum,V1,2,2,rank_2,A,within_plane,,S1,1496.2,624.8,20.0,23.613,eave,0.0,False,6.387
fan-curve-35-80x100,multigenerational.anglo,accessible,V0,1,1,best,A,within_plane,,,2030.9,0.0,10.0,15.5911,eave,0.0,False,14.4089
fan-curve-35-80x100,multigenerational.anglo,accessible,V1,2,2,rank_2,A,within_plane,,S1,1526.4,624.5,20.0,23.5763,eave,0.0,False,6.4237
fan-curve-35-80x100,multigenerational.anglo,staged_final,V1,2,2,rank_2,A,within_plane,,S1,1490.3,832.0,20.0,24.1776,eave,0.0,False,5.8224
fan-curve-35-80x100,multigenerational.anglo,staged_final,V2,2,1,best,A,within_plane,,S1,1843.3,478.9,20.0,22.8499,eave,0.0,False,7.1501
fan-curve-35-80x100,empty_nest.none,minimum,V0,1,1,best,A,within_plane,,,1155.8,0.0,10.0,15.5911,eave,0.0,False,14.4089
fan-curve-35-80x100,empty_nest.none,minimum,V1,2,2,rank_2,A,within_plane,,S1,998.3,277.5,20.0,22.6144,gable,0.0,False,7.3856
fan-curve-35-80x100,empty_nest.none,optimum,V0,1,1,best,A,within_plane,,,1431.8,0.0,10.0,15.5911,eave,0.0,False,14.4089
fan-curve-35-80x100,empty_nest.none,accessible,V0,1,1,best,A,within_plane,,,1461.6,0.0,10.0,15.5911,eave,0.0,False,14.4089
fan-curve-35-80x100,empty_nest.none,staged_final,V0,1,1,best,A,within_plane,,,1431.8,0.0,10.0,15.5911,eave,0.0,False,14.4089
fan-curve-35-80x100,empty_nest.latino,minimum,V0,1,1,best,A,within_plane,,,1155.8,0.0,10.0,15.5911,eave,0.0,False,14.4089
fan-curve-35-80x100,empty_nest.latino,minimum,V1,2,2,rank_2,A,within_plane,,S1,998.3,277.5,20.0,22.6144,gable,0.0,False,7.3856
fan-curve-35-80x100,empty_nest.latino,optimum,V0,1,1,best,A,within_plane,,,1431.8,0.0,10.0,15.5911,eave,0.0,False,14.4089
fan-curve-35-80x100,empty_nest.latino,accessible,V0,1,1,best,A,within_plane,,,1461.6,0.0,10.0,15.5911,eave,0.0,False,14.4089
fan-curve-35-80x100,empty_nest.latino,staged_final,V0,1,1,best,A,within_plane,,,1431.8,0.0,10.0,15.5911,eave,0.0,False,14.4089
fan-curve-35-80x100,empty_nest.anglo,minimum,V0,1,1,best,A,within_plane,,,1155.8,0.0,10.0,15.5911,eave,0.0,False,14.4089
fan-curve-35-80x100,empty_nest.anglo,minimum,V1,2,2,rank_2,A,within_plane,,S1,979.6,296.1,20.0,22.6752,gable,0.0,False,7.3248
fan-curve-35-80x100,empty_nest.anglo,optimum,V0,1,1,best,A,within_plane,,,1558.2,0.0,10.0,15.5911,eave,0.0,False,14.4089
fan-curve-35-80x100,empty_nest.anglo,accessible,V0,1,1,best,A,within_plane,,,1588.1,0.0,10.0,15.5911,eave,0.0,False,14.4089
fan-curve-35-80x100,empty_nest.anglo,staged_final,V0,1,1,best,A,within_plane,,,1558.2,0.0,10.0,15.5911,eave,0.0,False,14.4089
fan-curve-35-80x100,remote_work.none,minimum,V0,1,1,best,A,within_plane,,,1282.2,0.0,10.0,15.5911,eave,0.0,False,14.4089
fan-curve-35-80x100,remote_work.none,minimum,V1,2,2,rank_2,A,within_plane,,S1,990.9,411.4,20.0,23.1715,gable,0.0,False,6.8285
fan-curve-35-80x100,remote_work.none,optimum,V0,1,1,best,A,within_plane,,,1656.0,0.0,10.0,15.5911,eave,0.0,False,14.4089
fan-curve-35-80x100,remote_work.none,optimum,V2,2,2,rank_2,A,within_plane,,S1,1394.5,381.5,20.0,22.9244,eave,0.0,False,7.0756
fan-curve-35-80x100,remote_work.none,maximum,V2,2,1,best,A,within_plane,,S1,1743.1,584.9,20.0,23.2388,eave,0.0,False,6.7612
fan-curve-35-80x100,remote_work.none,maximum,V4,2,2,rank_2,A,within_plane,,S1,1809.5,518.5,20.0,22.9929,eave,0.0,False,7.0071
fan-curve-35-80x100,remote_work.none,accessible,V0,1,1,best,A,within_plane,,,1685.9,0.0,10.0,15.5911,eave,0.0,False,14.4089
fan-curve-35-80x100,remote_work.none,accessible,V1,2,2,rank_2,A,within_plane,,S1,1479.3,326.6,20.0,22.6271,eave,0.0,False,7.3729
fan-curve-35-80x100,remote_work.none,staged_final,V0,1,1,best,A,within_plane,,,1656.0,0.0,10.0,15.5911,eave,0.0,False,14.4089
fan-curve-35-80x100,remote_work.none,staged_final,V2,2,2,rank_2,A,within_plane,,S1,1394.5,381.5,20.0,22.9244,eave,0.0,False,7.0756
fan-curve-35-80x100,remote_work.latino,minimum,V0,1,1,best,A,within_plane,,,1282.2,0.0,10.0,15.5911,eave,0.0,False,14.4089
fan-curve-35-80x100,remote_work.latino,minimum,V1,2,2,rank_2,A,within_plane,,S1,990.9,411.4,20.0,23.1715,gable,0.0,False,6.8285
fan-curve-35-80x100,remote_work.latino,optimum,V0,1,1,best,A,within_plane,,,1656.0,0.0,10.0,15.5911,eave,0.0,False,14.4089
fan-curve-35-80x100,remote_work.latino,optimum,V2,2,2,rank_2,A,within_plane,,S1,1394.5,381.5,20.0,22.9244,eave,0.0,False,7.0756
fan-curve-35-80x100,remote_work.latino,maximum,V2,2,1,best,A,within_plane,,S1,1969.8,582.5,20.0,23.0404,eave,0.0,False,6.9596
fan-curve-35-80x100,remote_work.latino,maximum,V4,2,2,rank_2,A,within_plane,,S1,2035.8,516.4,20.0,22.8159,eave,0.0,False,7.1841
fan-curve-35-80x100,remote_work.latino,accessible,V0,1,1,best,A,within_plane,,,1685.9,0.0,10.0,15.5911,eave,0.0,False,14.4089
fan-curve-35-80x100,remote_work.latino,accessible,V1,2,2,rank_2,A,within_plane,,S1,1479.3,326.6,20.0,22.6271,eave,0.0,False,7.3729
fan-curve-35-80x100,remote_work.latino,staged_final,V0,1,1,best,A,within_plane,,,1656.0,0.0,10.0,15.5911,eave,0.0,False,14.4089
fan-curve-35-80x100,remote_work.latino,staged_final,V2,2,2,rank_2,A,within_plane,,S1,1394.5,381.5,20.0,22.9244,eave,0.0,False,7.0756
fan-curve-35-80x100,remote_work.anglo,minimum,V0,1,1,best,A,within_plane,,,1282.2,0.0,10.0,15.5911,eave,0.0,False,14.4089
fan-curve-35-80x100,remote_work.anglo,minimum,V1,2,2,rank_2,A,within_plane,,S1,972.4,429.9,20.0,23.2116,gable,0.0,False,6.7884
fan-curve-35-80x100,remote_work.anglo,optimum,V0,1,2,rank_2,A,within_plane,,,1736.5,0.0,10.0,15.5911,eave,0.0,False,14.4089
fan-curve-35-80x100,remote_work.anglo,optimum,V2,2,1,best,A,within_plane,,S1,1475.8,380.7,20.0,22.8397,eave,0.0,False,7.1603
fan-curve-35-80x100,remote_work.anglo,maximum,V2,2,1,best,A,within_plane,,S1,1853.6,583.6,20.0,23.1372,eave,0.0,False,6.8628
fan-curve-35-80x100,remote_work.anglo,maximum,V4,2,2,rank_2,A,within_plane,,S1,1919.8,517.4,20.0,22.9026,eave,0.0,False,7.0974
fan-curve-35-80x100,remote_work.anglo,accessible,V0,1,1,best,A,within_plane,,,1766.4,0.0,10.0,15.5911,eave,0.0,False,14.4089
fan-curve-35-80x100,remote_work.anglo,accessible,V1,2,2,rank_2,A,within_plane,,S1,1560.4,326.0,20.0,22.5556,eave,0.0,False,7.4444
fan-curve-35-80x100,remote_work.anglo,staged_final,V0,1,2,rank_2,A,within_plane,,,1736.5,0.0,10.0,15.5911,eave,0.0,False,14.4089
fan-curve-35-80x100,remote_work.anglo,staged_final,V2,2,1,best,A,within_plane,,S1,1475.8,380.7,20.0,22.8397,eave,0.0,False,7.1603
fan-curve-35-80x100,shared_adults.none,minimum,V0,1,2,rank_2,A,within_plane,,,1506.5,0.0,10.0,15.5911,eave,0.0,False,14.4089
fan-curve-35-80x100,shared_adults.none,minimum,V1,2,1,best,A,within_plane,,S1,981.0,645.5,20.0,23.9527,gable,0.0,False,6.0473
fan-curve-35-80x100,shared_adults.none,optimum,V0,1,2,rank_2,A,within_plane,,,1736.5,0.0,10.0,15.5911,eave,0.0,False,14.4089
fan-curve-35-80x100,shared_adults.none,optimum,V1,2,1,best,A,within_plane,,S1,1161.2,695.3,20.0,24.3264,eave,0.0,False,5.6736
fan-curve-35-80x100,shared_adults.none,accessible,V0,1,2,rank_2,A,within_plane,,,1766.4,0.0,10.0,15.5911,eave,0.0,False,14.4089
fan-curve-35-80x100,shared_adults.none,accessible,V1,2,1,best,A,within_plane,,S1,1403.2,483.2,20.0,23.281,eave,0.0,False,6.719
fan-curve-35-80x100,shared_adults.none,staged_final,V0,1,2,rank_2,A,within_plane,,,1736.5,0.0,10.0,15.5911,eave,0.0,False,14.4089
fan-curve-35-80x100,shared_adults.none,staged_final,V1,2,1,best,A,within_plane,,S1,1161.2,695.3,20.0,24.3264,eave,0.0,False,5.6736
fan-curve-35-80x100,shared_adults.latino,minimum,V0,1,2,rank_2,A,within_plane,,,1506.5,0.0,10.0,15.5911,eave,0.0,False,14.4089
fan-curve-35-80x100,shared_adults.latino,minimum,V1,2,1,best,A,within_plane,,S1,981.0,645.5,20.0,23.9527,gable,0.0,False,6.0473
fan-curve-35-80x100,shared_adults.latino,optimum,V0,1,2,rank_2,A,within_plane,,,1736.5,0.0,10.0,15.5911,eave,0.0,False,14.4089
fan-curve-35-80x100,shared_adults.latino,optimum,V1,2,1,best,A,within_plane,,S1,1161.2,695.3,20.0,24.3264,eave,0.0,False,5.6736
fan-curve-35-80x100,shared_adults.latino,accessible,V0,1,2,rank_2,A,within_plane,,,1766.4,0.0,10.0,15.5911,eave,0.0,False,14.4089
fan-curve-35-80x100,shared_adults.latino,accessible,V1,2,1,best,A,within_plane,,S1,1403.2,483.2,20.0,23.281,eave,0.0,False,6.719
fan-curve-35-80x100,shared_adults.latino,staged_final,V0,1,2,rank_2,A,within_plane,,,1736.5,0.0,10.0,15.5911,eave,0.0,False,14.4089
fan-curve-35-80x100,shared_adults.latino,staged_final,V1,2,1,best,A,within_plane,,S1,1161.2,695.3,20.0,24.3264,eave,0.0,False,5.6736
fan-curve-35-80x100,shared_adults.anglo,minimum,V0,1,2,rank_2,A,within_plane,,,1506.5,0.0,10.0,15.5911,eave,0.0,False,14.4089
fan-curve-35-80x100,shared_adults.anglo,minimum,V1,2,1,best,A,within_plane,,S1,962.7,663.8,20.0,23.9708,gable,0.0,False,6.0292
fan-curve-35-80x100,shared_adults.anglo,optimum,V0,1,2,rank_2,A,within_plane,,,1863.0,0.0,10.0,15.5911,eave,0.0,False,14.4089
fan-curve-35-80x100,shared_adults.anglo,optimum,V1,2,1,best,A,within_plane,,S1,1223.6,759.4,20.0,24.4047,eave,0.0,False,5.5953
fan-curve-35-80x100,shared_adults.anglo,accessible,V0,1,2,rank_2,A,within_plane,,,1892.9,0.0,10.0,15.5911,eave,0.0,False,14.4089
fan-curve-35-80x100,shared_adults.anglo,accessible,V1,2,1,best,A,within_plane,,S1,1464.9,548.0,20.0,23.4197,eave,0.0,False,6.5803
fan-curve-35-80x100,shared_adults.anglo,staged_final,V0,1,2,rank_2,A,within_plane,,,1863.0,0.0,10.0,15.5911,eave,0.0,False,14.4089
fan-curve-35-80x100,shared_adults.anglo,staged_final,V1,2,1,best,A,within_plane,,S1,1223.6,759.4,20.0,24.4047,eave,0.0,False,5.5953
fan-reverse-80-40x100,young_couple.none,minimum,V0,1,1,best,A,within_plane,,,1282.2,0.0,10.0,15.7689,gable,0.0,False,14.2311
fan-reverse-80-40x100,young_couple.none,minimum,V1,2,2,rank_2,A,within_plane,,S1,990.9,411.4,20.0,22.8726,gable,0.0,False,7.1274
fan-reverse-80-40x100,young_couple.none,optimum,V0,1,1,best,A,within_plane,,,1604.2,0.0,10.0,16.1727,eave,0.0,False,13.8273
fan-reverse-80-40x100,young_couple.none,optimum,V1,2,2,rank_2,A,within_plane,,S1,1184.2,540.1,20.0,23.5982,gable,0.0,False,6.4018
fan-reverse-80-40x100,young_couple.none,maximum,V2,2,1,best,A,within_plane,,S1,2027.5,427.0,20.0,22.8328,eave,0.0,False,7.1672
fan-reverse-80-40x100,young_couple.none,maximum,V4,2,2,rank_2,A,within_plane,,S1,2093.7,360.8,20.0,22.5624,eave,0.0,False,7.4376
fan-reverse-80-40x100,young_couple.none,accessible,V0,1,1,best,A,within_plane,,,1634.1,0.0,10.0,16.1727,eave,0.0,False,13.8273
fan-reverse-80-40x100,young_couple.none,accessible,V1,2,2,rank_2,A,within_plane,,S1,1560.6,193.5,20.0,22.1736,eave,0.0,False,7.8264
fan-reverse-80-40x100,young_couple.none,staged_final,V0,1,2,rank_2,A,within_plane,,,1782.5,0.0,10.0,16.1727,eave,0.0,False,13.8273
fan-reverse-80-40x100,young_couple.none,staged_final,V2,2,1,best,A,within_plane,,S1,1498.1,404.4,20.0,23.2071,eave,0.0,False,6.7929
fan-reverse-80-40x100,young_couple.latino,minimum,V0,1,1,best,A,within_plane,,,1282.2,0.0,10.0,15.7689,gable,0.0,False,14.2311
fan-reverse-80-40x100,young_couple.latino,minimum,V1,2,2,rank_2,A,within_plane,,S1,990.9,411.4,20.0,22.8726,gable,0.0,False,7.1274
fan-reverse-80-40x100,young_couple.latino,optimum,V0,1,1,best,A,within_plane,,,1604.2,0.0,10.0,16.1727,eave,0.0,False,13.8273
fan-reverse-80-40x100,young_couple.latino,optimum,V1,2,2,rank_2,A,within_plane,,S1,1184.2,540.1,20.0,23.5982,gable,0.0,False,6.4018
fan-reverse-80-40x100,young_couple.latino,maximum,V2,2,1,best,A,within_plane,,S1,2079.6,426.7,20.0,22.7961,eave,0.0,False,7.2039
fan-reverse-80-40x100,young_couple.latino,maximum,V4,2,2,rank_2,A,within_plane,,S1,2145.7,360.5,20.0,22.5301,eave,0.0,False,7.4699
fan-reverse-80-40x100,young_couple.latino,accessible,V0,1,1,best,A,within_plane,,,1634.1,0.0,10.0,16.1727,eave,0.0,False,13.8273
fan-reverse-80-40x100,young_couple.latino,accessible,V1,2,2,rank_2,A,within_plane,,S1,1560.6,193.5,20.0,22.1736,eave,0.0,False,7.8264
fan-reverse-80-40x100,young_couple.latino,staged_final,V0,1,2,rank_2,A,within_plane,,,1782.5,0.0,10.0,16.1727,eave,0.0,False,13.8273
fan-reverse-80-40x100,young_couple.latino,staged_final,V2,2,1,best,A,within_plane,,S1,1498.1,404.4,20.0,23.2071,eave,0.0,False,6.7929
fan-reverse-80-40x100,young_couple.anglo,minimum,V0,1,1,best,A,within_plane,,,1282.2,0.0,10.0,15.7689,gable,0.0,False,14.2311
fan-reverse-80-40x100,young_couple.anglo,minimum,V1,2,2,rank_2,A,within_plane,,S1,972.4,429.9,20.0,22.909,gable,0.0,False,7.091
fan-reverse-80-40x100,young_couple.anglo,optimum,V0,1,1,best,A,within_plane,,,1684.7,0.0,10.0,16.1727,eave,0.0,False,13.8273
fan-reverse-80-40x100,young_couple.anglo,optimum,V1,2,2,rank_2,A,within_plane,,S1,1247.8,556.9,20.0,23.7506,gable,0.0,False,6.2494
fan-reverse-80-40x100,young_couple.anglo,maximum,V2,2,1,best,A,within_plane,,S1,2120.1,426.4,20.0,22.7683,eave,0.0,False,7.2317
fan-reverse-80-40x100,young_couple.anglo,maximum,V4,2,2,rank_2,A,within_plane,,S1,2186.2,360.3,20.0,22.5059,eave,0.0,False,7.4941
fan-reverse-80-40x100,young_couple.anglo,accessible,V0,1,1,best,A,within_plane,,,1714.6,0.0,10.0,16.1727,eave,0.0,False,13.8273
fan-reverse-80-40x100,young_couple.anglo,accessible,V1,2,2,rank_2,A,within_plane,,S1,1641.4,193.2,20.0,22.1177,eave,0.0,False,7.8823
fan-reverse-80-40x100,young_couple.anglo,staged_final,V0,1,2,rank_2,A,within_plane,,,1782.5,0.0,10.0,16.1727,eave,0.0,False,13.8273
fan-reverse-80-40x100,young_couple.anglo,staged_final,V2,2,1,best,A,within_plane,,S1,1498.1,404.4,20.0,23.2071,eave,0.0,False,6.7929
fan-reverse-80-40x100,early_childhood.none,minimum,V0,1,1,best,A,within_plane,,,1305.2,0.0,10.0,15.8723,gable,0.0,False,14.1277
fan-reverse-80-40x100,early_childhood.none,minimum,V1,2,2,rank_2,A,within_plane,,S1,989.7,435.6,20.0,22.9541,gable,0.0,False,7.0459
fan-reverse-80-40x100,early_childhood.none,optimum,V0,1,1,best,A,within_plane,,,1610.0,0.0,10.0,16.1727,eave,0.0,False,13.8273
fan-reverse-80-40x100,early_childhood.none,optimum,V1,2,2,rank_2,A,within_plane,,S1,1165.7,564.3,20.0,23.6491,gable,0.0,False,6.3509
fan-reverse-80-40x100,early_childhood.none,maximum,V0,1,1,best,B2,within_plane,,,2829.0,0.0,10.0,17.1606,gable,0.0,False,12.8394
fan-reverse-80-40x100,early_childhood.none,maximum,V1,2,2,rank_2,A,within_plane,,S1,1999.7,949.3,20.0,24.253,eave,0.0,False,5.747
fan-reverse-80-40x100,early_childhood.none,accessible,V0,1,1,best,A,within_plane,,,1639.9,0.0,10.0,16.1727,eave,0.0,False,13.8273
fan-reverse-80-40x100,early_childhood.none,accessible,V1,2,2,rank_2,A,within_plane,,S1,1542.1,217.8,20.0,22.3198,eave,0.0,False,7.6802
fan-reverse-80-40x100,early_childhood.none,staged_final,V0,1,1,best,A,within_plane,,,1656.0,0.0,10.0,16.1727,eave,0.0,False,13.8273
fan-reverse-80-40x100,early_childhood.none,staged_final,V1,2,2,rank_2,A,within_plane,,S1,1212.5,563.5,20.0,23.719,gable,0.0,False,6.281
fan-reverse-80-40x100,early_childhood.latino,minimum,V0,1,1,best,A,within_plane,,,1305.2,0.0,10.0,15.8723,gable,0.0,False,14.1277
fan-reverse-80-40x100,early_childhood.latino,minimum,V1,2,2,rank_2,A,within_plane,,S1,989.7,435.6,20.0,22.9541,gable,0.0,False,7.0459
fan-reverse-80-40x100,early_childhood.latino,optimum,V0,1,1,best,A,within_plane,,,1610.0,0.0,10.0,16.1727,eave,0.0,False,13.8273
fan-reverse-80-40x100,early_childhood.latino,optimum,V1,2,2,rank_2,A,within_plane,,S1,1165.7,564.3,20.0,23.6491,gable,0.0,False,6.3509
fan-reverse-80-40x100,early_childhood.latino,maximum,V0,1,1,best,B2,within_plane,,,2880.8,0.0,10.0,17.2917,gable,0.0,False,12.7083
fan-reverse-80-40x100,early_childhood.latino,maximum,V1,2,2,rank_2,A,within_plane,,S1,2052.1,948.7,20.0,24.197,eave,0.0,False,5.803
fan-reverse-80-40x100,early_childhood.latino,accessible,V0,1,1,best,A,within_plane,,,1639.9,0.0,10.0,16.1727,eave,0.0,False,13.8273
fan-reverse-80-40x100,early_childhood.latino,accessible,V1,2,2,rank_2,A,within_plane,,S1,1542.1,217.8,20.0,22.3198,eave,0.0,False,7.6802
fan-reverse-80-40x100,early_childhood.latino,staged_final,V0,1,1,best,A,within_plane,,,1656.0,0.0,10.0,16.1727,eave,0.0,False,13.8273
fan-reverse-80-40x100,early_childhood.latino,staged_final,V1,2,2,rank_2,A,within_plane,,S1,1212.5,563.5,20.0,23.719,gable,0.0,False,6.281
fan-reverse-80-40x100,early_childhood.anglo,minimum,V0,1,1,best,A,within_plane,,,1305.2,0.0,10.0,15.8723,gable,0.0,False,14.1277
fan-reverse-80-40x100,early_childhood.anglo,minimum,V1,2,2,rank_2,A,within_plane,,S1,971.2,454.0,20.0,22.9876,gable,0.0,False,7.0124
fan-reverse-80-40x100,early_childhood.anglo,optimum,V0,1,1,best,A,within_plane,,,1736.5,0.0,10.0,16.1727,eave,0.0,False,13.8273
fan-reverse-80-40x100,early_childhood.anglo,optimum,V1,2,2,rank_2,A,within_plane,,S1,1227.8,628.7,20.0,23.9529,gable,0.0,False,6.0471
fan-reverse-80-40x100,early_childhood.anglo,maximum,V0,1,1,best,B2,within_plane,,,2829.0,0.0,10.0,17.1606,gable,0.0,False,12.8394
fan-reverse-80-40x100,early_childhood.anglo,maximum,V1,2,2,rank_2,A,within_plane,,S1,1916.2,1032.8,20.0,24.5317,eave,0.0,False,5.4683
fan-reverse-80-40x100,early_childhood.anglo,accessible,V0,1,1,best,A,within_plane,,,1766.4,0.0,10.0,16.1727,eave,0.0,False,13.8273
fan-reverse-80-40x100,early_childhood.anglo,accessible,V1,2,2,rank_2,A,within_plane,,S1,1669.2,217.2,20.0,22.2267,eave,0.0,False,7.7733
fan-reverse-80-40x100,early_childhood.anglo,staged_final,V0,1,1,best,A,within_plane,,,1788.2,0.0,10.0,16.1727,eave,0.0,False,13.8273
fan-reverse-80-40x100,early_childhood.anglo,staged_final,V1,2,2,rank_2,A,plane_governs,131.0444 angled plane,S1,1226.0,682.3,20.0,24.115,gable,0.115,False,5.885
fan-reverse-80-40x100,teens_family.none,minimum,V0,1,2,rank_2,A,within_plane,,,1454.8,0.0,10.0,16.1727,eave,0.0,False,13.8273
fan-reverse-80-40x100,teens_family.none,minimum,V2,2,1,best,A,within_plane,,S1,1141.9,432.9,20.0,23.1633,gable,0.0,False,6.8367
fan-reverse-80-40x100,teens_family.none,optimum,V0,1,2,rank_2,A,within_plane,,,1805.5,0.0,10.0,16.1727,eave,0.0,False,13.8273
fan-reverse-80-40x100,teens_family.none,optimum,V2,2,1,best,A,within_plane,,S1,1497.2,428.3,20.0,23.3015,eave,0.0,False,6.6985
fan-reverse-80-40x100,teens_family.none,maximum,V0,1,2,rank_2,B2,within_plane,,,3156.7,0.0,10.0,17.99,gable,0.0,False,12.01
fan-reverse-80-40x100,teens_family.none,maximum,V2,2,1,best,A,within_plane,,S1,2628.2,648.5,20.0,23.0662,eave,0.0,False,6.9338
fan-reverse-80-40x100,teens_family.none,accessible,V0,1,2,rank_2,A,within_plane,,,1835.4,0.0,10.0,16.1727,eave,0.0,False,13.8273
fan-reverse-80-40x100,teens_family.none,accessible,V1,2,1,best,A,within_plane,,S1,1581.7,373.7,20.0,23.0004,eave,0.0,False,6.9996
fan-reverse-80-40x100,teens_family.none,staged_final,V0,1,2,rank_2,A,within_plane,,,1656.0,0.0,10.0,16.1727,eave,0.0,False,13.8273
fan-reverse-80-40x100,teens_family.none,staged_final,V2,2,1,best,A,within_plane,,S1,1503.7,272.3,20.0,22.6268,eave,0.0,False,7.3732
fan-reverse-80-40x100,teens_family.latino,minimum,V0,1,2,rank_2,A,within_plane,,,1454.8,0.0,10.0,16.1727,eave,0.0,False,13.8273
fan-reverse-80-40x100,teens_family.latino,minimum,V2,2,1,best,A,within_plane,,S1,1141.9,432.9,20.0,23.1633,gable,0.0,False,6.8367
fan-reverse-80-40x100,teens_family.latino,optimum,V0,1,2,rank_2,A,within_plane,,,1805.5,0.0,10.0,16.1727,eave,0.0,False,13.8273
fan-reverse-80-40x100,teens_family.latino,optimum,V2,2,1,best,A,within_plane,,S1,1497.2,428.3,20.0,23.3015,eave,0.0,False,6.6985
fan-reverse-80-40x100,teens_family.latino,maximum,V0,1,2,rank_2,B3,within_plane,,,3214.2,0.0,10.0,18.1356,gable,0.0,False,11.8644
fan-reverse-80-40x100,teens_family.latino,maximum,V2,2,1,best,B2,within_plane,,S1,2686.1,648.2,20.0,23.3399,gable,0.0,False,6.6601
fan-reverse-80-40x100,teens_family.latino,accessible,V0,1,2,rank_2,A,within_plane,,,1835.4,0.0,10.0,16.1727,eave,0.0,False,13.8273
fan-reverse-80-40x100,teens_family.latino,accessible,V1,2,1,best,A,within_plane,,S1,1581.7,373.7,20.0,23.0004,eave,0.0,False,6.9996
fan-reverse-80-40x100,teens_family.latino,staged_final,V0,1,2,rank_2,A,within_plane,,,1656.0,0.0,10.0,16.1727,eave,0.0,False,13.8273
fan-reverse-80-40x100,teens_family.latino,staged_final,V2,2,1,best,A,within_plane,,S1,1503.7,272.3,20.0,22.6268,eave,0.0,False,7.3732
fan-reverse-80-40x100,teens_family.anglo,minimum,V0,1,2,rank_2,A,within_plane,,,1454.8,0.0,10.0,16.1727,eave,0.0,False,13.8273
fan-reverse-80-40x100,teens_family.anglo,minimum,V2,2,1,best,A,within_plane,,S1,1123.6,451.2,20.0,23.2035,gable,0.0,False,6.7965
fan-reverse-80-40x100,teens_family.anglo,optimum,V0,1,2,rank_2,A,within_plane,,,1937.7,0.0,10.0,16.1727,eave,0.0,False,13.8273
fan-reverse-80-40x100,teens_family.anglo,optimum,V2,2,1,best,A,within_plane,,S1,1510.3,547.4,20.0,23.7162,eave,0.0,False,6.2838
fan-reverse-80-40x100,teens_family.anglo,maximum,V0,1,2,rank_2,B3,within_plane,,,3220.0,0.0,10.0,18.1503,gable,0.0,False,11.8497
fan-reverse-80-40x100,teens_family.anglo,maximum,V2,2,1,best,A,within_plane,,S1,2626.5,713.5,20.0,23.2172,eave,0.0,False,6.7828
fan-reverse-80-40x100,teens_family.anglo,accessible,V0,1,2,rank_2,A,within_plane,,,1967.6,0.0,10.0,16.1727,eave,0.0,False,13.8273
fan-reverse-80-40x100,teens_family.anglo,accessible,V1,2,1,best,A,within_plane,,S1,1660.8,426.8,20.0,23.1292,eave,0.0,False,6.8708
fan-reverse-80-40x100,teens_family.anglo,staged_final,V0,1,2,rank_2,A,within_plane,,,1736.5,0.0,10.0,16.1727,eave,0.0,False,13.8273
fan-reverse-80-40x100,teens_family.anglo,staged_final,V2,2,1,best,A,within_plane,,S1,1584.7,271.8,20.0,22.5564,eave,0.0,False,7.4436
fan-reverse-80-40x100,multigenerational.none,minimum,V0,1,1,best,A,within_plane,,,1523.7,0.0,10.0,16.1727,eave,0.0,False,13.8273
fan-reverse-80-40x100,multigenerational.none,minimum,V1,2,2,rank_2,A,within_plane,,S1,1212.0,431.8,20.0,23.2548,gable,0.0,False,6.7452
fan-reverse-80-40x100,multigenerational.none,optimum,V0,1,1,best,A,within_plane,,,2006.7,0.0,10.0,16.1727,eave,0.0,False,13.8273
fan-reverse-80-40x100,multigenerational.none,optimum,V1,2,2,rank_2,A,within_plane,,S1,1411.9,714.9,20.0,24.3924,eave,0.0,False,5.6076
fan-reverse-80-40x100,multigenerational.none,maximum,V0,1,2,rank_2,P,within_plane,,,3409.7,0.0,10.0,18.6304,gable,0.0,False,11.3696
fan-reverse-80-40x100,multigenerational.none,maximum,V2,2,1,best,B2,within_plane,,S1,2882.7,647.1,20.0,23.457,gable,0.0,False,6.543
fan-reverse-80-40x100,multigenerational.none,accessible,V0,1,1,best,A,within_plane,,,2036.6,0.0,10.0,16.1727,eave,0.0,False,13.8273
fan-reverse-80-40x100,multigenerational.none,accessible,V1,2,2,rank_2,A,within_plane,,S1,1442.2,714.5,20.0,24.3447,eave,0.0,False,5.6553
fan-reverse-80-40x100,multigenerational.none,staged_final,V0,1,2,rank_2,A,within_plane,,,2144.8,0.0,10.0,16.1727,eave,0.0,False,13.8273
fan-reverse-80-40x100,multigenerational.none,staged_final,V2,2,1,best,A,within_plane,,S1,1839.3,425.4,20.0,22.9686,eave,0.0,False,7.0314
fan-reverse-80-40x100,multigenerational.latino,minimum,V0,1,1,best,A,within_plane,,,1523.7,0.0,10.0,16.1727,eave,0.0,False,13.8273
fan-reverse-80-40x100,multigenerational.latino,minimum,V1,2,2,rank_2,A,within_plane,,S1,1212.0,431.8,20.0,23.2548,gable,0.0,False,6.7452
fan-reverse-80-40x100,multigenerational.latino,optimum,V0,1,1,best,A,within_plane,,,2006.7,0.0,10.0,16.1727,eave,0.0,False,13.8273
fan-reverse-80-40x100,multigenerational.latino,optimum,V1,2,2,rank_2,A,within_plane,,S1,1411.9,714.9,20.0,24.3924,eave,0.0,False,5.6076
fan-reverse-80-40x100,multigenerational.latino,maximum,V1,2,2,rank_2,A,within_plane,,S1,2390.4,1145.1,20.0,24.2723,eave,0.0,False,5.7277
fan-reverse-80-40x100,multigenerational.latino,maximum,V2,2,1,best,B2,within_plane,,S1,2888.5,647.0,20.0,23.4602,gable,0.0,False,6.5398
fan-reverse-80-40x100,multigenerational.latino,accessible,V0,1,1,best,A,within_plane,,,2036.6,0.0,10.0,16.1727,eave,0.0,False,13.8273
fan-reverse-80-40x100,multigenerational.latino,accessible,V1,2,2,rank_2,A,within_plane,,S1,1442.2,714.5,20.0,24.3447,eave,0.0,False,5.6553
fan-reverse-80-40x100,multigenerational.latino,staged_final,V0,1,2,rank_2,A,within_plane,,,2144.8,0.0,10.0,16.1727,eave,0.0,False,13.8273
fan-reverse-80-40x100,multigenerational.latino,staged_final,V2,2,1,best,A,within_plane,,S1,1839.3,425.4,20.0,22.9686,eave,0.0,False,7.0314
fan-reverse-80-40x100,multigenerational.anglo,minimum,V0,1,1,best,A,within_plane,,,1523.7,0.0,10.0,16.1727,eave,0.0,False,13.8273
fan-reverse-80-40x100,multigenerational.anglo,minimum,V1,2,2,rank_2,A,within_plane,,S1,1193.7,450.1,20.0,23.2979,gable,0.0,False,6.7021
fan-reverse-80-40x100,multigenerational.anglo,optimum,V0,1,1,best,A,within_plane,,,2052.8,0.0,10.0,16.1727,eave,0.0,False,13.8273
fan-reverse-80-40x100,multigenerational.anglo,optimum,V2,2,2,rank_2,A,within_plane,,S1,1848.7,324.1,20.0,22.5845,eave,0.0,False,7.4155
fan-reverse-80-40x100,multigenerational.anglo,maximum,V1,2,2,rank_2,A,within_plane,,S1,2114.8,1259.7,20.0,24.764,eave,0.0,False,5.236
fan-reverse-80-40x100,multigenerational.anglo,maximum,V2,2,1,best,B2,within_plane,,S1,2696.9,677.6,20.0,23.4216,gable,0.0,False,6.5784
fan-reverse-80-40x100,multigenerational.anglo,accessible,V0,1,1,best,A,within_plane,,,2082.6,0.0,10.0,16.1727,eave,0.0,False,13.8273
fan-reverse-80-40x100,multigenerational.anglo,accessible,V1,2,2,rank_2,A,within_plane,,S1,1524.8,677.8,20.0,24.1155,eave,0.0,False,5.8845
fan-reverse-80-40x100,multigenerational.anglo,staged_final,V1,2,2,rank_2,A,within_plane,,S1,1490.3,832.0,20.0,24.6121,eave,0.0,False,5.3879
fan-reverse-80-40x100,multigenerational.anglo,staged_final,V2,2,1,best,A,within_plane,,S1,1843.3,478.9,20.0,23.1463,eave,0.0,False,6.8537
fan-reverse-80-40x100,empty_nest.none,minimum,V0,1,1,best,A,within_plane,,,1155.8,0.0,10.0,15.2002,gable,0.0,False,14.7998
fan-reverse-80-40x100,empty_nest.none,minimum,V1,2,2,rank_2,A,within_plane,,S1,998.3,277.5,20.0,22.3681,gable,0.0,False,7.6319
fan-reverse-80-40x100,empty_nest.none,optimum,V0,1,1,best,A,within_plane,,,1431.8,0.0,10.0,16.1727,eave,0.0,False,13.8273
fan-reverse-80-40x100,empty_nest.none,maximum,V0,1,1,best,A,within_plane,,,2133.2,0.0,10.0,16.1727,eave,0.0,False,13.8273
fan-reverse-80-40x100,empty_nest.none,maximum,V1,2,2,rank_2,A,within_plane,,S1,1981.7,271.5,20.0,22.2848,eave,0.0,False,7.7152
fan-reverse-80-40x100,empty_nest.none,accessible,V0,1,1,best,A,within_plane,,,1461.6,0.0,10.0,16.1727,eave,0.0,False,13.8273
fan-reverse-80-40x100,empty_nest.none,staged_final,V0,1,1,best,A,within_plane,,,1431.8,0.0,10.0,16.1727,eave,0.0,False,13.8273
fan-reverse-80-40x100,empty_nest.latino,minimum,V0,1,1,best,A,within_plane,,,1155.8,0.0,10.0,15.2002,gable,0.0,False,14.7998
fan-reverse-80-40x100,empty_nest.latino,minimum,V1,2,2,rank_2,A,within_plane,,S1,998.3,277.5,20.0,22.3681,gable,0.0,False,7.6319
fan-reverse-80-40x100,empty_nest.latino,optimum,V0,1,1,best,A,within_plane,,,1431.8,0.0,10.0,16.1727,eave,0.0,False,13.8273
fan-reverse-80-40x100,empty_nest.latino,maximum,V0,1,1,best,A,within_plane,,,2185.0,0.0,10.0,16.1727,eave,0.0,False,13.8273
fan-reverse-80-40x100,empty_nest.latino,maximum,V1,2,2,rank_2,A,within_plane,,S1,2033.7,271.3,20.0,22.2545,eave,0.0,False,7.7455
fan-reverse-80-40x100,empty_nest.latino,accessible,V0,1,1,best,A,within_plane,,,1461.6,0.0,10.0,16.1727,eave,0.0,False,13.8273
fan-reverse-80-40x100,empty_nest.latino,staged_final,V0,1,1,best,A,within_plane,,,1431.8,0.0,10.0,16.1727,eave,0.0,False,13.8273
fan-reverse-80-40x100,empty_nest.anglo,minimum,V0,1,1,best,A,within_plane,,,1155.8,0.0,10.0,15.2002,gable,0.0,False,14.7998
fan-reverse-80-40x100,empty_nest.anglo,minimum,V1,2,2,rank_2,A,within_plane,,S1,979.6,296.1,20.0,22.4231,gable,0.0,False,7.5769
fan-reverse-80-40x100,empty_nest.anglo,optimum,V0,1,1,best,A,within_plane,,,1558.2,0.0,10.0,16.1727,eave,0.0,False,13.8273
fan-reverse-80-40x100,empty_nest.anglo,maximum,V0,1,1,best,A,within_plane,,,2277.0,0.0,10.0,16.1727,eave,0.0,False,13.8273
fan-reverse-80-40x100,empty_nest.anglo,maximum,V1,2,2,rank_2,A,within_plane,,S1,2126.2,270.8,20.0,22.2029,eave,0.0,False,7.7971
fan-reverse-80-40x100,empty_nest.anglo,accessible,V0,1,1,best,A,within_plane,,,1588.1,0.0,10.0,16.1727,eave,0.0,False,13.8273
fan-reverse-80-40x100,empty_nest.anglo,staged_final,V0,1,1,best,A,within_plane,,,1558.2,0.0,10.0,16.1727,eave,0.0,False,13.8273
fan-reverse-80-40x100,remote_work.none,minimum,V0,1,1,best,A,within_plane,,,1282.2,0.0,10.0,15.7689,gable,0.0,False,14.2311
fan-reverse-80-40x100,remote_work.none,minimum,V1,2,2,rank_2,A,within_plane,,S1,990.9,411.4,20.0,22.8726,gable,0.0,False,7.1274
fan-reverse-80-40x100,remote_work.none,optimum,V0,1,1,best,A,within_plane,,,1656.0,0.0,10.0,16.1727,eave,0.0,False,13.8273
fan-reverse-80-40x100,remote_work.none,optimum,V2,2,2,rank_2,A,within_plane,,S1,1394.5,381.5,20.0,23.2286,eave,0.0,False,6.7714
fan-reverse-80-40x100,remote_work.none,maximum,V2,2,1,best,A,within_plane,,S1,1743.1,584.9,20.0,23.5757,eave,0.0,False,6.4243
fan-reverse-80-40x100,remote_work.none,maximum,V4,2,2,rank_2,A,within_plane,,S1,1809.5,518.5,20.0,23.3042,eave,0.0,False,6.6958
fan-reverse-80-40x100,remote_work.none,accessible,V0,1,1,best,A,within_plane,,,1685.9,0.0,10.0,16.1727,eave,0.0,False,13.8273
fan-reverse-80-40x100,remote_work.none,accessible,V1,2,2,rank_2,A,within_plane,,S1,1479.3,326.6,20.0,22.9004,eave,0.0,False,7.0996
fan-reverse-80-40x100,remote_work.none,staged_final,V0,1,1,best,A,within_plane,,,1656.0,0.0,10.0,16.1727,eave,0.0,False,13.8273
fan-reverse-80-40x100,remote_work.none,staged_final,V2,2,2,rank_2,A,within_plane,,S1,1394.5,381.5,20.0,23.2286,eave,0.0,False,6.7714
fan-reverse-80-40x100,remote_work.latino,minimum,V0,1,1,best,A,within_plane,,,1282.2,0.0,10.0,15.7689,gable,0.0,False,14.2311
fan-reverse-80-40x100,remote_work.latino,minimum,V1,2,2,rank_2,A,within_plane,,S1,990.9,411.4,20.0,22.8726,gable,0.0,False,7.1274
fan-reverse-80-40x100,remote_work.latino,optimum,V0,1,1,best,A,within_plane,,,1656.0,0.0,10.0,16.1727,eave,0.0,False,13.8273
fan-reverse-80-40x100,remote_work.latino,optimum,V2,2,2,rank_2,A,within_plane,,S1,1394.5,381.5,20.0,23.2286,eave,0.0,False,6.7714
fan-reverse-80-40x100,remote_work.latino,maximum,V2,2,1,best,A,within_plane,,S1,1969.8,582.5,20.0,23.3567,eave,0.0,False,6.6433
fan-reverse-80-40x100,remote_work.latino,maximum,V4,2,2,rank_2,A,within_plane,,S1,2035.8,516.4,20.0,23.1089,eave,0.0,False,6.8911
fan-reverse-80-40x100,remote_work.latino,accessible,V0,1,1,best,A,within_plane,,,1685.9,0.0,10.0,16.1727,eave,0.0,False,13.8273
fan-reverse-80-40x100,remote_work.latino,accessible,V1,2,2,rank_2,A,within_plane,,S1,1479.3,326.6,20.0,22.9004,eave,0.0,False,7.0996
fan-reverse-80-40x100,remote_work.latino,staged_final,V0,1,1,best,A,within_plane,,,1656.0,0.0,10.0,16.1727,eave,0.0,False,13.8273
fan-reverse-80-40x100,remote_work.latino,staged_final,V2,2,2,rank_2,A,within_plane,,S1,1394.5,381.5,20.0,23.2286,eave,0.0,False,6.7714
fan-reverse-80-40x100,remote_work.anglo,minimum,V0,1,1,best,A,within_plane,,,1282.2,0.0,10.0,15.7689,gable,0.0,False,14.2311
fan-reverse-80-40x100,remote_work.anglo,minimum,V1,2,2,rank_2,A,within_plane,,S1,972.4,429.9,20.0,22.909,gable,0.0,False,7.091
fan-reverse-80-40x100,remote_work.anglo,optimum,V0,1,2,rank_2,A,within_plane,,,1736.5,0.0,10.0,16.1727,eave,0.0,False,13.8273
fan-reverse-80-40x100,remote_work.anglo,optimum,V2,2,1,best,A,within_plane,,S1,1475.8,380.7,20.0,23.1351,eave,0.0,False,6.8649
fan-reverse-80-40x100,remote_work.anglo,maximum,V2,2,1,best,A,within_plane,,S1,1853.6,583.6,20.0,23.4636,eave,0.0,False,6.5364
fan-reverse-80-40x100,remote_work.anglo,maximum,V4,2,2,rank_2,A,within_plane,,S1,1919.8,517.4,20.0,23.2045,eave,0.0,False,6.7955
fan-reverse-80-40x100,remote_work.anglo,accessible,V0,1,1,best,A,within_plane,,,1766.4,0.0,10.0,16.1727,eave,0.0,False,13.8273
fan-reverse-80-40x100,remote_work.anglo,accessible,V1,2,2,rank_2,A,within_plane,,S1,1560.4,326.0,20.0,22.8214,eave,0.0,False,7.1786
fan-reverse-80-40x100,remote_work.anglo,staged_final,V0,1,2,rank_2,A,within_plane,,,1736.5,0.0,10.0,16.1727,eave,0.0,False,13.8273
fan-reverse-80-40x100,remote_work.anglo,staged_final,V2,2,1,best,A,within_plane,,S1,1475.8,380.7,20.0,23.1351,eave,0.0,False,6.8649
fan-reverse-80-40x100,shared_adults.none,minimum,V0,1,2,rank_2,A,within_plane,,,1506.5,0.0,10.0,16.1727,eave,0.0,False,13.8273
fan-reverse-80-40x100,shared_adults.none,minimum,V1,2,1,best,A,within_plane,,S1,981.0,645.5,20.0,23.5803,gable,0.0,False,6.4197
fan-reverse-80-40x100,shared_adults.none,optimum,V0,1,2,rank_2,A,within_plane,,,1736.5,0.0,10.0,16.1727,eave,0.0,False,13.8273
fan-reverse-80-40x100,shared_adults.none,optimum,V1,2,1,best,A,plane_governs,131.0444 angled plane,S1,1161.2,695.3,20.0,24.0427,gable,0.0427,False,5.9573
fan-reverse-80-40x100,shared_adults.none,maximum,V0,1,2,rank_2,A,within_plane,,,2420.8,0.0,10.0,16.1727,eave,0.0,False,13.8273
fan-reverse-80-40x100,shared_adults.none,maximum,V1,2,1,best,A,within_plane,,S1,1597.7,943.0,20.0,24.7423,eave,0.0,False,5.2577
fan-reverse-80-40x100,shared_adults.none,accessible,V0,1,2,rank_2,A,within_plane,,,1766.4,0.0,10.0,16.1727,eave,0.0,False,13.8273
fan-reverse-80-40x100,shared_adults.none,accessible,V1,2,1,best,A,within_plane,,S1,1403.2,483.2,20.0,23.6223,eave,0.0,False,6.3777
fan-reverse-80-40x100,shared_adults.none,staged_final,V0,1,2,rank_2,A,within_plane,,,1736.5,0.0,10.0,16.1727,eave,0.0,False,13.8273
fan-reverse-80-40x100,shared_adults.none,staged_final,V1,2,1,best,A,plane_governs,131.0444 angled plane,S1,1161.2,695.3,20.0,24.0427,gable,0.0427,False,5.9573
fan-reverse-80-40x100,shared_adults.latino,minimum,V0,1,2,rank_2,A,within_plane,,,1506.5,0.0,10.0,16.1727,eave,0.0,False,13.8273
fan-reverse-80-40x100,shared_adults.latino,minimum,V1,2,1,best,A,within_plane,,S1,981.0,645.5,20.0,23.5803,gable,0.0,False,6.4197
fan-reverse-80-40x100,shared_adults.latino,optimum,V0,1,2,rank_2,A,within_plane,,,1736.5,0.0,10.0,16.1727,eave,0.0,False,13.8273
fan-reverse-80-40x100,shared_adults.latino,optimum,V1,2,1,best,A,plane_governs,131.0444 angled plane,S1,1161.2,695.3,20.0,24.0427,gable,0.0427,False,5.9573
fan-reverse-80-40x100,shared_adults.latino,maximum,V0,1,2,rank_2,A,within_plane,,,2472.5,0.0,10.0,16.1727,eave,0.0,False,13.8273
fan-reverse-80-40x100,shared_adults.latino,maximum,V1,2,1,best,A,within_plane,,S1,1650.3,942.2,20.0,24.6641,eave,0.0,False,5.3359
fan-reverse-80-40x100,shared_adults.latino,accessible,V0,1,2,rank_2,A,within_plane,,,1766.4,0.0,10.0,16.1727,eave,0.0,False,13.8273
fan-reverse-80-40x100,shared_adults.latino,accessible,V1,2,1,best,A,within_plane,,S1,1403.2,483.2,20.0,23.6223,eave,0.0,False,6.3777
fan-reverse-80-40x100,shared_adults.latino,staged_final,V0,1,2,rank_2,A,within_plane,,,1736.5,0.0,10.0,16.1727,eave,0.0,False,13.8273
fan-reverse-80-40x100,shared_adults.latino,staged_final,V1,2,1,best,A,plane_governs,131.0444 angled plane,S1,1161.2,695.3,20.0,24.0427,gable,0.0427,False,5.9573
fan-reverse-80-40x100,shared_adults.anglo,minimum,V0,1,2,rank_2,A,within_plane,,,1506.5,0.0,10.0,16.1727,eave,0.0,False,13.8273
fan-reverse-80-40x100,shared_adults.anglo,minimum,V1,2,1,best,A,within_plane,,S1,962.7,663.8,20.0,23.5967,gable,0.0,False,6.4033
fan-reverse-80-40x100,shared_adults.anglo,optimum,V0,1,2,rank_2,A,within_plane,,,1863.0,0.0,10.0,16.1727,eave,0.0,False,13.8273
fan-reverse-80-40x100,shared_adults.anglo,optimum,V1,2,1,best,A,plane_governs,131.0444 angled plane,S1,1223.6,759.4,20.0,24.337,gable,0.337,False,5.663
fan-reverse-80-40x100,shared_adults.anglo,maximum,V0,1,2,rank_2,A,within_plane,,,2472.5,0.0,10.0,16.1727,eave,0.0,False,13.8273
fan-reverse-80-40x100,shared_adults.anglo,maximum,V1,2,1,best,A,within_plane,,S1,1566.3,1026.2,20.0,24.9964,eave,0.0,False,5.0036
fan-reverse-80-40x100,shared_adults.anglo,accessible,V0,1,2,rank_2,A,within_plane,,,1892.9,0.0,10.0,16.1727,eave,0.0,False,13.8273
fan-reverse-80-40x100,shared_adults.anglo,accessible,V1,2,1,best,A,within_plane,,S1,1464.9,548.0,20.0,23.7754,eave,0.0,False,6.2246
fan-reverse-80-40x100,shared_adults.anglo,staged_final,V0,1,2,rank_2,A,within_plane,,,1863.0,0.0,10.0,16.1727,eave,0.0,False,13.8273
fan-reverse-80-40x100,shared_adults.anglo,staged_final,V1,2,1,best,A,plane_governs,131.0444 angled plane,S1,1223.6,759.4,20.0,24.337,gable,0.337,False,5.663
trapezoid-asym-45-65x100,young_couple.none,minimum,V0,1,1,best,A,within_plane,,,1282.2,0.0,10.0,15.3527,gable,0.0,False,14.6473
trapezoid-asym-45-65x100,young_couple.none,minimum,V1,2,2,rank_2,A,within_plane,,S1,990.9,411.4,20.0,22.6654,gable,0.0,False,7.3346
trapezoid-asym-45-65x100,young_couple.none,optimum,V0,1,1,best,A,within_plane,,,1604.2,0.0,10.0,16.6527,eave,0.0,False,13.3473
trapezoid-asym-45-65x100,young_couple.none,optimum,V1,2,2,rank_2,A,within_plane,,S1,1184.2,540.1,20.0,23.3386,gable,0.0,False,6.6614
trapezoid-asym-45-65x100,young_couple.none,maximum,V2,2,1,best,A,within_plane,,S1,2027.5,427.0,20.0,23.053,eave,0.0,False,6.947
trapezoid-asym-45-65x100,young_couple.none,maximum,V4,2,2,rank_2,A,within_plane,,S1,2093.7,360.8,20.0,22.7617,eave,0.0,False,7.2383
trapezoid-asym-45-65x100,young_couple.none,accessible,V0,1,1,best,A,within_plane,,,1634.1,0.0,10.0,16.6527,eave,0.0,False,13.3473
trapezoid-asym-45-65x100,young_couple.none,accessible,V1,2,2,rank_2,A,within_plane,,S1,1560.6,193.5,20.0,22.294,gable,0.0,False,7.706
trapezoid-asym-45-65x100,young_couple.none,staged_final,V0,1,2,rank_2,A,within_plane,,,1782.5,0.0,10.0,16.6527,eave,0.0,False,13.3473
trapezoid-asym-45-65x100,young_couple.none,staged_final,V2,2,1,best,A,within_plane,,S1,1498.1,404.4,20.0,23.2493,gable,0.0,False,6.7507
trapezoid-asym-45-65x100,young_couple.latino,minimum,V0,1,1,best,A,within_plane,,,1282.2,0.0,10.0,15.3527,gable,0.0,False,14.6473
trapezoid-asym-45-65x100,young_couple.latino,minimum,V1,2,2,rank_2,A,within_plane,,S1,990.9,411.4,20.0,22.6654,gable,0.0,False,7.3346
trapezoid-asym-45-65x100,young_couple.latino,optimum,V0,1,1,best,A,within_plane,,,1604.2,0.0,10.0,16.6527,eave,0.0,False,13.3473
trapezoid-asym-45-65x100,young_couple.latino,optimum,V1,2,2,rank_2,A,within_plane,,S1,1184.2,540.1,20.0,23.3386,gable,0.0,False,6.6614
trapezoid-asym-45-65x100,young_couple.latino,maximum,V2,2,1,best,A,within_plane,,S1,2079.6,426.7,20.0,23.0135,eave,0.0,False,6.9865
trapezoid-asym-45-65x100,young_couple.latino,maximum,V4,2,2,rank_2,A,within_plane,,S1,2145.7,360.5,20.0,22.7269,eave,0.0,False,7.2731
trapezoid-asym-45-65x100,young_couple.latino,accessible,V0,1,1,best,A,within_plane,,,1634.1,0.0,10.0,16.6527,eave,0.0,False,13.3473
trapezoid-asym-45-65x100,young_couple.latino,accessible,V1,2,2,rank_2,A,within_plane,,S1,1560.6,193.5,20.0,22.294,gable,0.0,False,7.706
trapezoid-asym-45-65x100,young_couple.latino,staged_final,V0,1,2,rank_2,A,within_plane,,,1782.5,0.0,10.0,16.6527,eave,0.0,False,13.3473
trapezoid-asym-45-65x100,young_couple.latino,staged_final,V2,2,1,best,A,within_plane,,S1,1498.1,404.4,20.0,23.2493,gable,0.0,False,6.7507
trapezoid-asym-45-65x100,young_couple.anglo,minimum,V0,1,1,best,A,within_plane,,,1282.2,0.0,10.0,15.3527,gable,0.0,False,14.6473
trapezoid-asym-45-65x100,young_couple.anglo,minimum,V1,2,2,rank_2,A,within_plane,,S1,972.4,429.9,20.0,22.6991,gable,0.0,False,7.3009
trapezoid-asym-45-65x100,young_couple.anglo,optimum,V0,1,1,best,A,within_plane,,,1684.7,0.0,10.0,16.6527,eave,0.0,False,13.3473
trapezoid-asym-45-65x100,young_couple.anglo,optimum,V1,2,2,rank_2,A,within_plane,,S1,1247.8,556.9,20.0,23.48,gable,0.0,False,6.52
trapezoid-asym-45-65x100,young_couple.anglo,maximum,V2,2,1,best,A,within_plane,,S1,2120.1,426.4,20.0,22.9835,eave,0.0,False,7.0165
trapezoid-asym-45-65x100,young_couple.anglo,maximum,V4,2,2,rank_2,A,within_plane,,S1,2186.2,360.3,20.0,22.7007,eave,0.0,False,7.2993
trapezoid-asym-45-65x100,young_couple.anglo,accessible,V0,1,1,best,A,within_plane,,,1714.6,0.0,10.0,16.6527,eave,0.0,False,13.3473
trapezoid-asym-45-65x100,young_couple.anglo,accessible,V1,2,2,rank_2,A,within_plane,,S1,1641.4,193.2,20.0,22.2824,eave,0.0,False,7.7176
trapezoid-asym-45-65x100,young_couple.anglo,staged_final,V0,1,2,rank_2,A,within_plane,,,1782.5,0.0,10.0,16.6527,eave,0.0,False,13.3473
trapezoid-asym-45-65x100,young_couple.anglo,staged_final,V2,2,1,best,A,within_plane,,S1,1498.1,404.4,20.0,23.2493,gable,0.0,False,6.7507
trapezoid-asym-45-65x100,early_childhood.none,minimum,V0,1,1,best,A,within_plane,,,1305.2,0.0,10.0,15.4487,gable,0.0,False,14.5513
trapezoid-asym-45-65x100,early_childhood.none,minimum,V1,2,2,rank_2,A,within_plane,,S1,989.7,435.6,20.0,22.741,gable,0.0,False,7.259
trapezoid-asym-45-65x100,early_childhood.none,optimum,V0,1,1,best,A,within_plane,,,1610.0,0.0,10.0,16.6527,eave,0.0,False,13.3473
trapezoid-asym-45-65x100,early_childhood.none,optimum,V1,2,2,rank_2,A,within_plane,,S1,1165.7,564.3,20.0,23.3858,gable,0.0,False,6.6142
trapezoid-asym-45-65x100,early_childhood.none,maximum,V0,1,2,rank_2,A,within_plane,,,2829.0,0.0,10.0,16.6527,eave,0.0,False,13.3473
trapezoid-asym-45-65x100,early_childhood.none,maximum,V1,2,1,best,A,within_plane,,S1,1999.7,949.3,20.0,24.5837,eave,0.0,False,5.4163
trapezoid-asym-45-65x100,early_childhood.none,accessible,V0,1,1,best,A,within_plane,,,1639.9,0.0,10.0,16.6527,eave,0.0,False,13.3473
trapezoid-asym-45-65x100,early_childhood.none,accessible,V1,2,2,rank_2,A,within_plane,,S1,1542.1,217.8,20.0,22.4194,gable,0.0,False,7.5806
trapezoid-asym-45-65x100,early_childhood.none,staged_final,V0,1,1,best,A,within_plane,,,1656.0,0.0,10.0,16.6527,eave,0.0,False,13.3473
trapezoid-asym-45-65x100,early_childhood.none,staged_final,V1,2,2,rank_2,A,within_plane,,S1,1212.5,563.5,20.0,23.4507,gable,0.0,False,6.5493
trapezoid-asym-45-65x100,early_childhood.latino,minimum,V0,1,1,best,A,within_plane,,,1305.2,0.0,10.0,15.4487,gable,0.0,False,14.5513
trapezoid-asym-45-65x100,early_childhood.latino,minimum,V1,2,2,rank_2,A,within_plane,,S1,989.7,435.6,20.0,22.741,gable,0.0,False,7.259
trapezoid-asym-45-65x100,early_childhood.latino,optimum,V0,1,1,best,A,within_plane,,,1610.0,0.0,10.0,16.6527,eave,0.0,False,13.3473
trapezoid-asym-45-65x100,early_childhood.latino,optimum,V1,2,2,rank_2,A,within_plane,,S1,1165.7,564.3,20.0,23.3858,gable,0.0,False,6.6142
trapezoid-asym-45-65x100,early_childhood.latino,maximum,V0,1,2,rank_2,B2,within_plane,,,2880.8,0.0,10.0,16.6527,eave,0.0,False,13.3473
trapezoid-asym-45-65x100,early_childhood.latino,maximum,V1,2,1,best,A,within_plane,,S1,2052.1,948.7,20.0,24.5234,eave,0.0,False,5.4766
trapezoid-asym-45-65x100,early_childhood.latino,accessible,V0,1,1,best,A,within_plane,,,1639.9,0.0,10.0,16.6527,eave,0.0,False,13.3473
trapezoid-asym-45-65x100,early_childhood.latino,accessible,V1,2,2,rank_2,A,within_plane,,S1,1542.1,217.8,20.0,22.4194,gable,0.0,False,7.5806
trapezoid-asym-45-65x100,early_childhood.latino,staged_final,V0,1,1,best,A,within_plane,,,1656.0,0.0,10.0,16.6527,eave,0.0,False,13.3473
trapezoid-asym-45-65x100,early_childhood.latino,staged_final,V1,2,2,rank_2,A,within_plane,,S1,1212.5,563.5,20.0,23.4507,gable,0.0,False,6.5493
trapezoid-asym-45-65x100,early_childhood.anglo,minimum,V0,1,1,best,A,within_plane,,,1305.2,0.0,10.0,15.4487,gable,0.0,False,14.5513
trapezoid-asym-45-65x100,early_childhood.anglo,minimum,V1,2,2,rank_2,A,within_plane,,S1,971.2,454.0,20.0,22.772,gable,0.0,False,7.228
trapezoid-asym-45-65x100,early_childhood.anglo,optimum,V0,1,1,best,A,within_plane,,,1736.5,0.0,10.0,16.6527,eave,0.0,False,13.3473
trapezoid-asym-45-65x100,early_childhood.anglo,optimum,V1,2,2,rank_2,A,within_plane,,S1,1227.8,628.7,20.0,23.6678,gable,0.0,False,6.3322
trapezoid-asym-45-65x100,early_childhood.anglo,maximum,V0,1,2,rank_2,A,within_plane,,,2829.0,0.0,10.0,16.6527,eave,0.0,False,13.3473
trapezoid-asym-45-65x100,early_childhood.anglo,maximum,V1,2,1,best,A,within_plane,,S1,1916.2,1032.8,20.0,24.8841,eave,0.0,False,5.1159
trapezoid-asym-45-65x100,early_childhood.anglo,accessible,V0,1,1,best,A,within_plane,,,1766.4,0.0,10.0,16.6527,eave,0.0,False,13.3473
trapezoid-asym-45-65x100,early_childhood.anglo,accessible,V1,2,2,rank_2,A,within_plane,,S1,1669.2,217.2,20.0,22.3998,eave,0.0,False,7.6002
trapezoid-asym-45-65x100,early_childhood.anglo,staged_final,V0,1,1,best,A,within_plane,,,1788.2,0.0,10.0,16.6527,eave,0.0,False,13.3473
trapezoid-asym-45-65x100,early_childhood.anglo,staged_final,V1,2,2,rank_2,A,within_plane,,S1,1226.0,682.3,20.0,23.8181,gable,0.0,False,6.1819
trapezoid-asym-45-65x100,teens_family.none,minimum,V0,1,2,rank_2,A,within_plane,,,1454.8,0.0,10.0,16.0732,gable,0.0,False,13.9268
trapezoid-asym-45-65x100,teens_family.none,minimum,V2,2,1,best,A,within_plane,,S1,1141.9,432.9,20.0,22.9351,gable,0.0,False,7.0649
trapezoid-asym-45-65x100,teens_family.none,optimum,V0,1,2,rank_2,A,within_plane,,,1805.5,0.0,10.0,16.6527,eave,0.0,False,13.3473
trapezoid-asym-45-65x100,teens_family.none,optimum,V2,2,1,best,A,within_plane,,S1,1497.2,428.3,20.0,23.3429,gable,0.0,False,6.6571
trapezoid-asym-45-65x100,teens_family.none,maximum,V1,2,2,rank_2,A,within_plane,,S1,1861.8,1116.0,20.0,25.1506,eave,0.0,False,4.8494
trapezoid-asym-45-65x100,teens_family.none,maximum,V2,2,1,best,A,within_plane,,S1,2362.9,614.8,20.0,23.3934,eave,0.0,False,6.6066
trapezoid-asym-45-65x100,teens_family.none,accessible,V0,1,2,rank_2,A,within_plane,,,1835.4,0.0,10.0,16.6527,eave,0.0,False,13.3473
trapezoid-asym-45-65x100,teens_family.none,accessible,V1,2,1,best,A,within_plane,,S1,1581.7,373.7,20.0,23.2095,gable,0.0,False,6.7905
trapezoid-asym-45-65x100,teens_family.none,staged_final,V0,1,2,rank_2,A,within_plane,,,1656.0,0.0,10.0,16.6527,eave,0.0,False,13.3473
trapezoid-asym-45-65x100,teens_family.none,staged_final,V2,2,1,best,A,within_plane,,S1,1503.7,272.3,20.0,22.6713,gable,0.0,False,7.3287
trapezoid-asym-45-65x100,teens_family.latino,minimum,V0,1,2,rank_2,A,within_plane,,,1454.8,0.0,10.0,16.0732,gable,0.0,False,13.9268
trapezoid-asym-45-65x100,teens_family.latino,minimum,V2,2,1,best,A,within_plane,,S1,1141.9,432.9,20.0,22.9351,gable,0.0,False,7.0649
trapezoid-asym-45-65x100,teens_family.latino,optimum,V0,1,2,rank_2,A,within_plane,,,1805.5,0.0,10.0,16.6527,eave,0.0,False,13.3473
trapezoid-asym-45-65x100,teens_family.latino,optimum,V2,2,1,best,A,within_plane,,S1,1497.2,428.3,20.0,23.3429,gable,0.0,False,6.6571
trapezoid-asym-45-65x100,teens_family.latino,maximum,V1,2,2,rank_2,A,within_plane,,S1,1861.8,1116.0,20.0,25.1506,eave,0.0,False,4.8494
trapezoid-asym-45-65x100,teens_family.latino,maximum,V2,2,1,best,A,within_plane,,S1,2362.9,614.8,20.0,23.3934,eave,0.0,False,6.6066
trapezoid-asym-45-65x100,teens_family.latino,accessible,V0,1,2,rank_2,A,within_plane,,,1835.4,0.0,10.0,16.6527,eave,0.0,False,13.3473
trapezoid-asym-45-65x100,teens_family.latino,accessible,V1,2,1,best,A,within_plane,,S1,1581.7,373.7,20.0,23.2095,gable,0.0,False,6.7905
trapezoid-asym-45-65x100,teens_family.latino,staged_final,V0,1,2,rank_2,A,within_plane,,,1656.0,0.0,10.0,16.6527,eave,0.0,False,13.3473
trapezoid-asym-45-65x100,teens_family.latino,staged_final,V2,2,1,best,A,within_plane,,S1,1503.7,272.3,20.0,22.6713,gable,0.0,False,7.3287
trapezoid-asym-45-65x100,teens_family.anglo,minimum,V0,1,2,rank_2,A,within_plane,,,1454.8,0.0,10.0,16.0732,gable,0.0,False,13.9268
trapezoid-asym-45-65x100,teens_family.anglo,minimum,V2,2,1,best,A,within_plane,,S1,1123.6,451.2,20.0,22.9724,gable,0.0,False,7.0276
trapezoid-asym-45-65x100,teens_family.anglo,optimum,V0,1,2,rank_2,A,within_plane,,,1937.7,0.0,10.0,16.6527,eave,0.0,False,13.3473
trapezoid-asym-45-65x100,teens_family.anglo,optimum,V2,2,1,best,A,within_plane,,S1,1510.3,547.4,20.0,23.7958,gable,0.0,False,6.2042
trapezoid-asym-45-65x100,teens_family.anglo,maximum,V1,2,2,rank_2,A,within_plane,,S1,1794.3,1263.9,20.0,25.5835,eave,0.0,False,4.4165
trapezoid-asym-45-65x100,teens_family.anglo,maximum,V2,2,1,best,A,within_plane,,S1,2378.4,679.8,20.0,23.5567,eave,0.0,False,6.4433
trapezoid-asym-45-65x100,teens_family.anglo,accessible,V0,1,2,rank_2,A,within_plane,,,1967.6,0.0,10.0,16.6527,eave,0.0,False,13.3473
trapezoid-asym-45-65x100,teens_family.anglo,accessible,V1,2,1,best,A,within_plane,,S1,1660.8,426.8,20.0,23.3725,eave,0.0,False,6.6275
trapezoid-asym-45-65x100,teens_family.anglo,staged_final,V0,1,2,rank_2,A,within_plane,,,1736.5,0.0,10.0,16.6527,eave,0.0,False,13.3473
trapezoid-asym-45-65x100,teens_family.anglo,staged_final,V2,2,1,best,A,within_plane,,S1,1584.7,271.8,20.0,22.7398,gable,0.0,False,7.2602
trapezoid-asym-45-65x100,multigenerational.none,minimum,V0,1,1,best,A,within_plane,,,1523.7,0.0,10.0,16.3608,gable,0.0,False,13.6392
trapezoid-asym-45-65x100,multigenerational.none,minimum,V1,2,2,rank_2,A,within_plane,,S1,1212.0,431.8,20.0,23.02,gable,0.0,False,6.98
trapezoid-asym-45-65x100,multigenerational.none,optimum,V0,1,1,best,A,within_plane,,,1857.2,0.0,10.0,16.6527,eave,0.0,False,13.3473
trapezoid-asym-45-65x100,multigenerational.none,optimum,V1,2,2,rank_2,A,within_plane,,S1,1416.8,560.5,20.0,23.7201,gable,0.0,False,6.2799
trapezoid-asym-45-65x100,multigenerational.none,maximum,V1,2,1,best,A,within_plane,,S1,2118.0,1112.8,20.0,24.8222,eave,0.0,False,5.1778
trapezoid-asym-45-65x100,multigenerational.none,maximum,V2,2,2,rank_2,A,within_plane,,S1,2617.6,613.2,20.0,23.2199,eave,0.0,False,6.7801
trapezoid-asym-45-65x100,multigenerational.none,accessible,V0,1,1,best,A,within_plane,,,1887.1,0.0,10.0,16.6527,eave,0.0,False,13.3473
trapezoid-asym-45-65x100,multigenerational.none,accessible,V1,2,2,rank_2,A,within_plane,,S1,1447.0,560.1,20.0,23.7582,gable,0.0,False,6.2418
trapezoid-asym-45-65x100,multigenerational.none,staged_final,V1,2,2,rank_2,A,plane_governs,131.0444 angled plane,S1,1411.9,714.9,20.0,24.1941,gable,0.1941,False,5.8059
trapezoid-asym-45-65x100,multigenerational.none,staged_final,V2,2,1,best,A,within_plane,,S1,1700.2,426.5,20.0,23.332,eave,0.0,False,6.668
trapezoid-asym-45-65x100,multigenerational.latino,minimum,V0,1,1,best,A,within_plane,,,1523.7,0.0,10.0,16.3608,gable,0.0,False,13.6392
trapezoid-asym-45-65x100,multigenerational.latino,minimum,V1,2,2,rank_2,A,within_plane,,S1,1212.0,431.8,20.0,23.02,gable,0.0,False,6.98
trapezoid-asym-45-65x100,multigenerational.latino,optimum,V0,1,1,best,A,within_plane,,,1811.2,0.0,10.0,16.6527,eave,0.0,False,13.3473
trapezoid-asym-45-65x100,multigenerational.latino,optimum,V1,2,2,rank_2,A,within_plane,,S1,1370.1,561.1,20.0,23.6603,gable,0.0,False,6.3397
trapezoid-asym-45-65x100,multigenerational.latino,maximum,V1,2,1,best,A,within_plane,,S1,2065.6,1113.4,20.0,24.8843,eave,0.0,False,5.1157
trapezoid-asym-45-65x100,multigenerational.latino,maximum,V2,2,2,rank_2,A,within_plane,,S1,2565.5,613.5,20.0,23.2532,eave,0.0,False,6.7468
trapezoid-asym-45-65x100,multigenerational.latino,accessible,V0,1,1,best,A,within_plane,,,1841.1,0.0,10.0,16.6527,eave,0.0,False,13.3473
trapezoid-asym-45-65x100,multigenerational.latino,accessible,V1,2,2,rank_2,A,within_plane,,S1,1400.4,560.7,20.0,23.6992,gable,0.0,False,6.3008
trapezoid-asym-45-65x100,multigenerational.latino,staged_final,V1,2,2,rank_2,A,plane_governs,131.0444 angled plane,S1,1411.9,714.9,20.0,24.1941,gable,0.1941,False,5.8059
trapezoid-asym-45-65x100,multigenerational.latino,staged_final,V2,2,1,best,A,within_plane,,S1,1700.2,426.5,20.0,23.332,eave,0.0,False,6.668
trapezoid-asym-45-65x100,multigenerational.anglo,minimum,V0,1,1,best,A,within_plane,,,1523.7,0.0,10.0,16.3608,gable,0.0,False,13.6392
trapezoid-asym-45-65x100,multigenerational.anglo,minimum,V1,2,2,rank_2,A,within_plane,,S1,1193.7,450.1,20.0,23.06,gable,0.0,False,6.94
trapezoid-asym-45-65x100,multigenerational.anglo,optimum,V0,1,1,best,A,within_plane,,,2001.0,0.0,10.0,16.6527,eave,0.0,False,13.3473
trapezoid-asym-45-65x100,multigenerational.anglo,optimum,V1,2,2,rank_2,A,plane_governs,131.0444 angled plane,S1,1496.2,624.8,20.0,24.0363,gable,0.0363,False,5.9637
trapezoid-asym-45-65x100,multigenerational.anglo,maximum,V1,2,1,best,A,within_plane,,S1,2082.9,1119.1,20.0,24.8764,eave,0.0,False,5.1236
trapezoid-asym-45-65x100,multigenerational.anglo,maximum,V2,2,2,rank_2,A,within_plane,,S1,2594.6,607.4,20.0,23.2188,eave,0.0,False,6.7812
trapezoid-asym-45-65x100,multigenerational.anglo,accessible,V0,1,1,best,A,within_plane,,,2030.9,0.0,10.0,16.6527,eave,0.0,False,13.3473
trapezoid-asym-45-65x100,multigenerational.anglo,accessible,V1,2,2,rank_2,A,plane_governs,131.0444 angled plane,S1,1526.4,624.5,20.0,24.0758,gable,0.0758,False,5.9242
trapezoid-asym-45-65x100,multigenerational.anglo,staged_final,V1,2,2,rank_2,A,plane_governs,131.0444 angled plane,S1,1491.7,778.8,20.0,24.4995,gable,0.4995,False,5.5005
trapezoid-asym-45-65x100,multigenerational.anglo,staged_final,V2,2,1,best,A,within_plane,,S1,1845.1,425.4,20.0,23.1944,eave,0.0,False,6.8056
trapezoid-asym-45-65x100,empty_nest.none,minimum,V0,1,1,best,A,within_plane,,,1155.8,0.0,10.0,14.825,gable,0.0,False,15.175
trapezoid-asym-45-65x100,empty_nest.none,minimum,V1,2,2,rank_2,A,within_plane,,S1,998.3,277.5,20.0,22.1972,gable,0.0,False,7.8028
trapezoid-asym-45-65x100,empty_nest.none,optimum,V0,1,1,best,A,within_plane,,,1431.8,0.0,10.0,15.9772,gable,0.0,False,14.0228
trapezoid-asym-45-65x100,empty_nest.none,maximum,V0,1,1,best,A,within_plane,,,2133.2,0.0,10.0,16.6527,eave,0.0,False,13.3473
trapezoid-asym-45-65x100,empty_nest.none,maximum,V1,2,2,rank_2,A,within_plane,,S1,1981.7,271.5,20.0,22.4624,eave,0.0,False,7.5376
trapezoid-asym-45-65x100,empty_nest.none,accessible,V0,1,1,best,A,within_plane,,,1461.6,0.0,10.0,16.1016,gable,0.0,False,13.8984
trapezoid-asym-45-65x100,empty_nest.none,staged_final,V0,1,1,best,A,within_plane,,,1431.8,0.0,10.0,15.9772,gable,0.0,False,14.0228
trapezoid-asym-45-65x100,empty_nest.latino,minimum,V0,1,1,best,A,within_plane,,,1155.8,0.0,10.0,14.825,gable,0.0,False,15.175
trapezoid-asym-45-65x100,empty_nest.latino,minimum,V1,2,2,rank_2,A,within_plane,,S1,998.3,277.5,20.0,22.1972,gable,0.0,False,7.8028
trapezoid-asym-45-65x100,empty_nest.latino,optimum,V0,1,1,best,A,within_plane,,,1431.8,0.0,10.0,15.9772,gable,0.0,False,14.0228
trapezoid-asym-45-65x100,empty_nest.latino,maximum,V0,1,1,best,A,within_plane,,,2185.0,0.0,10.0,16.6527,eave,0.0,False,13.3473
trapezoid-asym-45-65x100,empty_nest.latino,maximum,V1,2,2,rank_2,A,within_plane,,S1,2033.7,271.3,20.0,22.4298,eave,0.0,False,7.5702
trapezoid-asym-45-65x100,empty_nest.latino,accessible,V0,1,1,best,A,within_plane,,,1461.6,0.0,10.0,16.1016,gable,0.0,False,13.8984
trapezoid-asym-45-65x100,empty_nest.latino,staged_final,V0,1,1,best,A,within_plane,,,1431.8,0.0,10.0,15.9772,gable,0.0,False,14.0228
trapezoid-asym-45-65x100,empty_nest.anglo,minimum,V0,1,1,best,A,within_plane,,,1155.8,0.0,10.0,14.825,gable,0.0,False,15.175
trapezoid-asym-45-65x100,empty_nest.anglo,minimum,V1,2,2,rank_2,A,within_plane,,S1,979.6,296.1,20.0,22.2483,gable,0.0,False,7.7517
trapezoid-asym-45-65x100,empty_nest.anglo,optimum,V0,1,1,best,A,within_plane,,,1558.2,0.0,10.0,16.5049,gable,0.0,False,13.4951
trapezoid-asym-45-65x100,empty_nest.anglo,maximum,V0,1,1,best,A,within_plane,,,2277.0,0.0,10.0,16.6527,eave,0.0,False,13.3473
trapezoid-asym-45-65x100,empty_nest.anglo,maximum,V1,2,2,rank_2,A,within_plane,,S1,2126.2,270.8,20.0,22.3742,eave,0.0,False,7.6258
trapezoid-asym-45-65x100,empty_nest.anglo,accessible,V0,1,1,best,A,within_plane,,,1588.1,0.0,10.0,16.6297,gable,0.0,False,13.3703
trapezoid-asym-45-65x100,empty_nest.anglo,staged_final,V0,1,1,best,A,within_plane,,,1558.2,0.0,10.0,16.5049,gable,0.0,False,13.4951
trapezoid-asym-45-65x100,remote_work.none,minimum,V0,1,1,best,A,within_plane,,,1282.2,0.0,10.0,15.3527,gable,0.0,False,14.6473
trapezoid-asym-45-65x100,remote_work.none,minimum,V1,2,2,rank_2,A,within_plane,,S1,990.9,411.4,20.0,22.6654,gable,0.0,False,7.3346
trapezoid-asym-45-65x100,remote_work.none,optimum,V0,1,2,rank_2,A,within_plane,,,1656.0,0.0,10.0,16.6527,eave,0.0,False,13.3473
trapezoid-asym-45-65x100,remote_work.none,optimum,V2,2,1,best,A,within_plane,,S1,1394.5,381.5,20.0,23.0449,gable,0.0,False,6.9551
trapezoid-asym-45-65x100,remote_work.none,maximum,V2,2,1,best,A,within_plane,,S1,1743.1,584.9,20.0,23.8537,eave,0.0,False,6.1463
trapezoid-asym-45-65x100,remote_work.none,maximum,V4,2,2,rank_2,A,within_plane,,S1,1809.5,518.5,20.0,23.5612,eave,0.0,False,6.4388
trapezoid-asym-45-65x100,remote_work.none,accessible,V0,1,1,best,A,within_plane,,,1685.9,0.0,10.0,16.6527,eave,0.0,False,13.3473
trapezoid-asym-45-65x100,remote_work.none,accessible,V1,2,2,rank_2,A,within_plane,,S1,1479.3,326.6,20.0,22.9017,gable,0.0,False,7.0983
trapezoid-asym-45-65x100,remote_work.none,staged_final,V0,1,2,rank_2,A,within_plane,,,1656.0,0.0,10.0,16.6527,eave,0.0,False,13.3473
trapezoid-asym-45-65x100,remote_work.none,staged_final,V2,2,1,best,A,within_plane,,S1,1394.5,381.5,20.0,23.0449,gable,0.0,False,6.9551
trapezoid-asym-45-65x100,remote_work.latino,minimum,V0,1,1,best,A,within_plane,,,1282.2,0.0,10.0,15.3527,gable,0.0,False,14.6473
trapezoid-asym-45-65x100,remote_work.latino,minimum,V1,2,2,rank_2,A,within_plane,,S1,990.9,411.4,20.0,22.6654,gable,0.0,False,7.3346
trapezoid-asym-45-65x100,remote_work.latino,optimum,V0,1,2,rank_2,A,within_plane,,,1656.0,0.0,10.0,16.6527,eave,0.0,False,13.3473
trapezoid-asym-45-65x100,remote_work.latino,optimum,V2,2,1,best,A,within_plane,,S1,1394.5,381.5,20.0,23.0449,gable,0.0,False,6.9551
trapezoid-asym-45-65x100,remote_work.latino,maximum,V2,2,1,best,A,within_plane,,S1,1969.8,582.5,20.0,23.6177,eave,0.0,False,6.3823
trapezoid-asym-45-65x100,remote_work.latino,maximum,V4,2,2,rank_2,A,within_plane,,S1,2035.8,516.4,20.0,23.3506,eave,0.0,False,6.6494
trapezoid-asym-45-65x100,remote_work.latino,accessible,V0,1,1,best,A,within_plane,,,1685.9,0.0,10.0,16.6527,eave,0.0,False,13.3473
trapezoid-asym-45-65x100,remote_work.latino,accessible,V1,2,2,rank_2,A,within_plane,,S1,1479.3,326.6,20.0,22.9017,gable,0.0,False,7.0983
trapezoid-asym-45-65x100,remote_work.latino,staged_final,V0,1,2,rank_2,A,within_plane,,,1656.0,0.0,10.0,16.6527,eave,0.0,False,13.3473
trapezoid-asym-45-65x100,remote_work.latino,staged_final,V2,2,1,best,A,within_plane,,S1,1394.5,381.5,20.0,23.0449,gable,0.0,False,6.9551
trapezoid-asym-45-65x100,remote_work.anglo,minimum,V0,1,1,best,A,within_plane,,,1282.2,0.0,10.0,15.3527,gable,0.0,False,14.6473
trapezoid-asym-45-65x100,remote_work.anglo,minimum,V1,2,2,rank_2,A,within_plane,,S1,972.4,429.9,20.0,22.6991,gable,0.0,False,7.3009
trapezoid-asym-45-65x100,remote_work.anglo,optimum,V0,1,2,rank_2,A,within_plane,,,1736.5,0.0,10.0,16.6527,eave,0.0,False,13.3473
trapezoid-asym-45-65x100,remote_work.anglo,optimum,V2,2,1,best,A,within_plane,,S1,1475.8,380.7,20.0,23.1291,gable,0.0,False,6.8709
trapezoid-asym-45-65x100,remote_work.anglo,maximum,V2,2,1,best,A,within_plane,,S1,1853.6,583.6,20.0,23.7329,eave,0.0,False,6.2671
trapezoid-asym-45-65x100,remote_work.anglo,maximum,V4,2,2,rank_2,A,within_plane,,S1,1919.8,517.4,20.0,23.4537,eave,0.0,False,6.5463
trapezoid-asym-45-65x100,remote_work.anglo,accessible,V0,1,1,best,A,within_plane,,,1766.4,0.0,10.0,16.6527,eave,0.0,False,13.3473
trapezoid-asym-45-65x100,remote_work.anglo,accessible,V1,2,2,rank_2,A,within_plane,,S1,1560.4,326.0,20.0,22.9774,gable,0.0,False,7.0226
trapezoid-asym-45-65x100,remote_work.anglo,staged_final,V0,1,2,rank_2,A,within_plane,,,1736.5,0.0,10.0,16.6527,eave,0.0,False,13.3473
trapezoid-asym-45-65x100,remote_work.anglo,staged_final,V2,2,1,best,A,within_plane,,S1,1475.8,380.7,20.0,23.1291,gable,0.0,False,6.8709
trapezoid-asym-45-65x100,shared_adults.none,minimum,V0,1,2,rank_2,A,within_plane,,,1506.5,0.0,10.0,16.289,gable,0.0,False,13.711
trapezoid-asym-45-65x100,shared_adults.none,minimum,V1,2,1,best,A,within_plane,,S1,981.0,645.5,20.0,23.322,gable,0.0,False,6.678
trapezoid-asym-45-65x100,shared_adults.none,optimum,V0,1,2,rank_2,A,within_plane,,,1736.5,0.0,10.0,16.6527,eave,0.0,False,13.3473
trapezoid-asym-45-65x100,shared_adults.none,optimum,V1,2,1,best,A,within_plane,,S1,1161.2,695.3,20.0,23.7511,gable,0.0,False,6.2489
trapezoid-asym-45-65x100,shared_adults.none,maximum,V0,1,2,rank_2,A,within_plane,,,2420.8,0.0,10.0,16.6527,eave,0.0,False,13.3473
trapezoid-asym-45-65x100,shared_adults.none,maximum,V1,2,1,best,A,within_plane,,S1,1597.7,943.0,20.0,25.111,eave,0.0,False,4.889
trapezoid-asym-45-65x100,shared_adults.none,accessible,V0,1,2,rank_2,A,within_plane,,,1766.4,0.0,10.0,16.6527,eave,0.0,False,13.3473
trapezoid-asym-45-65x100,shared_adults.none,accessible,V1,2,1,best,A,within_plane,,S1,1403.2,483.2,20.0,23.4375,gable,0.0,False,6.5625
trapezoid-asym-45-65x100,shared_adults.none,staged_final,V0,1,2,rank_2,A,within_plane,,,1736.5,0.0,10.0,16.6527,eave,0.0,False,13.3473
trapezoid-asym-45-65x100,shared_adults.none,staged_final,V1,2,1,best,A,within_plane,,S1,1161.2,695.3,20.0,23.7511,gable,0.0,False,6.2489
trapezoid-asym-45-65x100,shared_adults.latino,minimum,V0,1,2,rank_2,A,within_plane,,,1506.5,0.0,10.0,16.289,gable,0.0,False,13.711
trapezoid-asym-45-65x100,shared_adults.latino,minimum,V1,2,1,best,A,within_plane,,S1,981.0,645.5,20.0,23.322,gable,0.0,False,6.678
trapezoid-asym-45-65x100,shared_adults.latino,optimum,V0,1,2,rank_2,A,within_plane,,,1736.5,0.0,10.0,16.6527,eave,0.0,False,13.3473
trapezoid-asym-45-65x100,shared_adults.latino,optimum,V1,2,1,best,A,within_plane,,S1,1161.2,695.3,20.0,23.7511,gable,0.0,False,6.2489
trapezoid-asym-45-65x100,shared_adults.latino,maximum,V0,1,2,rank_2,A,within_plane,,,2472.5,0.0,10.0,16.6527,eave,0.0,False,13.3473
trapezoid-asym-45-65x100,shared_adults.latino,maximum,V1,2,1,best,A,within_plane,,S1,1650.3,942.2,20.0,25.0267,eave,0.0,False,4.9733
trapezoid-asym-45-65x100,shared_adults.latino,accessible,V0,1,2,rank_2,A,within_plane,,,1766.4,0.0,10.0,16.6527,eave,0.0,False,13.3473
trapezoid-asym-45-65x100,shared_adults.latino,accessible,V1,2,1,best,A,within_plane,,S1,1403.2,483.2,20.0,23.4375,gable,0.0,False,6.5625
trapezoid-asym-45-65x100,shared_adults.latino,staged_final,V0,1,2,rank_2,A,within_plane,,,1736.5,0.0,10.0,16.6527,eave,0.0,False,13.3473
trapezoid-asym-45-65x100,shared_adults.latino,staged_final,V1,2,1,best,A,within_plane,,S1,1161.2,695.3,20.0,23.7511,gable,0.0,False,6.2489
trapezoid-asym-45-65x100,shared_adults.anglo,minimum,V0,1,2,rank_2,A,within_plane,,,1506.5,0.0,10.0,16.289,gable,0.0,False,13.711
trapezoid-asym-45-65x100,shared_adults.anglo,minimum,V1,2,1,best,A,within_plane,,S1,962.7,663.8,20.0,23.3372,gable,0.0,False,6.6628
trapezoid-asym-45-65x100,shared_adults.anglo,optimum,V0,1,2,rank_2,A,within_plane,,,1863.0,0.0,10.0,16.6527,eave,0.0,False,13.3473
trapezoid-asym-45-65x100,shared_adults.anglo,optimum,V1,2,1,best,A,plane_governs,131.0444 angled plane,S1,1223.6,759.4,20.0,24.0241,gable,0.0241,False,5.9759
trapezoid-asym-45-65x100,shared_adults.anglo,maximum,V0,1,2,rank_2,A,within_plane,,,2472.5,0.0,10.0,16.6527,eave,0.0,False,13.3473
trapezoid-asym-45-65x100,shared_adults.anglo,maximum,V1,2,1,best,A,plane_governs,131.0444 angled plane,S1,1566.3,1026.2,20.0,25.2926,gable,1.2926,False,4.7074
trapezoid-asym-45-65x100,shared_adults.anglo,accessible,V0,1,2,rank_2,A,within_plane,,,1892.9,0.0,10.0,16.6527,eave,0.0,False,13.3473
trapezoid-asym-45-65x100,shared_adults.anglo,accessible,V1,2,1,best,A,within_plane,,S1,1464.9,548.0,20.0,23.7403,gable,0.0,False,6.2597
trapezoid-asym-45-65x100,shared_adults.anglo,staged_final,V0,1,2,rank_2,A,within_plane,,,1863.0,0.0,10.0,16.6527,eave,0.0,False,13.3473
trapezoid-asym-45-65x100,shared_adults.anglo,staged_final,V1,2,1,best,A,plane_governs,131.0444 angled plane,S1,1223.6,759.4,20.0,24.0241,gable,0.0241,False,5.9759
flag-70x80-pole20,young_couple.none,minimum,V0,1,1,best,A,within_plane,,,1282.2,0.0,10.0,13.4464,gable,0.0,False,16.5536
flag-70x80-pole20,young_couple.none,minimum,V1,2,2,rank_2,A,within_plane,,S1,990.9,411.4,20.0,21.7162,gable,0.0,False,8.2838
flag-70x80-pole20,young_couple.none,optimum,V0,1,1,best,A,within_plane,,,1604.2,0.0,10.0,14.3119,gable,0.0,False,15.6881
flag-70x80-pole20,young_couple.none,optimum,V1,2,2,rank_2,A,within_plane,,S1,1184.2,540.1,20.0,22.1496,gable,0.0,False,7.8504
flag-70x80-pole20,young_couple.none,maximum,V2,2,1,best,A,within_plane,,S1,2027.5,427.0,20.0,22.501,gable,0.0,False,7.499
flag-70x80-pole20,young_couple.none,maximum,V4,2,2,rank_2,A,within_plane,,S1,2093.7,360.8,20.0,22.3362,gable,0.0,False,7.6638
flag-70x80-pole20,young_couple.none,accessible,V0,1,1,best,A,within_plane,,,1634.1,0.0,10.0,14.3923,gable,0.0,False,15.6077
flag-70x80-pole20,young_couple.none,accessible,V1,2,2,rank_2,A,within_plane,,S1,1560.6,193.5,20.0,21.4771,gable,0.0,False,8.5229
flag-70x80-pole20,young_couple.none,staged_final,V0,1,2,rank_2,A,within_plane,,,1782.5,0.0,10.0,14.7912,gable,0.0,False,15.2088
flag-70x80-pole20,young_couple.none,staged_final,V2,2,1,best,A,within_plane,,S1,1498.1,404.4,20.0,22.0921,gable,0.0,False,7.9079
flag-70x80-pole20,young_couple.latino,minimum,V0,1,1,best,A,within_plane,,,1282.2,0.0,10.0,13.4464,gable,0.0,False,16.5536
flag-70x80-pole20,young_couple.latino,minimum,V1,2,2,rank_2,A,within_plane,,S1,990.9,411.4,20.0,21.7162,gable,0.0,False,8.2838
flag-70x80-pole20,young_couple.latino,optimum,V0,1,1,best,A,within_plane,,,1604.2,0.0,10.0,14.3119,gable,0.0,False,15.6881
flag-70x80-pole20,young_couple.latino,optimum,V1,2,2,rank_2,A,within_plane,,S1,1184.2,540.1,20.0,22.1496,gable,0.0,False,7.8504
flag-70x80-pole20,young_couple.latino,maximum,V2,2,1,best,A,within_plane,,S1,2079.6,426.7,20.0,22.532,gable,0.0,False,7.468
flag-70x80-pole20,young_couple.latino,maximum,V4,2,2,rank_2,A,within_plane,,S1,2145.7,360.5,20.0,22.364,gable,0.0,False,7.636
flag-70x80-pole20,young_couple.latino,accessible,V0,1,1,best,A,within_plane,,,1634.1,0.0,10.0,14.3923,gable,0.0,False,15.6077
flag-70x80-pole20,young_couple.latino,accessible,V1,2,2,rank_2,A,within_plane,,S1,1560.6,193.5,20.0,21.4771,gable,0.0,False,8.5229
flag-70x80-pole20,young_couple.latino,staged_final,V0,1,2,rank_2,A,within_plane,,,1782.5,0.0,10.0,14.7912,gable,0.0,False,15.2088
flag-70x80-pole20,young_couple.latino,staged_final,V2,2,1,best,A,within_plane,,S1,1498.1,404.4,20.0,22.0921,gable,0.0,False,7.9079
flag-70x80-pole20,young_couple.anglo,minimum,V0,1,1,best,A,within_plane,,,1282.2,0.0,10.0,13.4464,gable,0.0,False,16.5536
flag-70x80-pole20,young_couple.anglo,minimum,V1,2,2,rank_2,A,within_plane,,S1,972.4,429.9,20.0,21.7379,gable,0.0,False,8.2621
flag-70x80-pole20,young_couple.anglo,optimum,V0,1,1,best,A,within_plane,,,1684.7,0.0,10.0,14.5283,gable,0.0,False,15.4717
flag-70x80-pole20,young_couple.anglo,optimum,V1,2,2,rank_2,A,within_plane,,S1,1247.8,556.9,20.0,22.2407,gable,0.0,False,7.7593
flag-70x80-pole20,young_couple.anglo,maximum,V2,2,1,best,A,within_plane,,S1,2120.1,426.4,20.0,22.5556,gable,0.0,False,7.4444
flag-70x80-pole20,young_couple.anglo,maximum,V4,2,2,rank_2,A,within_plane,,S1,2186.2,360.3,20.0,22.3856,gable,0.0,False,7.6144
flag-70x80-pole20,young_couple.anglo,accessible,V0,1,1,best,A,within_plane,,,1714.6,0.0,10.0,14.6087,gable,0.0,False,15.3913
flag-70x80-pole20,young_couple.anglo,accessible,V1,2,2,rank_2,A,within_plane,,S1,1641.4,193.2,20.0,21.5136,gable,0.0,False,8.4864
flag-70x80-pole20,young_couple.anglo,staged_final,V1,2,2,rank_2,A,within_plane,,S1,1226.2,676.3,20.0,22.4477,gable,0.0,False,7.5523
flag-70x80-pole20,young_couple.anglo,staged_final,V2,2,1,best,A,within_plane,,S1,1498.1,404.4,20.0,22.0921,gable,0.0,False,7.9079
flag-70x80-pole20,early_childhood.none,minimum,V0,1,1,best,A,within_plane,,,1305.2,0.0,10.0,13.5083,gable,0.0,False,16.4917
flag-70x80-pole20,early_childhood.none,minimum,V1,2,2,rank_2,A,within_plane,,S1,989.7,435.6,20.0,21.7649,gable,0.0,False,8.2351
flag-70x80-pole20,early_childhood.none,optimum,V0,1,1,best,A,within_plane,,,1610.0,0.0,10.0,14.3275,gable,0.0,False,15.6725
flag-70x80-pole20,early_childhood.none,optimum,V1,2,2,rank_2,A,within_plane,,S1,1165.7,564.3,20.0,22.18,gable,0.0,False,7.82
flag-70x80-pole20,early_childhood.none,maximum,V0,1,2,rank_2,A,within_plane,,,2829.0,0.0,10.0,17.6041,gable,0.0,False,12.3959
flag-70x80-pole20,early_childhood.none,maximum,V1,2,1,best,A,within_plane,,S1,1999.7,949.3,20.0,23.7034,gable,0.0,False,6.2966
flag-70x80-pole20,early_childhood.none,accessible,V0,1,1,best,A,within_plane,,,1639.9,0.0,10.0,14.4079,gable,0.0,False,15.5921
flag-70x80-pole20,early_childhood.none,accessible,V1,2,2,rank_2,A,within_plane,,S1,1542.1,217.8,20.0,21.5578,gable,0.0,False,8.4422
flag-70x80-pole20,early_childhood.none,staged_final,V0,1,1,best,A,within_plane,,,1656.0,0.0,10.0,14.4512,gable,0.0,False,15.5488
flag-70x80-pole20,early_childhood.none,staged_final,V1,2,2,rank_2,A,within_plane,,S1,1212.5,563.5,20.0,22.2218,gable,0.0,False,7.7782
flag-70x80-pole20,early_childhood.latino,minimum,V0,1,1,best,A,within_plane,,,1305.2,0.0,10.0,13.5083,gable,0.0,False,16.4917
flag-70x80-pole20,early_childhood.latino,minimum,V1,2,2,rank_2,A,within_plane,,S1,989.7,435.6,20.0,21.7649,gable,0.0,False,8.2351
flag-70x80-pole20,early_childhood.latino,optimum,V0,1,1,best,A,within_plane,,,1610.0,0.0,10.0,14.3275,gable,0.0,False,15.6725
flag-70x80-pole20,early_childhood.latino,optimum,V1,2,2,rank_2,A,within_plane,,S1,1165.7,564.3,20.0,22.18,gable,0.0,False,7.82
flag-70x80-pole20,early_childhood.latino,maximum,V0,1,2,rank_2,A,within_plane,,,2880.8,0.0,10.0,17.7433,gable,0.0,False,12.2567
flag-70x80-pole20,early_childhood.latino,maximum,V1,2,1,best,A,within_plane,,S1,2052.1,948.7,20.0,23.7504,gable,0.0,False,6.2496
flag-70x80-pole20,early_childhood.latino,accessible,V0,1,1,best,A,within_plane,,,1639.9,0.0,10.0,14.4079,gable,0.0,False,15.5921
flag-70x80-pole20,early_childhood.latino,accessible,V1,2,2,rank_2,A,within_plane,,S1,1542.1,217.8,20.0,21.5578,gable,0.0,False,8.4422
flag-70x80-pole20,early_childhood.latino,staged_final,V0,1,1,best,A,within_plane,,,1656.0,0.0,10.0,14.4512,gable,0.0,False,15.5488
flag-70x80-pole20,early_childhood.latino,staged_final,V1,2,2,rank_2,A,within_plane,,S1,1212.5,563.5,20.0,22.2218,gable,0.0,False,7.7782
flag-70x80-pole20,early_childhood.anglo,minimum,V0,1,1,best,A,within_plane,,,1305.2,0.0,10.0,13.5083,gable,0.0,False,16.4917
flag-70x80-pole20,early_childhood.anglo,minimum,V1,2,2,rank_2,A,within_plane,,S1,971.2,454.0,20.0,21.7848,gable,0.0,False,8.2152
flag-70x80-pole20,early_childhood.anglo,optimum,V0,1,1,best,A,within_plane,,,1736.5,0.0,10.0,14.6675,gable,0.0,False,15.3325
flag-70x80-pole20,early_childhood.anglo,optimum,V1,2,2,rank_2,A,within_plane,,S1,1227.8,628.7,20.0,22.3616,gable,0.0,False,7.6384
flag-70x80-pole20,early_childhood.anglo,maximum,V0,1,2,rank_2,A,within_plane,,,2829.0,0.0,10.0,17.6041,gable,0.0,False,12.3959
flag-70x80-pole20,early_childhood.anglo,maximum,V1,2,1,best,A,within_plane,,S1,1916.2,1032.8,20.0,23.7813,gable,0.0,False,6.2187
flag-70x80-pole20,early_childhood.anglo,accessible,V0,1,1,best,A,within_plane,,,1766.4,0.0,10.0,14.7479,gable,0.0,False,15.2521
flag-70x80-pole20,early_childhood.anglo,accessible,V1,2,2,rank_2,A,within_plane,,S1,1669.2,217.2,20.0,21.6184,gable,0.0,False,8.3816
flag-70x80-pole20,early_childhood.anglo,staged_final,V0,1,1,best,A,within_plane,,,1788.2,0.0,10.0,14.8065,gable,0.0,False,15.1935
flag-70x80-pole20,early_childhood.anglo,staged_final,V1,2,2,rank_2,A,within_plane,,S1,1226.0,682.3,20.0,22.4584,gable,0.0,False,7.5416
flag-70x80-pole20,teens_family.none,minimum,V0,1,2,rank_2,A,within_plane,,,1454.8,0.0,10.0,13.9104,gable,0.0,False,16.0896
flag-70x80-pole20,teens_family.none,minimum,V2,2,1,best,A,within_plane,,S1,1141.9,432.9,20.0,21.8898,gable,0.0,False,8.1102
flag-70x80-pole20,teens_family.none,optimum,V0,1,2,rank_2,A,within_plane,,,1805.5,0.0,10.0,14.853,gable,0.0,False,15.147
flag-70x80-pole20,teens_family.none,optimum,V2,2,1,best,A,within_plane,,S1,1497.2,428.3,20.0,22.1524,gable,0.0,False,7.8476
flag-70x80-pole20,teens_family.none,maximum,V1,2,2,rank_2,A,plane_governs,131.0444 angled plane,S1,2128.8,1147.9,20.0,24.2018,gable,0.2018,False,5.7982
flag-70x80-pole20,teens_family.none,maximum,V2,2,1,best,A,within_plane,,S1,2628.2,648.5,20.0,23.5091,gable,0.0,False,6.4909
flag-70x80-pole20,teens_family.none,accessible,V0,1,2,rank_2,A,within_plane,,,1835.4,0.0,10.0,14.9334,gable,0.0,False,15.0666
flag-70x80-pole20,teens_family.none,accessible,V1,2,1,best,A,within_plane,,S1,1581.7,373.7,20.0,22.0665,gable,0.0,False,7.9335
flag-70x80-pole20,teens_family.none,staged_final,V0,1,2,rank_2,A,within_plane,,,1656.0,0.0,10.0,14.4512,gable,0.0,False,15.5488
flag-70x80-pole20,teens_family.none,staged_final,V2,2,1,best,A,within_plane,,S1,1503.7,272.3,20.0,21.72,gable,0.0,False,8.28
flag-70x80-pole20,teens_family.latino,minimum,V0,1,2,rank_2,A,within_plane,,,1454.8,0.0,10.0,13.9104,gable,0.0,False,16.0896
flag-70x80-pole20,teens_family.latino,minimum,V2,2,1,best,A,within_plane,,S1,1141.9,432.9,20.0,21.8898,gable,0.0,False,8.1102
flag-70x80-pole20,teens_family.latino,optimum,V0,1,2,rank_2,A,within_plane,,,1805.5,0.0,10.0,14.853,gable,0.0,False,15.147
flag-70x80-pole20,teens_family.latino,optimum,V2,2,1,best,A,within_plane,,S1,1497.2,428.3,20.0,22.1524,gable,0.0,False,7.8476
flag-70x80-pole20,teens_family.latino,maximum,V1,2,2,rank_2,A,within_plane,,S1,1861.8,1116.0,20.0,23.8745,gable,0.0,False,6.1255
flag-70x80-pole20,teens_family.latino,maximum,V2,2,1,best,A,within_plane,,S1,2362.9,614.8,20.0,23.2397,gable,0.0,False,6.7603
flag-70x80-pole20,teens_family.latino,accessible,V0,1,2,rank_2,A,within_plane,,,1835.4,0.0,10.0,14.9334,gable,0.0,False,15.0666
flag-70x80-pole20,teens_family.latino,accessible,V1,2,1,best,A,within_plane,,S1,1581.7,373.7,20.0,22.0665,gable,0.0,False,7.9335
flag-70x80-pole20,teens_family.latino,staged_final,V0,1,2,rank_2,A,within_plane,,,1656.0,0.0,10.0,14.4512,gable,0.0,False,15.5488
flag-70x80-pole20,teens_family.latino,staged_final,V2,2,1,best,A,within_plane,,S1,1503.7,272.3,20.0,21.72,gable,0.0,False,8.28
flag-70x80-pole20,teens_family.anglo,minimum,V1,2,2,rank_2,A,within_plane,,S1,964.6,610.1,20.0,22.062,gable,0.0,False,7.938
flag-70x80-pole20,teens_family.anglo,minimum,V2,2,1,best,A,within_plane,,S1,1123.6,451.2,20.0,21.9138,gable,0.0,False,8.0862
flag-70x80-pole20,teens_family.anglo,optimum,V1,2,2,rank_2,A,within_plane,,S1,1221.4,836.3,20.0,22.7166,gable,0.0,False,7.2834
flag-70x80-pole20,teens_family.anglo,optimum,V2,2,1,best,A,within_plane,,S1,1510.3,547.4,20.0,22.444,gable,0.0,False,7.556
flag-70x80-pole20,teens_family.anglo,maximum,V1,2,2,rank_2,A,plane_governs,131.0444 angled plane,S1,1794.3,1263.9,20.0,24.0478,gable,0.0478,False,5.9522
flag-70x80-pole20,teens_family.anglo,maximum,V2,2,1,best,A,within_plane,,S1,2378.4,679.8,20.0,23.4178,gable,0.0,False,6.5822
flag-70x80-pole20,teens_family.anglo,accessible,V0,1,2,rank_2,A,within_plane,,,1967.6,0.0,10.0,15.2887,gable,0.0,False,14.7113
flag-70x80-pole20,teens_family.anglo,accessible,V1,2,1,best,A,within_plane,,S1,1660.8,426.8,20.0,22.263,gable,0.0,False,7.737
flag-70x80-pole20,teens_family.anglo,staged_final,V0,1,2,rank_2,A,within_plane,,,1736.5,0.0,10.0,14.6675,gable,0.0,False,15.3325
flag-70x80-pole20,teens_family.anglo,staged_final,V2,2,1,best,A,within_plane,,S1,1584.7,271.8,20.0,21.7641,gable,0.0,False,8.2359
flag-70x80-pole20,multigenerational.none,minimum,V0,1,1,best,A,within_plane,,,1523.7,0.0,10.0,14.0956,gable,0.0,False,15.9044
flag-70x80-pole20,multigenerational.none,minimum,V1,2,2,rank_2,A,within_plane,,S1,1212.0,431.8,20.0,21.9445,gable,0.0,False,8.0555
flag-70x80-pole20,multigenerational.none,optimum,V0,1,1,best,A,within_plane,,,1857.2,0.0,10.0,14.992,gable,0.0,False,15.008
flag-70x80-pole20,multigenerational.none,optimum,V1,2,2,rank_2,A,within_plane,,S1,1416.8,560.5,20.0,22.3953,gable,0.0,False,7.6047
flag-70x80-pole20,multigenerational.none,maximum,V1,2,1,best,A,plane_governs,131.0444 angled plane,S1,2118.0,1112.8,20.0,24.1265,gable,0.1265,False,5.8735
flag-70x80-pole20,multigenerational.none,maximum,V2,2,2,rank_2,A,within_plane,,S1,2617.6,613.2,20.0,23.4054,gable,0.0,False,6.5946
flag-70x80-pole20,multigenerational.none,accessible,V0,1,1,best,A,within_plane,,,1887.1,0.0,10.0,15.0723,gable,0.0,False,14.9277
flag-70x80-pole20,multigenerational.none,accessible,V1,2,2,rank_2,A,within_plane,,S1,1447.0,560.1,20.0,22.4198,gable,0.0,False,7.5802
flag-70x80-pole20,multigenerational.none,staged_final,V1,2,2,rank_2,A,within_plane,,S1,1411.9,714.9,20.0,22.7005,gable,0.0,False,7.2995
flag-70x80-pole20,multigenerational.none,staged_final,V2,2,1,best,A,within_plane,,S1,1700.2,426.5,20.0,22.2889,gable,0.0,False,7.7111
flag-70x80-pole20,multigenerational.latino,minimum,V0,1,1,best,A,within_plane,,,1523.7,0.0,10.0,14.0956,gable,0.0,False,15.9044
flag-70x80-pole20,multigenerational.latino,minimum,V1,2,2,rank_2,A,within_plane,,S1,1212.0,431.8,20.0,21.9445,gable,0.0,False,8.0555
flag-70x80-pole20,multigenerational.latino,optimum,V0,1,1,best,A,within_plane,,,1811.2,0.0,10.0,14.8683,gable,0.0,False,15.1317
flag-70x80-pole20,multigenerational.latino,optimum,V1,2,2,rank_2,A,within_plane,,S1,1370.1,561.1,20.0,22.3567,gable,0.0,False,7.6433
flag-70x80-pole20,multigenerational.latino,maximum,V1,2,1,best,A,plane_governs,131.0444 angled plane,S1,2141.2,1112.5,20.0,24.1485,gable,0.1485,False,5.8515
flag-70x80-pole20,multigenerational.latino,maximum,V2,2,2,rank_2,A,within_plane,,S1,2640.7,613.0,20.0,23.4198,gable,0.0,False,6.5802
flag-70x80-pole20,multigenerational.latino,accessible,V0,1,1,best,A,within_plane,,,1841.1,0.0,10.0,14.9487,gable,0.0,False,15.0513
flag-70x80-pole20,multigenerational.latino,accessible,V1,2,2,rank_2,A,within_plane,,S1,1400.4,560.7,20.0,22.3818,gable,0.0,False,7.6182
flag-70x80-pole20,multigenerational.latino,staged_final,V1,2,2,rank_2,A,within_plane,,S1,1411.9,714.9,20.0,22.7005,gable,0.0,False,7.2995
flag-70x80-pole20,multigenerational.latino,staged_final,V2,2,1,best,A,within_plane,,S1,1700.2,426.5,20.0,22.2889,gable,0.0,False,7.7111
flag-70x80-pole20,multigenerational.anglo,minimum,V0,1,1,best,A,within_plane,,,1523.7,0.0,10.0,14.0956,gable,0.0,False,15.9044
flag-70x80-pole20,multigenerational.anglo,minimum,V1,2,2,rank_2,A,within_plane,,S1,1193.7,450.1,20.0,21.9702,gable,0.0,False,8.0298
flag-70x80-pole20,multigenerational.anglo,optimum,V0,1,1,best,A,within_plane,,,2001.0,0.0,10.0,15.3785,gable,0.0,False,14.6215
flag-70x80-pole20,multigenerational.anglo,optimum,V1,2,2,rank_2,A,within_plane,,S1,1496.2,624.8,20.0,22.5988,gable,0.0,False,7.4012
flag-70x80-pole20,multigenerational.anglo,maximum,V1,2,1,best,A,plane_governs,131.0444 angled plane,S1,2016.8,1254.2,20.0,24.2749,gable,0.2749,False,5.7251
flag-70x80-pole20,multigenerational.anglo,maximum,V2,2,2,rank_2,A,within_plane,,S1,2596.2,674.8,20.0,23.5577,gable,0.0,False,6.4423
flag-70x80-pole20,multigenerational.anglo,accessible,V0,1,1,best,A,within_plane,,,2030.9,0.0,10.0,15.4589,gable,0.0,False,14.5411
flag-70x80-pole20,multigenerational.anglo,accessible,V1,2,2,rank_2,A,within_plane,,S1,1526.4,624.5,20.0,22.6243,gable,0.0,False,7.3757
flag-70x80-pole20,multigenerational.anglo,staged_final,V1,2,2,rank_2,A,within_plane,,S1,1490.3,832.0,20.0,22.993,gable,0.0,False,7.007
flag-70x80-pole20,multigenerational.anglo,staged_final,V2,2,1,best,A,within_plane,,S1,1843.3,478.9,20.0,22.5254,gable,0.0,False,7.4746
flag-70x80-pole20,empty_nest.none,minimum,V0,1,1,best,A,within_plane,,,1155.8,0.0,10.0,13.1067,gable,0.0,False,16.8933
flag-70x80-pole20,empty_nest.none,minimum,V1,2,2,rank_2,A,within_plane,,S1,998.3,277.5,20.0,21.4147,gable,0.0,False,8.5853
flag-70x80-pole20,empty_nest.none,optimum,V0,1,1,best,A,within_plane,,,1431.8,0.0,10.0,13.8485,gable,0.0,False,16.1515
flag-70x80-pole20,empty_nest.none,maximum,V0,1,1,best,A,within_plane,,,2133.2,0.0,10.0,15.7338,gable,0.0,False,14.2662
flag-70x80-pole20,empty_nest.none,maximum,V1,2,2,rank_2,A,within_plane,,S1,1981.7,271.5,20.0,21.9716,gable,0.0,False,8.0284
flag-70x80-pole20,empty_nest.none,accessible,V0,1,1,best,A,within_plane,,,1461.6,0.0,10.0,13.9286,gable,0.0,False,16.0714
flag-70x80-pole20,empty_nest.none,staged_final,V0,1,1,best,A,within_plane,,,1431.8,0.0,10.0,13.8485,gable,0.0,False,16.1515
flag-70x80-pole20,empty_nest.latino,minimum,V0,1,1,best,A,within_plane,,,1155.8,0.0,10.0,13.1067,gable,0.0,False,16.8933
flag-70x80-pole20,empty_nest.latino,minimum,V1,2,2,rank_2,A,within_plane,,S1,998.3,277.5,20.0,21.4147,gable,0.0,False,8.5853
flag-70x80-pole20,empty_nest.latino,optimum,V0,1,1,best,A,within_plane,,,1431.8,0.0,10.0,13.8485,gable,0.0,False,16.1515
flag-70x80-pole20,empty_nest.latino,maximum,V0,1,1,best,A,within_plane,,,2185.0,0.0,10.0,15.8731,gable,0.0,False,14.1269
flag-70x80-pole20,empty_nest.latino,maximum,V1,2,2,rank_2,A,within_plane,,S1,2033.7,271.3,20.0,21.9966,gable,0.0,False,8.0034
flag-70x80-pole20,empty_nest.latino,accessible,V0,1,1,best,A,within_plane,,,1461.6,0.0,10.0,13.9286,gable,0.0,False,16.0714
flag-70x80-pole20,empty_nest.latino,staged_final,V0,1,1,best,A,within_plane,,,1431.8,0.0,10.0,13.8485,gable,0.0,False,16.1515
flag-70x80-pole20,empty_nest.anglo,minimum,V0,1,1,best,A,within_plane,,,1155.8,0.0,10.0,13.1067,gable,0.0,False,16.8933
flag-70x80-pole20,empty_nest.anglo,minimum,V1,2,2,rank_2,A,within_plane,,S1,979.6,296.1,20.0,21.4476,gable,0.0,False,8.5524
flag-70x80-pole20,empty_nest.anglo,optimum,V0,1,1,best,A,within_plane,,,1558.2,0.0,10.0,14.1883,gable,0.0,False,15.8117
flag-70x80-pole20,empty_nest.anglo,maximum,V0,1,1,best,A,within_plane,,,2277.0,0.0,10.0,16.1204,gable,0.0,False,13.8796
flag-70x80-pole20,empty_nest.anglo,maximum,V1,2,2,rank_2,A,within_plane,,S1,2126.2,270.8,20.0,22.0396,gable,0.0,False,7.9604
flag-70x80-pole20,empty_nest.anglo,accessible,V0,1,1,best,A,within_plane,,,1588.1,0.0,10.0,14.2687,gable,0.0,False,15.7313
flag-70x80-pole20,empty_nest.anglo,staged_final,V0,1,1,best,A,within_plane,,,1558.2,0.0,10.0,14.1883,gable,0.0,False,15.8117
flag-70x80-pole20,remote_work.none,minimum,V0,1,1,best,A,within_plane,,,1282.2,0.0,10.0,13.4464,gable,0.0,False,16.5536
flag-70x80-pole20,remote_work.none,minimum,V1,2,2,rank_2,A,within_plane,,S1,990.9,411.4,20.0,21.7162,gable,0.0,False,8.2838
flag-70x80-pole20,remote_work.none,optimum,V0,1,2,rank_2,A,within_plane,,,1656.0,0.0,10.0,14.4512,gable,0.0,False,15.5488
flag-70x80-pole20,remote_work.none,optimum,V2,2,1,best,A,within_plane,,S1,1394.5,381.5,20.0,21.9605,gable,0.0,False,8.0395
flag-70x80-pole20,remote_work.none,maximum,V2,2,1,best,A,within_plane,,S1,1743.1,584.9,20.0,22.714,gable,0.0,False,7.286
flag-70x80-pole20,remote_work.none,maximum,V4,2,2,rank_2,A,within_plane,,S1,1809.5,518.5,20.0,22.6036,gable,0.0,False,7.3964
flag-70x80-pole20,remote_work.none,accessible,V0,1,1,best,A,within_plane,,,1685.9,0.0,10.0,14.5315,gable,0.0,False,15.4685
flag-70x80-pole20,remote_work.none,accessible,V1,2,2,rank_2,A,within_plane,,S1,1479.3,326.6,20.0,21.8683,gable,0.0,False,8.1317
flag-70x80-pole20,remote_work.none,staged_final,V0,1,2,rank_2,A,within_plane,,,1656.0,0.0,10.0,14.4512,gable,0.0,False,15.5488
flag-70x80-pole20,remote_work.none,staged_final,V2,2,1,best,A,within_plane,,S1,1394.5,381.5,20.0,21.9605,gable,0.0,False,8.0395
flag-70x80-pole20,remote_work.latino,minimum,V0,1,1,best,A,within_plane,,,1282.2,0.0,10.0,13.4464,gable,0.0,False,16.5536
flag-70x80-pole20,remote_work.latino,minimum,V1,2,2,rank_2,A,within_plane,,S1,990.9,411.4,20.0,21.7162,gable,0.0,False,8.2838
flag-70x80-pole20,remote_work.latino,optimum,V0,1,2,rank_2,A,within_plane,,,1656.0,0.0,10.0,14.4512,gable,0.0,False,15.5488
flag-70x80-pole20,remote_work.latino,optimum,V2,2,1,best,A,within_plane,,S1,1394.5,381.5,20.0,21.9605,gable,0.0,False,8.0395
flag-70x80-pole20,remote_work.latino,maximum,V2,2,1,best,A,within_plane,,S1,1969.8,582.5,20.0,22.8792,gable,0.0,False,7.1208
flag-70x80-pole20,remote_work.latino,maximum,V4,2,2,rank_2,A,within_plane,,S1,2035.8,516.4,20.0,22.756,gable,0.0,False,7.244
flag-70x80-pole20,remote_work.latino,accessible,V0,1,1,best,A,within_plane,,,1685.9,0.0,10.0,14.5315,gable,0.0,False,15.4685
flag-70x80-pole20,remote_work.latino,accessible,V1,2,2,rank_2,A,within_plane,,S1,1479.3,326.6,20.0,21.8683,gable,0.0,False,8.1317
flag-70x80-pole20,remote_work.latino,staged_final,V0,1,2,rank_2,A,within_plane,,,1656.0,0.0,10.0,14.4512,gable,0.0,False,15.5488
flag-70x80-pole20,remote_work.latino,staged_final,V2,2,1,best,A,within_plane,,S1,1394.5,381.5,20.0,21.9605,gable,0.0,False,8.0395
flag-70x80-pole20,remote_work.anglo,minimum,V0,1,1,best,A,within_plane,,,1282.2,0.0,10.0,13.4464,gable,0.0,False,16.5536
flag-70x80-pole20,remote_work.anglo,minimum,V1,2,2,rank_2,A,within_plane,,S1,972.4,429.9,20.0,21.7379,gable,0.0,False,8.2621
flag-70x80-pole20,remote_work.anglo,optimum,V0,1,2,rank_2,A,within_plane,,,1736.5,0.0,10.0,14.6675,gable,0.0,False,15.3325
flag-70x80-pole20,remote_work.anglo,optimum,V2,2,1,best,A,within_plane,,S1,1475.8,380.7,20.0,22.0147,gable,0.0,False,7.9853
flag-70x80-pole20,remote_work.anglo,maximum,V2,2,1,best,A,within_plane,,S1,1853.6,583.6,20.0,22.7956,gable,0.0,False,7.2044
flag-70x80-pole20,remote_work.anglo,maximum,V4,2,2,rank_2,A,within_plane,,S1,1919.8,517.4,20.0,22.6789,gable,0.0,False,7.3211
flag-70x80-pole20,remote_work.anglo,accessible,V0,1,1,best,A,within_plane,,,1766.4,0.0,10.0,14.7479,gable,0.0,False,15.2521
flag-70x80-pole20,remote_work.anglo,accessible,V1,2,2,rank_2,A,within_plane,,S1,1560.4,326.0,20.0,21.9171,gable,0.0,False,8.0829
flag-70x80-pole20,remote_work.anglo,staged_final,V0,1,2,rank_2,A,within_plane,,,1736.5,0.0,10.0,14.6675,gable,0.0,False,15.3325
flag-70x80-pole20,remote_work.anglo,staged_final,V2,2,1,best,A,within_plane,,S1,1475.8,380.7,20.0,22.0147,gable,0.0,False,7.9853
flag-70x80-pole20,shared_adults.none,minimum,V0,1,2,rank_2,A,within_plane,,,1506.5,0.0,10.0,14.0493,gable,0.0,False,15.9507
flag-70x80-pole20,shared_adults.none,minimum,V1,2,1,best,A,within_plane,,S1,981.0,645.5,20.0,22.1389,gable,0.0,False,7.8611
flag-70x80-pole20,shared_adults.none,optimum,V0,1,2,rank_2,A,within_plane,,,1736.5,0.0,10.0,14.6675,gable,0.0,False,15.3325
flag-70x80-pole20,shared_adults.none,optimum,V1,2,1,best,A,within_plane,,S1,1161.2,695.3,20.0,22.4152,gable,0.0,False,7.5848
flag-70x80-pole20,shared_adults.none,maximum,V0,1,2,rank_2,A,within_plane,,,2420.8,0.0,10.0,16.5069,gable,0.0,False,13.4931
flag-70x80-pole20,shared_adults.none,maximum,V1,2,1,best,A,within_plane,,S1,1597.7,943.0,20.0,23.2993,gable,0.0,False,6.7007
flag-70x80-pole20,shared_adults.none,accessible,V0,1,2,rank_2,A,within_plane,,,1766.4,0.0,10.0,14.7479,gable,0.0,False,15.2521
flag-70x80-pole20,shared_adults.none,accessible,V1,2,1,best,A,within_plane,,S1,1403.2,483.2,20.0,22.2133,gable,0.0,False,7.7867
flag-70x80-pole20,shared_adults.none,staged_final,V0,1,2,rank_2,A,within_plane,,,1736.5,0.0,10.0,14.6675,gable,0.0,False,15.3325
flag-70x80-pole20,shared_adults.none,staged_final,V1,2,1,best,A,within_plane,,S1,1161.2,695.3,20.0,22.4152,gable,0.0,False,7.5848
flag-70x80-pole20,shared_adults.latino,minimum,V0,1,2,rank_2,A,within_plane,,,1506.5,0.0,10.0,14.0493,gable,0.0,False,15.9507
flag-70x80-pole20,shared_adults.latino,minimum,V1,2,1,best,A,within_plane,,S1,981.0,645.5,20.0,22.1389,gable,0.0,False,7.8611
flag-70x80-pole20,shared_adults.latino,optimum,V0,1,2,rank_2,A,within_plane,,,1736.5,0.0,10.0,14.6675,gable,0.0,False,15.3325
flag-70x80-pole20,shared_adults.latino,optimum,V1,2,1,best,A,within_plane,,S1,1161.2,695.3,20.0,22.4152,gable,0.0,False,7.5848
flag-70x80-pole20,shared_adults.latino,maximum,V0,1,2,rank_2,A,within_plane,,,2472.5,0.0,10.0,16.6458,gable,0.0,False,13.3542
flag-70x80-pole20,shared_adults.latino,maximum,V1,2,1,best,A,within_plane,,S1,1650.3,942.2,20.0,23.3517,gable,0.0,False,6.6483
flag-70x80-pole20,shared_adults.latino,accessible,V0,1,2,rank_2,A,within_plane,,,1766.4,0.0,10.0,14.7479,gable,0.0,False,15.2521
flag-70x80-pole20,shared_adults.latino,accessible,V1,2,1,best,A,within_plane,,S1,1403.2,483.2,20.0,22.2133,gable,0.0,False,7.7867
flag-70x80-pole20,shared_adults.latino,staged_final,V0,1,2,rank_2,A,within_plane,,,1736.5,0.0,10.0,14.6675,gable,0.0,False,15.3325
flag-70x80-pole20,shared_adults.latino,staged_final,V1,2,1,best,A,within_plane,,S1,1161.2,695.3,20.0,22.4152,gable,0.0,False,7.5848
flag-70x80-pole20,shared_adults.anglo,minimum,V0,1,2,rank_2,A,within_plane,,,1506.5,0.0,10.0,14.0493,gable,0.0,False,15.9507
flag-70x80-pole20,shared_adults.anglo,minimum,V1,2,1,best,A,within_plane,,S1,962.7,663.8,20.0,22.1487,gable,0.0,False,7.8513
flag-70x80-pole20,shared_adults.anglo,optimum,V0,1,2,rank_2,A,within_plane,,,1863.0,0.0,10.0,15.0076,gable,0.0,False,14.9924
flag-70x80-pole20,shared_adults.anglo,optimum,V1,2,1,best,A,within_plane,,S1,1223.6,759.4,20.0,22.591,gable,0.0,False,7.409
flag-70x80-pole20,shared_adults.anglo,maximum,V0,1,2,rank_2,A,within_plane,,,2472.5,0.0,10.0,16.6458,gable,0.0,False,13.3542
flag-70x80-pole20,shared_adults.anglo,maximum,V1,2,1,best,A,within_plane,,S1,1566.3,1026.2,20.0,23.4077,gable,0.0,False,6.5923
flag-70x80-pole20,shared_adults.anglo,accessible,V0,1,2,rank_2,A,within_plane,,,1892.9,0.0,10.0,15.0879,gable,0.0,False,14.9121
flag-70x80-pole20,shared_adults.anglo,accessible,V1,2,1,best,A,within_plane,,S1,1464.9,548.0,20.0,22.4083,gable,0.0,False,7.5917
flag-70x80-pole20,shared_adults.anglo,staged_final,V0,1,2,rank_2,A,within_plane,,,1863.0,0.0,10.0,15.0076,gable,0.0,False,14.9924
flag-70x80-pole20,shared_adults.anglo,staged_final,V1,2,1,best,A,within_plane,,S1,1223.6,759.4,20.0,22.591,gable,0.0,False,7.409
