lot_id,household_id,profile,scheme_id,floors,gross_sqft,ground_sqft,upper_sqft,IC,IC_max,IO,IO_max,status,governing,strategy_used,garden_sqft,open_area_sqft,index,score,rank,best,decisive_metric,runner_up,IC_garage_excluded,variant_sensitive,equivalent_schemes
interior-50x100,young_couple.none,minimum,V0,1,1282.2,1282.2,0,0.2565,0.6,0.2565,,fits,,A,2606.1,3507.8,0.4274,0.9288,1,True,stair_independence,V1,0.1989,,
interior-50x100,young_couple.none,minimum,V1,2,1402.2,990.9,411.4,0.2804,0.6,0.1982,,fits,,A,2979.7,3799.1,0.4674,0.905,2,False,,,0.223,,
interior-50x100,young_couple.none,minimum,V2,2,1402.2,1151.1,251.1,0.2804,0.6,0.2302,,fits,,A,2774.2,3638.9,0.4674,0.8918,3,False,,,0.223,,
interior-50x100,young_couple.none,minimum,V4,2,1402.2,1206.6,195.6,0.2804,0.6,0.2413,,fits,,A,2703.0,3583.4,0.4674,0.8764,4,False,,,0.223,,
interior-50x100,young_couple.none,optimum,V0,1,1604.2,1604.2,0,0.3208,0.6,0.3208,,fits,,A,2193.3,3185.8,0.5347,0.8959,1,True,stair_independence,V1,0.2633,,
interior-50x100,young_couple.none,optimum,V1,2,1724.2,1184.2,540.1,0.3448,0.6,0.2368,,fits,,A,2731.8,3605.8,0.5747,0.879,2,False,,,0.2873,,
interior-50x100,young_couple.none,optimum,V2,2,1724.2,1475.9,248.4,0.3448,0.6,0.2952,,fits,,A,2357.9,3314.1,0.5747,0.8643,3,False,,,0.2873,,
interior-50x100,young_couple.none,optimum,V4,2,1724.2,1530.6,193.7,0.3448,0.6,0.3061,,fits,,A,2287.7,3259.4,0.5747,0.8466,4,False,,,0.2873,,
interior-50x100,young_couple.none,maximum,V0,1,2334.5,2334.5,0,0.4669,0.6,0.4669,,fits,,A,1257.1,2305.5,0.7782,0.8051,3,False,,,0.3703,,
interior-50x100,young_couple.none,maximum,V1,2,2454.5,1522.1,932.4,0.4909,0.6,0.3044,,fits,,A,2298.6,3117.9,0.8182,0.8035,4,False,,,0.3943,,
interior-50x100,young_couple.none,maximum,V2,2,2454.5,2027.5,427.0,0.4909,0.6,0.4055,,fits,,A,1650.7,2612.5,0.8182,0.813,1,True,open_area,V4,0.3943,,
interior-50x100,young_couple.none,maximum,V4,2,2454.5,2093.7,360.8,0.4909,0.6,0.4187,,fits,,A,1565.8,2546.3,0.8182,0.8099,2,False,,,0.3943,,
interior-50x100,young_couple.none,accessible,V0,1,1634.1,1634.1,0,0.3268,0.6,0.3268,,fits,,A,2154.9,3155.9,0.5447,0.8928,1,True,upper_efficiency,V1,0.2693,,
interior-50x100,young_couple.none,accessible,V1,2,1754.1,1560.6,193.5,0.3508,0.6,0.3121,,fits,,A,2249.2,3229.4,0.5847,0.8434,2,False,,,0.2933,,"V2,V4"
interior-50x100,young_couple.none,staged_final,V0,1,1782.5,1782.5,0,0.3565,0.6,0.3565,,fits,,A,2128.0,3007.5,0.5942,0.8775,2,False,,,0.299,,
interior-50x100,young_couple.none,staged_final,V1,2,1902.5,1208.1,694.4,0.3805,0.6,0.2416,,fits,,A,2701.2,3581.9,0.6342,0.8699,3,False,,,0.323,,
interior-50x100,young_couple.none,staged_final,V2,2,1902.5,1498.1,404.4,0.3805,0.6,0.2996,,fits,,A,2329.4,3291.9,0.6342,0.8844,1,True,open_area,V0,0.323,,
interior-50x100,young_couple.none,staged_final,V4,2,1902.5,1709.6,192.9,0.3805,0.6,0.3419,,fits,,A,2058.2,3080.4,0.6342,0.8279,4,False,,,0.323,,
interior-50x100,young_couple.latino,minimum,V0,1,1282.2,1282.2,0,0.2565,0.6,0.2565,,fits,,A,2606.1,3507.8,0.4274,0.9288,1,True,stair_independence,V1,0.1989,,
interior-50x100,young_couple.latino,minimum,V1,2,1402.2,990.9,411.4,0.2804,0.6,0.1982,,fits,,A,2979.7,3799.1,0.4674,0.905,2,False,,,0.223,,
interior-50x100,young_couple.latino,minimum,V2,2,1402.2,1151.1,251.1,0.2804,0.6,0.2302,,fits,,A,2774.2,3638.9,0.4674,0.8918,3,False,,,0.223,,
interior-50x100,young_couple.latino,minimum,V4,2,1402.2,1206.6,195.6,0.2804,0.6,0.2413,,fits,,A,2703.0,3583.4,0.4674,0.8764,4,False,,,0.223,,
interior-50x100,young_couple.latino,optimum,V0,1,1604.2,1604.2,0,0.3208,0.6,0.3208,,fits,,A,2193.3,3185.8,0.5347,0.8959,1,True,stair_independence,V1,0.2633,,
interior-50x100,young_couple.latino,optimum,V1,2,1724.2,1184.2,540.1,0.3448,0.6,0.2368,,fits,,A,2731.8,3605.8,0.5747,0.879,2,False,,,0.2873,,
interior-50x100,young_couple.latino,optimum,V2,2,1724.2,1475.9,248.4,0.3448,0.6,0.2952,,fits,,A,2357.9,3314.1,0.5747,0.8643,3,False,,,0.2873,,
interior-50x100,young_couple.latino,optimum,V4,2,1724.2,1530.6,193.7,0.3448,0.6,0.3061,,fits,,A,2287.7,3259.4,0.5747,0.8466,4,False,,,0.2873,,
interior-50x100,young_couple.latino,maximum,V0,1,2386.2,2386.2,0,0.4773,0.6,0.4773,,fits,,A,1190.7,2253.8,0.7954,0.7998,3,False,,,0.3806,,
interior-50x100,young_couple.latino,maximum,V1,2,2506.2,1574.7,931.6,0.5012,0.6,0.3149,,fits,,A,2231.2,3065.3,0.8354,0.7995,4,False,,,0.4046,,
interior-50x100,young_couple.latino,maximum,V2,2,2506.2,2079.6,426.7,0.5012,0.6,0.4159,,fits,,A,1583.9,2560.4,0.8354,0.8077,1,True,open_area,V4,0.4047,,
interior-50x100,young_couple.latino,maximum,V4,2,2506.2,2145.7,360.5,0.5012,0.6,0.4291,,fits,,A,1499.1,2494.3,0.8354,0.8045,2,False,,,0.4046,,
interior-50x100,young_couple.latino,accessible,V0,1,1634.1,1634.1,0,0.3268,0.6,0.3268,,fits,,A,2154.9,3155.9,0.5447,0.8928,1,True,upper_efficiency,V1,0.2693,,
interior-50x100,young_couple.latino,accessible,V1,2,1754.1,1560.6,193.5,0.3508,0.6,0.3121,,fits,,A,2249.2,3229.4,0.5847,0.8434,2,False,,,0.2933,,"V2,V4"
interior-50x100,young_couple.latino,staged_final,V0,1,1782.5,1782.5,0,0.3565,0.6,0.3565,,fits,,A,2128.0,3007.5,0.5942,0.8775,2,False,,,0.299,,
interior-50x100,young_couple.latino,staged_final,V1,2,1902.5,1208.1,694.4,0.3805,0.6,0.2416,,fits,,A,2701.2,3581.9,0.6342,0.8699,3,False,,,0.323,,
interior-50x100,young_couple.latino,staged_final,V2,2,1902.5,1498.1,404.4,0.3805,0.6,0.2996,,fits,,A,2329.4,3291.9,0.6342,0.8844,1,True,open_area,V0,0.323,,
interior-50x100,young_couple.latino,staged_final,V4,2,1902.5,1709.6,192.9,0.3805,0.6,0.3419,,fits,,A,2058.2,3080.4,0.6342,0.8279,4,False,,,0.323,,
interior-50x100,young_couple.anglo,minimum,V0,1,1282.2,1282.2,0,0.2565,0.6,0.2565,,fits,,A,2606.1,3507.8,0.4274,0.9316,1,True,stair_independence,V1,0.1989,,
interior-50x100,young_couple.anglo,minimum,V1,2,1402.2,972.4,429.9,0.2804,0.6,0.1945,,fits,,A,3003.4,3817.6,0.4674,0.9068,2,False,,,0.223,,
interior-50x100,young_couple.anglo,minimum,V2,2,1402.2,1151.1,251.1,0.2804,0.6,0.2302,,fits,,A,2774.2,3638.9,0.4674,0.8962,3,False,,,0.223,,
interior-50x100,young_couple.anglo,minimum,V4,2,1402.2,1206.6,195.6,0.2804,0.6,0.2413,,fits,,A,2703.0,3583.4,0.4674,0.8814,4,False,,,0.223,,
interior-50x100,young_couple.anglo,optimum,V0,1,1684.7,1684.7,0,0.3369,0.6,0.3369,,fits,,A,2090.1,3105.2,0.5616,0.8876,1,True,stair_independence,V1,0.2794,,
interior-50x100,young_couple.anglo,optimum,V1,2,1804.7,1247.8,556.9,0.3609,0.6,0.2496,,fits,,A,2650.2,3542.2,0.6016,0.878,2,False,,,0.3034,,
interior-50x100,young_couple.anglo,optimum,V2,2,1804.8,1556.9,247.9,0.3609,0.6,0.3114,,fits,,A,2254.0,3233.1,0.6016,0.8586,3,False,,,0.3034,,
interior-50x100,young_couple.anglo,optimum,V4,2,1804.7,1611.4,193.3,0.3609,0.6,0.3223,,fits,,A,2184.1,3178.6,0.6016,0.8409,4,False,,,0.3034,,
interior-50x100,young_couple.anglo,maximum,V0,1,2426.5,2426.5,0,0.4853,0.6,0.4853,,fits,,A,1139.1,2213.5,0.8088,0.7891,4,False,,,0.3887,,
interior-50x100,young_couple.anglo,maximum,V1,2,2546.5,1591.6,954.9,0.5093,0.6,0.3183,,fits,,A,2209.5,3048.4,0.8488,0.7965,2,False,,,0.4127,,
interior-50x100,young_couple.anglo,maximum,V2,2,2546.5,2120.1,426.4,0.5093,0.6,0.424,,fits,,A,1531.9,2519.9,0.8488,0.8002,1,True,stair_independence,V1,0.4127,,
interior-50x100,young_couple.anglo,maximum,V4,2,2546.5,2186.2,360.3,0.5093,0.6,0.4372,,fits,,A,1447.2,2453.8,0.8488,0.7964,3,False,,,0.4127,,
interior-50x100,young_couple.anglo,accessible,V0,1,1714.6,1714.6,0,0.3429,0.6,0.3429,,fits,,A,2051.7,3075.4,0.5716,0.8843,1,True,upper_efficiency,V1,0.2854,,
interior-50x100,young_couple.anglo,accessible,V1,2,1834.6,1641.4,193.2,0.3669,0.6,0.3283,,fits,,A,2145.6,3148.6,0.6115,0.8376,2,False,,,0.3094,,"V2,V4"
interior-50x100,young_couple.anglo,staged_final,V0,1,1782.5,1782.5,0,0.3565,0.6,0.3565,,fits,,A,2128.0,3007.5,0.5942,0.8768,2,False,,,0.299,,
interior-50x100,young_couple.anglo,staged_final,V1,2,1902.5,1226.2,676.3,0.3805,0.6,0.2452,,fits,,A,2678.0,3563.8,0.6342,0.8762,3,False,,,0.323,,
interior-50x100,young_couple.anglo,staged_final,V2,2,1902.5,1498.1,404.4,0.3805,0.6,0.2996,,fits,,A,2329.4,3291.9,0.6342,0.8866,1,True,open_area,V0,0.323,,
interior-50x100,young_couple.anglo,staged_final,V4,2,1902.5,1709.6,192.9,0.3805,0.6,0.3419,,fits,,A,2058.2,3080.4,0.6342,0.83,4,False,,,0.323,,
interior-50x100,early_childhood.none,minimum,V0,1,1305.2,1305.2,0,0.2611,0.6,0.2611,,fits,,A,2576.6,3484.8,0.4351,0.9295,1,True,stair_independence,V1,0.2036,,
interior-50x100,early_childhood.none,minimum,V1,2,1425.2,989.7,435.6,0.285,0.6,0.1979,,fits,,A,2981.2,3800.3,0.4751,0.9076,2,False,,,0.2275,,
interior-50x100,early_childhood.none,minimum,V2,2,1425.2,1149.8,275.5,0.2851,0.6,0.23,,fits,,A,2775.9,3640.2,0.4751,0.5815,3,False,,,0.2276,,
interior-50x100,early_childhood.none,optimum,V0,1,1610.0,1610.0,0,0.322,0.6,0.322,,fits,,A,2185.9,3180.0,0.5367,0.8958,1,True,stair_independence,V1,0.2645,,
interior-50x100,early_childhood.none,optimum,V1,2,1730.0,1165.7,564.3,0.346,0.6,0.2331,,fits,,A,2755.5,3624.3,0.5767,0.8843,2,False,,,0.2885,,
interior-50x100,early_childhood.none,optimum,V2,2,1730.0,1457.4,272.6,0.346,0.6,0.2915,,fits,,A,2381.6,3332.6,0.5767,0.5549,3,False,,,0.2885,,
interior-50x100,early_childhood.none,maximum,V0,1,2829.0,2829.0,0,0.5658,0.6,0.5658,,fits_small_garden,,A,882.1,1811.0,0.943,0.7446,2,False,,,0.4692,,
interior-50x100,early_childhood.none,maximum,V1,2,2949.0,1999.7,949.3,0.5898,0.6,0.3999,,fits,,A,1686.3,2640.3,0.983,0.7611,1,True,open_area,V0,0.4932,,
interior-50x100,early_childhood.none,maximum,V2,2,2949.0,2501.1,447.9,0.5898,0.6,0.5002,,fits,,A,1043.5,2138.9,0.983,0.4369,4,False,,,0.4932,,
interior-50x100,early_childhood.none,maximum,V4,2,2949.0,2745.8,203.2,0.5898,0.6,0.5492,,fits_small_garden,,A,729.8,1894.2,0.983,0.7012,3,False,,,0.4932,,
interior-50x100,early_childhood.none,accessible,V0,1,1639.9,1639.9,0,0.328,0.6,0.328,,fits,,A,2147.6,3150.1,0.5466,0.8925,1,True,supervision,V1,0.2705,,
interior-50x100,early_childhood.none,accessible,V1,2,1759.9,1542.1,217.8,0.352,0.6,0.3084,,fits,,A,2272.9,3247.9,0.5866,0.5338,2,False,,,0.2945,,V2
interior-50x100,early_childhood.none,staged_final,V0,1,1656.0,1656.0,0,0.3312,0.6,0.3312,,fits,,A,2126.9,3134.0,0.552,0.8908,1,True,stair_independence,V1,0.2737,,
interior-50x100,early_childhood.none,staged_final,V1,2,1776.0,1212.5,563.5,0.3552,0.6,0.2425,,fits,,A,2695.5,3577.5,0.592,0.8818,2,False,,,0.2977,,
interior-50x100,early_childhood.none,staged_final,V2,2,1776.0,1503.7,272.3,0.3552,0.6,0.3007,,fits,,A,2322.2,3286.3,0.592,0.5497,3,False,,,0.2977,,
interior-50x100,early_childhood.latino,minimum,V0,1,1305.2,1305.2,0,0.2611,0.6,0.2611,,fits,,A,2576.6,3484.8,0.4351,0.9295,1,True,stair_independence,V1,0.2036,,
interior-50x100,early_childhood.latino,minimum,V1,2,1425.2,989.7,435.6,0.285,0.6,0.1979,,fits,,A,2981.2,3800.3,0.4751,0.9076,2,False,,,0.2275,,
interior-50x100,early_childhood.latino,minimum,V2,2,1425.2,1149.8,275.5,0.2851,0.6,0.23,,fits,,A,2775.9,3640.2,0.4751,0.5815,3,False,,,0.2276,,
interior-50x100,early_childhood.latino,optimum,V0,1,1610.0,1610.0,0,0.322,0.6,0.322,,fits,,A,2185.9,3180.0,0.5367,0.8958,1,True,stair_independence,V1,0.2645,,
interior-50x100,early_childhood.latino,optimum,V1,2,1730.0,1165.7,564.3,0.346,0.6,0.2331,,fits,,A,2755.5,3624.3,0.5767,0.8843,2,False,,,0.2885,,
interior-50x100,early_childhood.latino,optimum,V2,2,1730.0,1457.4,272.6,0.346,0.6,0.2915,,fits,,A,2381.6,3332.6,0.5767,0.5549,3,False,,,0.2885,,
interior-50x100,early_childhood.latino,maximum,V0,1,2880.8,2880.8,0,0.5762,0.6,0.5762,,fits_small_garden,,A,820.5,1759.2,0.9602,0.7389,2,False,,,0.4795,,
interior-50x100,early_childhood.latino,maximum,V1,2,2655.8,1702.5,953.2,0.5312,0.6,0.3405,,fits,,A,2067.3,2937.5,0.8852,0.7881,1,True,open_area,V0,0.4345,,
interior-50x100,early_childhood.latino,maximum,V2,2,2655.7,2206.1,449.7,0.5311,0.6,0.4412,,fits,,A,1421.7,2433.9,0.8852,0.4694,4,False,,,0.4345,,
interior-50x100,early_childhood.latino,maximum,V4,2,2655.7,2451.9,203.9,0.5311,0.6,0.4904,,fits,,A,1106.6,2188.1,0.8852,0.7338,3,False,,,0.4345,,
interior-50x100,early_childhood.latino,accessible,V0,1,1639.9,1639.9,0,0.328,0.6,0.328,,fits,,A,2147.6,3150.1,0.5466,0.8925,1,True,supervision,V1,0.2705,,
interior-50x100,early_childhood.latino,accessible,V1,2,1759.9,1542.1,217.8,0.352,0.6,0.3084,,fits,,A,2272.9,3247.9,0.5866,0.5338,2,False,,,0.2945,,V2
interior-50x100,early_childhood.latino,staged_final,V0,1,1610.0,1610.0,0,0.322,0.6,0.322,,fits,,A,2185.9,3180.0,0.5367,0.8958,1,True,stair_independence,V1,0.2645,,
interior-50x100,early_childhood.latino,staged_final,V1,2,1730.0,1165.7,564.3,0.346,0.6,0.2331,,fits,,A,2755.5,3624.3,0.5767,0.8843,2,False,,,0.2885,,
interior-50x100,early_childhood.latino,staged_final,V2,2,1730.0,1457.4,272.6,0.346,0.6,0.2915,,fits,,A,2381.6,3332.6,0.5767,0.5549,3,False,,,0.2885,,
interior-50x100,early_childhood.anglo,minimum,V0,1,1305.2,1305.2,0,0.2611,0.6,0.2611,,fits,,A,2576.6,3484.8,0.4351,0.9295,1,True,stair_independence,V1,0.2036,,
interior-50x100,early_childhood.anglo,minimum,V1,2,1425.2,971.2,454.0,0.2851,0.6,0.1942,,fits,,A,3004.9,3818.8,0.4751,0.9055,2,False,,,0.2276,,
interior-50x100,early_childhood.anglo,minimum,V2,2,1425.2,1149.8,275.5,0.2851,0.6,0.23,,fits,,A,2775.9,3640.2,0.4751,0.5815,3,False,,,0.2276,,
interior-50x100,early_childhood.anglo,optimum,V0,1,1736.5,1736.5,0,0.3473,0.6,0.3473,,fits,,A,2023.7,3053.5,0.5788,0.8819,1,True,stair_independence,V1,0.2898,,
interior-50x100,early_childhood.anglo,optimum,V1,2,1856.5,1227.8,628.7,0.3713,0.6,0.2456,,fits,,A,2676.0,3562.2,0.6188,0.8735,2,False,,,0.3138,,
interior-50x100,early_childhood.anglo,optimum,V2,2,1856.5,1584.7,271.8,0.3713,0.6,0.3169,,fits,,A,2218.3,3205.3,0.6188,0.5406,3,False,,,0.3138,,
interior-50x100,early_childhood.anglo,maximum,V0,1,2829.0,2829.0,0,0.5658,0.6,0.5658,,fits_small_garden,,A,882.1,1811.0,0.943,0.7446,2,False,,,0.4692,,
interior-50x100,early_childhood.anglo,maximum,V1,2,2949.0,1916.2,1032.8,0.5898,0.6,0.3832,,fits,,A,1793.4,2723.8,0.983,0.7629,1,True,open_area,V0,0.4932,,
interior-50x100,early_childhood.anglo,maximum,V2,2,2949.0,2501.1,447.9,0.5898,0.6,0.5002,,fits,,A,1043.5,2138.9,0.983,0.4369,4,False,,,0.4932,,
interior-50x100,early_childhood.anglo,maximum,V4,2,2949.0,2745.8,203.2,0.5898,0.6,0.5492,,fits_small_garden,,A,729.8,1894.2,0.983,0.7012,3,False,,,0.4932,,
interior-50x100,early_childhood.anglo,accessible,V0,1,1766.4,1766.4,0,0.3533,0.6,0.3533,,fits,,A,2147.1,3023.6,0.5888,0.8786,1,True,supervision,V1,0.2958,,
interior-50x100,early_childhood.anglo,accessible,V1,2,1886.4,1669.2,217.2,0.3773,0.6,0.3338,,fits,,A,2110.0,3120.8,0.6288,0.5196,2,False,,,0.3198,,V2
interior-50x100,early_childhood.anglo,staged_final,V0,1,1736.5,1736.5,0,0.3473,0.6,0.3473,,fits,,A,2023.7,3053.5,0.5788,0.8819,1,True,stair_independence,V1,0.2898,,
interior-50x100,early_childhood.anglo,staged_final,V1,2,1856.5,1227.8,628.7,0.3713,0.6,0.2456,,fits,,A,2676.0,3562.2,0.6188,0.8735,2,False,,,0.3138,,
interior-50x100,early_childhood.anglo,staged_final,V2,2,1856.5,1584.7,271.8,0.3713,0.6,0.3169,,fits,,A,2218.3,3205.3,0.6188,0.5406,3,False,,,0.3138,,
interior-50x100,teens_family.none,minimum,V0,1,1454.8,1454.8,0,0.2909,0.6,0.2909,,fits,,A,2384.9,3335.2,0.4849,0.7215,2,False,,,0.2334,,
interior-50x100,teens_family.none,minimum,V1,2,1574.8,983.0,591.8,0.315,0.6,0.1966,,fits,,A,2989.8,3807.0,0.5249,0.7041,3,False,,,0.2575,,
interior-50x100,teens_family.none,minimum,V2,2,1574.7,1141.9,432.9,0.3149,0.6,0.2284,,fits,,A,2786.0,3648.1,0.5249,0.9046,1,True,separation,V0,0.2574,,
interior-50x100,teens_family.none,optimum,V0,1,1805.5,1805.5,0,0.3611,0.6,0.3611,,fits,,A,2100.6,2984.5,0.6018,0.682,2,False,,,0.3036,,
interior-50x100,teens_family.none,optimum,V1,2,1925.5,1207.3,718.2,0.3851,0.6,0.2415,,fits,,A,2702.2,3582.7,0.6418,0.6748,3,False,,,0.3276,,
interior-50x100,teens_family.none,optimum,V2,2,1925.5,1497.2,428.3,0.3851,0.6,0.2994,,fits,,A,2330.6,3292.8,0.6418,0.8725,1,True,separation,V0,0.3276,,
interior-50x100,teens_family.none,maximum,V0,1,2857.8,2857.8,0,0.5716,0.6,0.5716,,fits_small_garden,,A,847.9,1782.2,0.9526,0.5467,3,False,,,0.4749,,
interior-50x100,teens_family.none,maximum,V1,2,2977.8,1861.8,1116.0,0.5956,0.6,0.3724,,fits,,A,2033.6,2778.2,0.9926,0.5609,2,False,,,0.499,,
interior-50x100,teens_family.none,maximum,V2,2,2977.8,2362.9,614.8,0.5956,0.6,0.4726,,fits,,A,1220.6,2277.1,0.9926,0.7469,1,True,separation,V1,0.499,,
interior-50x100,teens_family.none,maximum,V4,2,2977.7,2786.5,191.3,0.5955,0.6,0.5573,,fits_small_garden,,A,677.6,1853.5,0.9926,0.492,4,False,,,0.4989,,
interior-50x100,teens_family.none,accessible,V0,1,1835.4,1835.4,0,0.3671,0.6,0.3671,,fits,,A,2065.0,2954.6,0.6118,0.6786,2,False,,,0.3096,,
interior-50x100,teens_family.none,accessible,V1,2,1955.4,1581.7,373.7,0.3911,0.6,0.3163,,fits,,A,2222.2,3208.3,0.6518,0.8663,1,True,separation,V0,0.3336,,V2
interior-50x100,teens_family.none,staged_final,V0,1,1656.0,1656.0,0,0.3312,0.6,0.3312,,fits,,A,2126.9,3134.0,0.552,0.6988,2,False,,,0.2737,,
interior-50x100,teens_family.none,staged_final,V1,2,1776.0,1212.5,563.5,0.3552,0.6,0.2425,,fits,,A,2695.5,3577.5,0.592,0.6839,3,False,,,0.2977,,
interior-50x100,teens_family.none,staged_final,V2,2,1776.0,1503.7,272.3,0.3552,0.6,0.3007,,fits,,A,2322.2,3286.3,0.592,0.8547,1,True,separation,V0,0.2977,,
interior-50x100,teens_family.latino,minimum,V0,1,1454.8,1454.8,0,0.2909,0.6,0.2909,,fits,,A,2384.9,3335.2,0.4849,0.7215,2,False,,,0.2334,,
interior-50x100,teens_family.latino,minimum,V1,2,1574.8,983.0,591.8,0.315,0.6,0.1966,,fits,,A,2989.8,3807.0,0.5249,0.7041,3,False,,,0.2575,,
interior-50x100,teens_family.latino,minimum,V2,2,1574.7,1141.9,432.9,0.3149,0.6,0.2284,,fits,,A,2786.0,3648.1,0.5249,0.9046,1,True,separation,V0,0.2574,,
interior-50x100,teens_family.latino,optimum,V0,1,1805.5,1805.5,0,0.3611,0.6,0.3611,,fits,,A,2100.6,2984.5,0.6018,0.682,2,False,,,0.3036,,
interior-50x100,teens_family.latino,optimum,V1,2,1925.5,1207.3,718.2,0.3851,0.6,0.2415,,fits,,A,2702.2,3582.7,0.6418,0.6748,3,False,,,0.3276,,
interior-50x100,teens_family.latino,optimum,V2,2,1925.5,1497.2,428.3,0.3851,0.6,0.2994,,fits,,A,2330.6,3292.8,0.6418,0.8725,1,True,separation,V0,0.3276,,
interior-50x100,teens_family.latino,maximum,V0,1,2857.8,2857.8,0,0.5716,0.6,0.5716,,fits_small_garden,,A,847.9,1782.2,0.9526,0.5467,3,False,,,0.4749,,
interior-50x100,teens_family.latino,maximum,V1,2,2977.8,1861.8,1116.0,0.5956,0.6,0.3724,,fits,,A,2033.6,2778.2,0.9926,0.5609,2,False,,,0.499,,
interior-50x100,teens_family.latino,maximum,V2,2,2977.8,2362.9,614.8,0.5956,0.6,0.4726,,fits,,A,1220.6,2277.1,0.9926,0.7469,1,True,separation,V1,0.499,,
interior-50x100,teens_family.latino,maximum,V4,2,2977.7,2786.5,191.3,0.5955,0.6,0.5573,,fits_small_garden,,A,677.6,1853.5,0.9926,0.492,4,False,,,0.4989,,
interior-50x100,teens_family.latino,accessible,V0,1,1835.4,1835.4,0,0.3671,0.6,0.3671,,fits,,A,2065.0,2954.6,0.6118,0.6786,2,False,,,0.3096,,
interior-50x100,teens_family.latino,accessible,V1,2,1955.4,1581.7,373.7,0.3911,0.6,0.3163,,fits,,A,2222.2,3208.3,0.6518,0.8663,1,True,separation,V0,0.3336,,V2
interior-50x100,teens_family.latino,staged_final,V0,1,1656.0,1656.0,0,0.3312,0.6,0.3312,,fits,,A,2126.9,3134.0,0.552,0.6988,2,False,,,0.2737,,
interior-50x100,teens_family.latino,staged_final,V1,2,1776.0,1212.5,563.5,0.3552,0.6,0.2425,,fits,,A,2695.5,3577.5,0.592,0.6839,3,False,,,0.2977,,
interior-50x100,teens_family.latino,staged_final,V2,2,1776.0,1503.7,272.3,0.3552,0.6,0.3007,,fits,,A,2322.2,3286.3,0.592,0.8547,1,True,separation,V0,0.2977,,
interior-50x100,teens_family.anglo,minimum,V0,1,1454.8,1454.8,0,0.2909,0.6,0.2909,,fits,,A,2384.9,3335.2,0.4849,0.7315,2,False,,,0.2334,,
interior-50x100,teens_family.anglo,minimum,V1,2,1574.7,964.6,610.1,0.3149,0.6,0.1929,,fits,,A,3013.3,3825.4,0.5249,0.7147,3,False,,,0.2574,,
interior-50x100,teens_family.anglo,minimum,V2,2,1574.7,1123.6,451.2,0.3149,0.6,0.2247,,fits,,A,2809.5,3666.4,0.5249,0.9065,1,True,separation,V0,0.2574,,
interior-50x100,teens_family.anglo,optimum,V0,1,1886.0,1886.0,0,0.3772,0.6,0.3772,,fits,,A,2004.8,2904.0,0.6287,0.6797,3,False,,,0.3197,,
interior-50x100,teens_family.anglo,optimum,V1,2,2006.0,1222.9,783.1,0.4012,0.6,0.2446,,fits,,A,2682.1,3567.1,0.6687,0.6799,2,False,,,0.3437,,
interior-50x100,teens_family.anglo,optimum,V2,2,2006.0,1512.2,493.8,0.4012,0.6,0.3024,,fits,,A,2311.3,3277.8,0.6687,0.8655,1,True,separation,V1,0.3437,,
interior-50x100,teens_family.anglo,maximum,V0,1,2938.2,2938.2,0,0.5877,0.6,0.5877,,fits_small_garden,,A,752.1,1701.8,0.9794,0.5354,3,False,,,0.491,,
interior-50x100,teens_family.anglo,maximum,V1,2,2972.0,1714.3,1257.7,0.5944,0.6,0.3429,,fits,,A,2052.2,2925.7,0.9907,0.5765,2,False,,,0.4978,,
interior-50x100,teens_family.anglo,maximum,V2,2,2972.0,2295.4,676.6,0.5944,0.6,0.4591,,fits,,A,1307.2,2344.6,0.9907,0.7473,1,True,separation,V1,0.4978,,
interior-50x100,teens_family.anglo,maximum,V4,2,2972.0,2781.6,190.4,0.5944,0.6,0.5563,,fits_small_garden,,A,683.9,1858.4,0.9907,0.494,4,False,,,0.4978,,
interior-50x100,teens_family.anglo,accessible,V0,1,1915.9,1915.9,0,0.3832,0.6,0.3832,,fits,,A,1793.7,2874.1,0.6386,0.6761,2,False,,,0.3257,,
interior-50x100,teens_family.anglo,accessible,V1,2,2035.9,1662.8,373.1,0.4072,0.6,0.3326,,fits,,A,2118.2,3127.2,0.6786,0.8588,1,True,separation,V0,0.3497,,V2
interior-50x100,teens_family.anglo,staged_final,V0,1,1736.5,1736.5,0,0.3473,0.6,0.3473,,fits,,A,2023.7,3053.5,0.5788,0.6977,2,False,,,0.2898,,
interior-50x100,teens_family.anglo,staged_final,V1,2,1856.5,1227.8,628.7,0.3713,0.6,0.2456,,fits,,A,2676.0,3562.2,0.6188,0.6886,3,False,,,0.3138,,
interior-50x100,teens_family.anglo,staged_final,V2,2,1856.5,1584.7,271.8,0.3713,0.6,0.3169,,fits,,A,2218.3,3205.3,0.6188,0.8485,1,True,separation,V0,0.3138,,
interior-50x100,multigenerational.none,minimum,V0,1,1523.7,1523.7,0,0.3047,0.6,0.3047,,fits,,A,2296.5,3266.2,0.5079,0.8971,1,True,stair_independence,V1,0.2472,,
interior-50x100,multigenerational.none,minimum,V1,2,1643.8,1212.0,431.8,0.3287,0.6,0.2424,,fits,,A,2696.2,3578.0,0.5479,0.8908,2,False,,,0.2712,,V3
interior-50x100,multigenerational.none,minimum,V2,2,1643.8,1370.4,273.3,0.3287,0.6,0.2741,,fits,,A,2493.0,3419.6,0.5479,0.8746,3,False,,,0.2712,,
interior-50x100,multigenerational.none,optimum,V0,1,1811.2,1811.2,0,0.3622,0.6,0.3622,,fits,,A,2093.8,2978.8,0.6037,0.8626,1,True,stair_independence,V1,0.3047,,
interior-50x100,multigenerational.none,optimum,V1,2,1931.2,1370.1,561.1,0.3862,0.6,0.274,,fits,,A,2493.4,3419.9,0.6437,0.862,2,False,,,0.3287,,V3
interior-50x100,multigenerational.none,optimum,V2,2,1931.2,1659.9,271.3,0.3862,0.6,0.332,,fits,,A,2121.9,3130.1,0.6437,0.8394,3,False,,,0.3287,,
interior-50x100,multigenerational.none,maximum,V0,1,2949.7,2949.7,0,0.5899,0.6,0.5899,,fits_small_garden,,A,738.4,1690.3,0.9832,0.7079,4,False,,,0.4933,,
interior-50x100,multigenerational.none,maximum,V1,2,2983.5,2004.6,978.9,0.5967,0.6,0.4009,,fits,,A,1680.0,2635.4,0.9945,0.7414,1,True,open_area,V2,0.5001,,
interior-50x100,multigenerational.none,maximum,V2,2,2983.5,2431.4,552.1,0.5967,0.6,0.4863,,fits,,A,1132.8,2208.6,0.9945,0.7381,2,False,,,0.5001,,
interior-50x100,multigenerational.none,maximum,V3,2,2983.5,2135.0,848.5,0.5967,0.6,0.427,,fits,,A,1512.8,2505.0,0.9945,0.7333,3,False,,,0.5001,,
interior-50x100,multigenerational.none,maximum,V4,2,2983.5,2793.1,190.4,0.5967,0.6,0.5586,,fits_small_garden,,A,669.1,1846.9,0.9945,0.6665,5,False,,,0.5001,,
interior-50x100,multigenerational.none,accessible,V0,1,1841.1,1841.1,0,0.3682,0.6,0.3682,,fits,,A,2058.2,2948.9,0.6137,0.859,1,True,stair_independence,V1,0.3107,,
interior-50x100,multigenerational.none,accessible,V1,2,1961.1,1400.4,560.7,0.3922,0.6,0.2801,,fits,,A,2454.6,3389.6,0.6537,0.859,2,False,,,0.3347,,V3
interior-50x100,multigenerational.none,accessible,V2,2,1961.2,1690.0,271.1,0.3922,0.6,0.338,,fits,,A,2083.3,3100.0,0.6537,0.8357,3,False,,,0.3347,,
interior-50x100,multigenerational.none,staged_final,V0,1,1960.7,1960.7,0,0.3921,0.6,0.3921,,fits,,A,1736.2,2829.2,0.6536,0.6708,3,False,,,0.3346,,
interior-50x100,multigenerational.none,staged_final,V1,2,2080.8,1365.2,715.6,0.4162,0.6,0.273,,fits,,A,2499.8,3424.8,0.6936,0.6797,2,False,,,0.3587,,V3
interior-50x100,multigenerational.none,staged_final,V2,2,2080.8,1653.9,426.9,0.4162,0.6,0.3308,,fits,,A,2129.7,3136.1,0.6936,0.8568,1,True,separation,V1,0.3587,,
interior-50x100,multigenerational.latino,minimum,V0,1,1523.7,1523.7,0,0.3047,0.6,0.3047,,fits,,A,2296.5,3266.2,0.5079,0.8971,1,True,stair_independence,V1,0.2472,,
interior-50x100,multigenerational.latino,minimum,V1,2,1643.8,1212.0,431.8,0.3287,0.6,0.2424,,fits,,A,2696.2,3578.0,0.5479,0.8908,2,False,,,0.2712,,V3
interior-50x100,multigenerational.latino,minimum,V2,2,1643.8,1370.4,273.3,0.3287,0.6,0.2741,,fits,,A,2493.0,3419.6,0.5479,0.8746,3,False,,,0.2712,,
interior-50x100,multigenerational.latino,optimum,V0,1,1811.2,1811.2,0,0.3622,0.6,0.3622,,fits,,A,2093.8,2978.8,0.6037,0.8626,1,True,stair_independence,V1,0.3047,,
interior-50x100,multigenerational.latino,optimum,V1,2,1931.2,1370.1,561.1,0.3862,0.6,0.274,,fits,,A,2493.4,3419.9,0.6437,0.862,2,False,,,0.3287,,V3
interior-50x100,multigenerational.latino,optimum,V2,2,1931.2,1659.9,271.3,0.3862,0.6,0.332,,fits,,A,2121.9,3130.1,0.6437,0.8394,3,False,,,0.3287,,
interior-50x100,multigenerational.latino,maximum,V0,1,2972.7,2972.7,0,0.5945,0.6,0.5945,,fits_small_garden,,A,711.0,1667.3,0.9909,0.7051,4,False,,,0.4979,,
interior-50x100,multigenerational.latino,maximum,V1,2,2983.5,2004.6,978.9,0.5967,0.6,0.4009,,fits,,A,1680.0,2635.4,0.9945,0.7414,1,True,open_area,V2,0.5001,,
interior-50x100,multigenerational.latino,maximum,V2,2,2983.5,2431.4,552.1,0.5967,0.6,0.4863,,fits,,A,1132.8,2208.6,0.9945,0.7381,2,False,,,0.5001,,
interior-50x100,multigenerational.latino,maximum,V3,2,2983.5,2135.0,848.5,0.5967,0.6,0.427,,fits,,A,1512.8,2505.0,0.9945,0.7333,3,False,,,0.5001,,
interior-50x100,multigenerational.latino,maximum,V4,2,2983.5,2793.1,190.4,0.5967,0.6,0.5586,,fits_small_garden,,A,669.1,1846.9,0.9945,0.6665,5,False,,,0.5001,,
interior-50x100,multigenerational.latino,accessible,V0,1,1841.1,1841.1,0,0.3682,0.6,0.3682,,fits,,A,2058.2,2948.9,0.6137,0.859,1,True,stair_independence,V1,0.3107,,
interior-50x100,multigenerational.latino,accessible,V1,2,1961.1,1400.4,560.7,0.3922,0.6,0.2801,,fits,,A,2454.6,3389.6,0.6537,0.859,2,False,,,0.3347,,V3
interior-50x100,multigenerational.latino,accessible,V2,2,1961.2,1690.0,271.1,0.3922,0.6,0.338,,fits,,A,2083.3,3100.0,0.6537,0.8357,3,False,,,0.3347,,
interior-50x100,multigenerational.latino,staged_final,V0,1,1960.7,1960.7,0,0.3921,0.6,0.3921,,fits,,A,1736.2,2829.2,0.6536,0.6708,3,False,,,0.3346,,
interior-50x100,multigenerational.latino,staged_final,V1,2,2080.8,1365.2,715.6,0.4162,0.6,0.273,,fits,,A,2499.8,3424.8,0.6936,0.6797,2,False,,,0.3587,,V3
interior-50x100,multigenerational.latino,staged_final,V2,2,2080.8,1653.9,426.9,0.4162,0.6,0.3308,,fits,,A,2129.7,3136.1,0.6936,0.8568,1,True,separation,V1,0.3587,,
interior-50x100,multigenerational.anglo,minimum,V0,1,1523.7,1523.7,0,0.3047,0.6,0.3047,,fits,,A,2296.5,3266.2,0.5079,0.8971,1,True,stair_independence,V1,0.2472,,
interior-50x100,multigenerational.anglo,minimum,V1,2,1643.7,1193.7,450.1,0.3287,0.6,0.2387,,fits,,A,2719.7,3596.3,0.5479,0.8891,2,False,,,0.2712,,V3
interior-50x100,multigenerational.anglo,minimum,V2,2,1643.8,1370.4,273.3,0.3287,0.6,0.2741,,fits,,A,2493.0,3419.6,0.5479,0.8746,3,False,,,0.2712,,
interior-50x100,multigenerational.anglo,optimum,V0,1,2001.0,2001.0,0,0.4002,0.6,0.4002,,fits,,A,1684.6,2789.0,0.667,0.8398,1,True,stair_independence,V1,0.3427,,
interior-50x100,multigenerational.anglo,optimum,V1,2,2121.0,1496.2,624.8,0.4242,0.6,0.2992,,fits,,A,2331.9,3293.8,0.707,0.8395,2,False,,,0.3667,,V3
interior-50x100,multigenerational.anglo,optimum,V2,2,2121.0,1850.7,270.3,0.4242,0.6,0.3701,,fits,,A,2046.8,2939.3,0.707,0.8162,3,False,,,0.3667,,
interior-50x100,multigenerational.anglo,maximum,V0,1,2978.5,2978.5,0,0.5957,0.6,0.5957,,fits_small_garden,,A,704.2,1661.5,0.9928,0.7044,4,False,,,0.4991,,
interior-50x100,multigenerational.anglo,maximum,V1,2,2937.5,1815.0,1122.5,0.5875,0.6,0.363,,fits,,A,2089.3,2975.0,0.9792,0.7706,1,True,open_area,V2,0.53,,
interior-50x100,multigenerational.anglo,maximum,V2,2,2937.5,2328.3,609.2,0.5875,0.6,0.4657,,fits,,A,1265.0,2461.7,0.9792,0.7652,2,False,,,0.53,,
interior-50x100,multigenerational.anglo,maximum,V3,2,2937.5,1946.3,991.2,0.5875,0.6,0.3893,,fits,,A,1754.8,2843.7,0.9792,0.7624,3,False,,,0.53,,
interior-50x100,multigenerational.anglo,maximum,V4,2,2937.5,2746.2,191.3,0.5875,0.6,0.5492,,fits_small_garden,,A,729.3,2043.8,0.9792,0.6904,5,False,,,0.53,,
interior-50x100,multigenerational.anglo,accessible,V0,1,2030.9,2030.9,0,0.4062,0.6,0.4062,,fits,,A,1646.3,2759.1,0.677,0.8362,2,False,,,0.3487,,
interior-50x100,multigenerational.anglo,accessible,V1,2,2150.9,1526.4,624.5,0.4302,0.6,0.3053,,fits,,A,2293.0,3263.6,0.717,0.8366,1,True,open_area,V0,0.3727,,V3
interior-50x100,multigenerational.anglo,accessible,V2,2,2150.9,1880.7,270.2,0.4302,0.6,0.3761,,fits,,A,2011.0,2909.3,0.717,0.8126,3,False,,,0.3727,,
interior-50x100,multigenerational.anglo,staged_final,V0,1,2150.5,2150.5,0,0.4301,0.6,0.4301,,fits,,A,1492.9,2639.5,0.7168,0.648,3,False,,,0.3726,,
interior-50x100,multigenerational.anglo,staged_final,V1,2,2270.5,1491.7,778.8,0.4541,0.6,0.2983,,fits,,A,2337.6,3298.3,0.7568,0.6572,2,False,,,0.3966,,V3
interior-50x100,multigenerational.anglo,staged_final,V2,2,2270.5,1845.1,425.4,0.4541,0.6,0.369,,fits,,A,2053.5,2944.9,0.7568,0.8339,1,True,separation,V1,0.3966,,
interior-50x100,empty_nest.none,minimum,V0,1,1155.8,1155.8,0,0.2311,0.6,0.2311,,fits,,A,2768.3,3634.2,0.3852,0.9358,1,True,stair_independence,V1,0.1736,,
interior-50x100,empty_nest.none,minimum,V1,2,1275.8,998.3,277.5,0.2551,0.6,0.1997,,fits,,A,2970.2,3791.7,0.4253,0.8549,2,False,,,0.1976,,
interior-50x100,empty_nest.none,optimum,V0,1,1431.8,1431.8,0,0.2863,0.6,0.2863,,fits,,A,2414.4,3358.2,0.4773,0.9137,1,True,only_feasible,,0.2288,,
interior-50x100,empty_nest.none,maximum,V0,1,2133.2,2133.2,0,0.4266,0.6,0.4266,,fits,,A,1515.1,2506.8,0.7111,0.8259,1,True,upper_efficiency,V1,0.3301,,
interior-50x100,empty_nest.none,maximum,V1,2,2253.2,1981.7,271.5,0.4506,0.6,0.3963,,fits,,A,1709.3,2658.3,0.7511,0.8018,2,False,,,0.354,,V2
interior-50x100,empty_nest.none,maximum,V4,2,2253.2,2048.2,205.0,0.4506,0.6,0.4096,,fits,,A,1624.1,2591.8,0.7511,0.7802,3,False,,,0.354,,
interior-50x100,empty_nest.none,accessible,V0,1,1461.6,1461.6,0,0.2923,0.6,0.2923,,fits,,A,2376.1,3328.4,0.4872,0.9106,1,True,only_feasible,,0.2348,,
interior-50x100,empty_nest.none,staged_final,V0,1,1431.8,1431.8,0,0.2863,0.6,0.2863,,fits,,A,2414.4,3358.2,0.4773,0.9137,1,True,only_feasible,,0.2288,,
interior-50x100,empty_nest.latino,minimum,V0,1,1155.8,1155.8,0,0.2311,0.6,0.2311,,fits,,A,2768.3,3634.2,0.3852,0.9358,1,True,stair_independence,V1,0.1736,,
interior-50x100,empty_nest.latino,minimum,V1,2,1275.8,998.3,277.5,0.2551,0.6,0.1997,,fits,,A,2970.2,3791.7,0.4253,0.8549,2,False,,,0.1976,,
interior-50x100,empty_nest.latino,optimum,V0,1,1431.8,1431.8,0,0.2863,0.6,0.2863,,fits,,A,2414.4,3358.2,0.4773,0.9137,1,True,only_feasible,,0.2288,,
interior-50x100,empty_nest.latino,maximum,V0,1,2185.0,2185.0,0,0.437,0.6,0.437,,fits,,A,1448.7,2455.0,0.7283,0.8205,1,True,upper_efficiency,V1,0.3404,,
interior-50x100,empty_nest.latino,maximum,V1,2,2305.0,2033.7,271.3,0.461,0.6,0.4067,,fits,,A,1642.6,2606.3,0.7683,0.7964,2,False,,,0.3644,,V2
interior-50x100,empty_nest.latino,maximum,V4,2,2305.0,2100.1,204.9,0.461,0.6,0.42,,fits,,A,1557.5,2539.9,0.7683,0.7748,3,False,,,0.3644,,
interior-50x100,empty_nest.latino,accessible,V0,1,1461.6,1461.6,0,0.2923,0.6,0.2923,,fits,,A,2376.1,3328.4,0.4872,0.9106,1,True,only_feasible,,0.2348,,
interior-50x100,empty_nest.latino,staged_final,V0,1,1431.8,1431.8,0,0.2863,0.6,0.2863,,fits,,A,2414.4,3358.2,0.4773,0.9137,1,True,only_feasible,,0.2288,,
interior-50x100,empty_nest.anglo,minimum,V0,1,1155.8,1155.8,0,0.2311,0.6,0.2311,,fits,,A,2768.3,3634.2,0.3852,0.9384,1,True,stair_independence,V1,0.1736,,
interior-50x100,empty_nest.anglo,minimum,V1,2,1275.8,979.6,296.1,0.2551,0.6,0.1959,,fits,,A,2994.1,3810.4,0.4253,0.8595,2,False,,,0.1976,,
interior-50x100,empty_nest.anglo,optimum,V0,1,1558.2,1558.2,0,0.3116,0.6,0.3116,,fits,,A,2252.2,3231.8,0.5194,0.9016,1,True,only_feasible,,0.2541,,
interior-50x100,empty_nest.anglo,maximum,V0,1,2277.0,2277.0,0,0.4554,0.6,0.4554,,fits,,A,1330.8,2363.0,0.759,0.8056,1,True,upper_efficiency,V1,0.3588,,
interior-50x100,empty_nest.anglo,maximum,V1,2,2397.0,2126.2,270.8,0.4794,0.6,0.4252,,fits,,A,1524.1,2513.8,0.799,0.784,2,False,,,0.3828,,V2
interior-50x100,empty_nest.anglo,maximum,V4,2,2397.0,2192.4,204.6,0.4794,0.6,0.4385,,fits,,A,1439.2,2447.6,0.799,0.7626,3,False,,,0.3828,,
interior-50x100,empty_nest.anglo,accessible,V0,1,1588.1,1588.1,0,0.3176,0.6,0.3176,,fits,,A,2213.9,3201.9,0.5294,0.8983,1,True,only_feasible,,0.2601,,
interior-50x100,empty_nest.anglo,staged_final,V0,1,1558.2,1558.2,0,0.3116,0.6,0.3116,,fits,,A,2252.2,3231.8,0.5194,0.9016,1,True,only_feasible,,0.2541,,
interior-50x100,remote_work.none,minimum,V0,1,1282.2,1282.2,0,0.2565,0.6,0.2565,,fits,,A,2606.1,3507.8,0.4274,0.9145,1,True,stair_independence,V1,0.1989,,
interior-50x100,remote_work.none,minimum,V1,2,1402.2,990.9,411.4,0.2804,0.6,0.1982,,fits,,A,2979.7,3799.1,0.4674,0.886,2,False,,,0.223,,
interior-50x100,remote_work.none,minimum,V2,2,1402.2,1151.1,251.1,0.2804,0.6,0.2302,,fits,,A,2774.2,3638.9,0.4674,0.8702,3,False,,,0.223,,
interior-50x100,remote_work.none,minimum,V4,2,1402.2,1206.6,195.6,0.2804,0.6,0.2413,,fits,,A,2703.0,3583.4,0.4674,0.8517,4,False,,,0.223,,
interior-50x100,remote_work.none,optimum,V0,1,1656.0,1656.0,0,0.3312,0.6,0.3312,,fits,,A,2126.9,3134.0,0.552,0.8687,2,False,,,0.2737,,
interior-50x100,remote_work.none,optimum,V1,2,1776.0,1103.3,672.7,0.3552,0.6,0.2207,,fits,,A,2835.5,3686.7,0.592,0.8485,4,False,,,0.2977,,
interior-50x100,remote_work.none,optimum,V2,2,1776.0,1394.5,381.5,0.3552,0.6,0.2789,,fits,,A,2462.2,3395.5,0.592,0.8756,1,True,open_area,V0,0.2977,,
interior-50x100,remote_work.none,optimum,V4,2,1776.0,1449.1,326.9,0.3552,0.6,0.2898,,fits,,A,2392.2,3340.9,0.592,0.8615,3,False,,,0.2977,,
interior-50x100,remote_work.none,maximum,V0,1,2208.0,2208.0,0,0.4416,0.6,0.4416,,fits,,A,1419.2,2582.0,0.736,0.8003,4,False,,,0.3841,,
interior-50x100,remote_work.none,maximum,V1,2,2328.0,1236.4,1091.6,0.4656,0.6,0.2473,,fits,,A,2664.9,3553.6,0.776,0.8015,3,False,,,0.4081,,
interior-50x100,remote_work.none,maximum,V2,2,2328.0,1743.1,584.9,0.4656,0.6,0.3486,,fits,,A,2015.2,3046.9,0.776,0.8189,1,True,open_area,V4,0.4081,,
interior-50x100,remote_work.none,maximum,V4,2,2328.0,1809.5,518.5,0.4656,0.6,0.3619,,fits,,A,2095.8,2980.5,0.776,0.8151,2,False,,,0.4081,,
interior-50x100,remote_work.none,accessible,V0,1,1685.9,1685.9,0,0.3372,0.6,0.3372,,fits,,A,2088.6,3104.1,0.562,0.865,1,True,upper_efficiency,V1,0.2797,,
interior-50x100,remote_work.none,accessible,V1,2,1805.9,1479.3,326.6,0.3612,0.6,0.2959,,fits,,A,2353.5,3310.7,0.602,0.8577,2,False,,,0.3037,,"V2,V4"
interior-50x100,remote_work.none,staged_final,V0,1,1656.0,1656.0,0,0.3312,0.6,0.3312,,fits,,A,2126.9,3134.0,0.552,0.8687,2,False,,,0.2737,,
interior-50x100,remote_work.none,staged_final,V1,2,1776.0,1103.3,672.7,0.3552,0.6,0.2207,,fits,,A,2835.5,3686.7,0.592,0.8485,4,False,,,0.2977,,
interior-50x100,remote_work.none,staged_final,V2,2,1776.0,1394.5,381.5,0.3552,0.6,0.2789,,fits,,A,2462.2,3395.5,0.592,0.8756,1,True,open_area,V0,0.2977,,
interior-50x100,remote_work.none,staged_final,V4,2,1776.0,1449.1,326.9,0.3552,0.6,0.2898,,fits,,A,2392.2,3340.9,0.592,0.8615,3,False,,,0.2977,,
interior-50x100,remote_work.latino,minimum,V0,1,1282.2,1282.2,0,0.2565,0.6,0.2565,,fits,,A,2606.1,3507.8,0.4274,0.9145,1,True,stair_independence,V1,0.1989,,
interior-50x100,remote_work.latino,minimum,V1,2,1402.2,990.9,411.4,0.2804,0.6,0.1982,,fits,,A,2979.7,3799.1,0.4674,0.886,2,False,,,0.223,,
interior-50x100,remote_work.latino,minimum,V2,2,1402.2,1151.1,251.1,0.2804,0.6,0.2302,,fits,,A,2774.2,3638.9,0.4674,0.8702,3,False,,,0.223,,
interior-50x100,remote_work.latino,minimum,V4,2,1402.2,1206.6,195.6,0.2804,0.6,0.2413,,fits,,A,2703.0,3583.4,0.4674,0.8517,4,False,,,0.223,,
interior-50x100,remote_work.latino,optimum,V0,1,1656.0,1656.0,0,0.3312,0.6,0.3312,,fits,,A,2126.9,3134.0,0.552,0.8687,2,False,,,0.2737,,
interior-50x100,remote_work.latino,optimum,V1,2,1776.0,1103.3,672.7,0.3552,0.6,0.2207,,fits,,A,2835.5,3686.7,0.592,0.8485,4,False,,,0.2977,,
interior-50x100,remote_work.latino,optimum,V2,2,1776.0,1394.5,381.5,0.3552,0.6,0.2789,,fits,,A,2462.2,3395.5,0.592,0.8756,1,True,open_area,V0,0.2977,,
interior-50x100,remote_work.latino,optimum,V4,2,1776.0,1449.1,326.9,0.3552,0.6,0.2898,,fits,,A,2392.2,3340.9,0.592,0.8615,3,False,,,0.2977,,
interior-50x100,remote_work.latino,maximum,V0,1,2432.2,2432.2,0,0.4864,0.6,0.4864,,fits,,A,1131.7,2357.8,0.8107,0.7726,4,False,,,0.4289,,
interior-50x100,remote_work.latino,maximum,V1,2,2552.2,1465.3,1086.9,0.5104,0.6,0.2931,,fits,,A,2371.4,3324.7,0.8507,0.7838,3,False,,,0.453,,
interior-50x100,remote_work.latino,maximum,V2,2,2552.2,1969.8,582.5,0.5104,0.6,0.394,,fits,,A,1724.7,2820.2,0.8507,0.791,1,True,open_area,V4,0.453,,
interior-50x100,remote_work.latino,maximum,V4,2,2552.2,2035.8,516.4,0.5104,0.6,0.4072,,fits,,A,1640.0,2754.2,0.8507,0.7872,2,False,,,0.453,,
interior-50x100,remote_work.latino,accessible,V0,1,1685.9,1685.9,0,0.3372,0.6,0.3372,,fits,,A,2088.6,3104.1,0.562,0.865,1,True,upper_efficiency,V1,0.2797,,
interior-50x100,remote_work.latino,accessible,V1,2,1805.9,1479.3,326.6,0.3612,0.6,0.2959,,fits,,A,2353.5,3310.7,0.602,0.8577,2,False,,,0.3037,,"V2,V4"
interior-50x100,remote_work.latino,staged_final,V0,1,1656.0,1656.0,0,0.3312,0.6,0.3312,,fits,,A,2126.9,3134.0,0.552,0.8687,2,False,,,0.2737,,
interior-50x100,remote_work.latino,staged_final,V1,2,1776.0,1103.3,672.7,0.3552,0.6,0.2207,,fits,,A,2835.5,3686.7,0.592,0.8485,4,False,,,0.2977,,
interior-50x100,remote_work.latino,staged_final,V2,2,1776.0,1394.5,381.5,0.3552,0.6,0.2789,,fits,,A,2462.2,3395.5,0.592,0.8756,1,True,open_area,V0,0.2977,,
interior-50x100,remote_work.latino,staged_final,V4,2,1776.0,1449.1,326.9,0.3552,0.6,0.2898,,fits,,A,2392.2,3340.9,0.592,0.8615,3,False,,,0.2977,,
interior-50x100,remote_work.anglo,minimum,V0,1,1282.2,1282.2,0,0.2565,0.6,0.2565,,fits,,A,2606.1,3507.8,0.4274,0.9186,1,True,stair_independence,V1,0.1989,,
interior-50x100,remote_work.anglo,minimum,V1,2,1402.2,972.4,429.9,0.2804,0.6,0.1945,,fits,,A,3003.4,3817.6,0.4674,0.889,2,False,,,0.223,,
interior-50x100,remote_work.anglo,minimum,V2,2,1402.2,1151.1,251.1,0.2804,0.6,0.2302,,fits,,A,2774.2,3638.9,0.4674,0.8764,3,False,,,0.223,,
interior-50x100,remote_work.anglo,minimum,V4,2,1402.2,1206.6,195.6,0.2804,0.6,0.2413,,fits,,A,2703.0,3583.4,0.4674,0.8588,4,False,,,0.223,,
interior-50x100,remote_work.anglo,optimum,V0,1,1736.5,1736.5,0,0.3473,0.6,0.3473,,fits,,A,2023.7,3053.5,0.5788,0.8594,2,False,,,0.2898,,
interior-50x100,remote_work.anglo,optimum,V1,2,1856.5,1167.2,689.3,0.3713,0.6,0.2334,,fits,,A,2753.5,3622.8,0.6188,0.8486,4,False,,,0.3138,,
interior-50x100,remote_work.anglo,optimum,V2,2,1856.5,1475.8,380.7,0.3713,0.6,0.2952,,fits,,A,2357.9,3314.2,0.6188,0.8695,1,True,open_area,V0,0.3138,,
interior-50x100,remote_work.anglo,optimum,V4,2,1856.5,1530.3,326.2,0.3713,0.6,0.3061,,fits,,A,2288.1,3259.7,0.6188,0.8551,3,False,,,0.3138,,
interior-50x100,remote_work.anglo,maximum,V0,1,2317.2,2317.2,0,0.4634,0.6,0.4634,,fits,,A,1279.2,2472.8,0.7724,0.783,4,False,,,0.4059,,
interior-50x100,remote_work.anglo,maximum,V1,2,2437.2,1324.0,1113.3,0.4874,0.6,0.2648,,fits,,A,2552.6,3466.0,0.8124,0.8004,3,False,,,0.4299,,
interior-50x100,remote_work.anglo,maximum,V2,2,2437.2,1853.6,583.6,0.4874,0.6,0.3707,,fits,,A,2043.3,2936.4,0.8124,0.8069,1,True,open_area,V4,0.4299,,
interior-50x100,remote_work.anglo,maximum,V4,2,2437.2,1919.8,517.4,0.4874,0.6,0.384,,fits,,A,1788.7,2870.2,0.8124,0.8024,2,False,,,0.4299,,
interior-50x100,remote_work.anglo,accessible,V0,1,1766.4,1766.4,0,0.3533,0.6,0.3533,,fits,,A,2147.1,3023.6,0.5888,0.8554,1,True,upper_efficiency,V1,0.2958,,
interior-50x100,remote_work.anglo,accessible,V1,2,1886.4,1560.4,326.0,0.3773,0.6,0.3121,,fits,,A,2249.5,3229.6,0.6288,0.851,2,False,,,0.3198,,"V2,V4"
interior-50x100,remote_work.anglo,staged_final,V0,1,1736.5,1736.5,0,0.3473,0.6,0.3473,,fits,,A,2023.7,3053.5,0.5788,0.8594,2,False,,,0.2898,,
interior-50x100,remote_work.anglo,staged_final,V1,2,1856.5,1167.2,689.3,0.3713,0.6,0.2334,,fits,,A,2753.5,3622.8,0.6188,0.8486,4,False,,,0.3138,,
interior-50x100,remote_work.anglo,staged_final,V2,2,1856.5,1475.8,380.7,0.3713,0.6,0.2952,,fits,,A,2357.9,3314.2,0.6188,0.8695,1,True,open_area,V0,0.3138,,
interior-50x100,remote_work.anglo,staged_final,V4,2,1856.5,1530.3,326.2,0.3713,0.6,0.3061,,fits,,A,2288.1,3259.7,0.6188,0.8551,3,False,,,0.3138,,
interior-50x100,shared_adults.none,minimum,V0,1,1506.5,1506.5,0,0.3013,0.6,0.3013,,fits,,A,2318.6,3283.5,0.5022,0.8065,2,False,,,0.2438,,
interior-50x100,shared_adults.none,minimum,V1,2,1626.5,981.0,645.5,0.3253,0.6,0.1962,,fits,,A,2992.3,3809.0,0.5422,0.9014,1,True,separation,V0,0.2678,,
interior-50x100,shared_adults.none,optimum,V0,1,1736.5,1736.5,0,0.3473,0.6,0.3473,,fits,,A,2023.7,3053.5,0.5788,0.7807,2,False,,,0.2898,,
interior-50x100,shared_adults.none,optimum,V1,2,1856.5,1161.2,695.3,0.3713,0.6,0.2322,,fits,,A,2761.3,3628.8,0.6188,0.8875,1,True,separation,V0,0.3138,,
interior-50x100,shared_adults.none,maximum,V0,1,2420.8,2420.8,0,0.4842,0.6,0.4842,,fits,,A,1146.5,2219.2,0.8069,0.6868,2,False,,,0.3876,,
interior-50x100,shared_adults.none,maximum,V1,2,2540.7,1597.7,943.0,0.5081,0.6,0.3195,,fits,,A,2201.6,3042.3,0.8469,0.8131,1,True,separation,V0,0.4115,,
interior-50x100,shared_adults.none,maximum,V4,2,2540.8,2336.6,204.2,0.5081,0.6,0.4673,,fits,,A,1254.4,2303.4,0.8469,0.6366,3,False,,,0.4116,,
interior-50x100,shared_adults.none,accessible,V0,1,1766.4,1766.4,0,0.3533,0.6,0.3533,,fits,,A,2147.1,3023.6,0.5888,0.7773,2,False,,,0.2958,,
interior-50x100,shared_adults.none,accessible,V1,2,1886.4,1403.2,483.2,0.3773,0.6,0.2806,,fits,,A,2451.0,3386.8,0.6288,0.8475,1,True,separation,V0,0.3198,,
interior-50x100,shared_adults.none,staged_final,V0,1,1736.5,1736.5,0,0.3473,0.6,0.3473,,fits,,A,2023.7,3053.5,0.5788,0.7807,2,False,,,0.2898,,
interior-50x100,shared_adults.none,staged_final,V1,2,1856.5,1161.2,695.3,0.3713,0.6,0.2322,,fits,,A,2761.3,3628.8,0.6188,0.8875,1,True,separation,V0,0.3138,,
interior-50x100,shared_adults.latino,minimum,V0,1,1506.5,1506.5,0,0.3013,0.6,0.3013,,fits,,A,2318.6,3283.5,0.5022,0.8065,2,False,,,0.2438,,
interior-50x100,shared_adults.latino,minimum,V1,2,1626.5,981.0,645.5,0.3253,0.6,0.1962,,fits,,A,2992.3,3809.0,0.5422,0.9014,1,True,separation,V0,0.2678,,
interior-50x100,shared_adults.latino,optimum,V0,1,1736.5,1736.5,0,0.3473,0.6,0.3473,,fits,,A,2023.7,3053.5,0.5788,0.7807,2,False,,,0.2898,,
interior-50x100,shared_adults.latino,optimum,V1,2,1856.5,1161.2,695.3,0.3713,0.6,0.2322,,fits,,A,2761.3,3628.8,0.6188,0.8875,1,True,separation,V0,0.3138,,
interior-50x100,shared_adults.latino,maximum,V0,1,2472.5,2472.5,0,0.4945,0.6,0.4945,,fits,,A,1080.1,2167.5,0.8242,0.6809,2,False,,,0.3979,,
interior-50x100,shared_adults.latino,maximum,V1,2,2592.5,1650.3,942.2,0.5185,0.6,0.3301,,fits,,A,2134.2,2989.7,0.8642,0.8073,1,True,separation,V0,0.4219,,
interior-50x100,shared_adults.latino,maximum,V4,2,2592.5,2388.5,204.0,0.5185,0.6,0.4777,,fits,,A,1187.9,2251.5,0.8642,0.6308,3,False,,,0.4219,,
interior-50x100,shared_adults.latino,accessible,V0,1,1766.4,1766.4,0,0.3533,0.6,0.3533,,fits,,A,2147.1,3023.6,0.5888,0.7773,2,False,,,0.2958,,
interior-50x100,shared_adults.latino,accessible,V1,2,1886.4,1403.2,483.2,0.3773,0.6,0.2806,,fits,,A,2451.0,3386.8,0.6288,0.8475,1,True,separation,V0,0.3198,,
interior-50x100,shared_adults.latino,staged_final,V0,1,1736.5,1736.5,0,0.3473,0.6,0.3473,,fits,,A,2023.7,3053.5,0.5788,0.7807,2,False,,,0.2898,,
interior-50x100,shared_adults.latino,staged_final,V1,2,1856.5,1161.2,695.3,0.3713,0.6,0.2322,,fits,,A,2761.3,3628.8,0.6188,0.8875,1,True,separation,V0,0.3138,,
interior-50x100,shared_adults.anglo,minimum,V0,1,1506.5,1506.5,0,0.3013,0.6,0.3013,,fits,,A,2318.6,3283.5,0.5022,0.8123,2,False,,,0.2438,,
interior-50x100,shared_adults.anglo,minimum,V1,2,1626.5,962.7,663.8,0.3253,0.6,0.1925,,fits,,A,3015.8,3827.3,0.5422,0.9029,1,True,separation,V0,0.2678,,
interior-50x100,shared_adults.anglo,optimum,V0,1,1863.0,1863.0,0,0.3726,0.6,0.3726,,fits,,A,2032.1,2927.0,0.621,0.7695,2,False,,,0.3151,,
interior-50x100,shared_adults.anglo,optimum,V1,2,1983.0,1223.6,759.4,0.3966,0.6,0.2447,,fits,,A,2681.3,3566.4,0.661,0.8788,1,True,separation,V0,0.3391,,
interior-50x100,shared_adults.anglo,maximum,V0,1,2472.5,2472.5,0,0.4945,0.6,0.4945,,fits,,A,1080.1,2167.5,0.8242,0.6783,2,False,,,0.3979,,
interior-50x100,shared_adults.anglo,maximum,V1,2,2592.5,1566.3,1026.2,0.5185,0.6,0.3133,,fits,,A,2241.9,3073.7,0.8642,0.8078,1,True,separation,V0,0.4219,,
interior-50x100,shared_adults.anglo,maximum,V4,2,2592.5,2388.5,204.0,0.5185,0.6,0.4777,,fits,,A,1187.9,2251.5,0.8642,0.6313,3,False,,,0.4219,,
interior-50x100,shared_adults.anglo,accessible,V0,1,1892.9,1892.9,0,0.3786,0.6,0.3786,,fits,,A,1823.2,2897.1,0.631,0.7659,2,False,,,0.3211,,
interior-50x100,shared_adults.anglo,accessible,V1,2,2012.9,1464.9,548.0,0.4026,0.6,0.293,,fits,,A,2371.9,3325.1,0.671,0.8353,1,True,separation,V0,0.3451,,
interior-50x100,shared_adults.anglo,staged_final,V0,1,1863.0,1863.0,0,0.3726,0.6,0.3726,,fits,,A,2032.1,2927.0,0.621,0.7695,2,False,,,0.3151,,
interior-50x100,shared_adults.anglo,staged_final,V1,2,1983.0,1223.6,759.4,0.3966,0.6,0.2447,,fits,,A,2681.3,3566.4,0.661,0.8788,1,True,separation,V0,0.3391,,
corner-55x100,young_couple.none,minimum,V0,1,1282.2,1282.2,0,0.2331,0.59,0.2331,,fits,,A,3034.9,4007.8,0.3951,0.9341,1,True,stair_independence,V1,0.1809,,
corner-55x100,young_couple.none,minimum,V1,2,1402.2,990.9,411.4,0.255,0.59,0.1802,,fits,,A,3407.6,4299.1,0.4321,0.9109,2,False,,,0.2027,,
corner-55x100,young_couple.none,minimum,V2,2,1402.2,1151.1,251.1,0.255,0.59,0.2093,,fits,,A,3202.6,4138.9,0.4321,0.8977,3,False,,,0.2027,,
corner-55x100,young_couple.none,minimum,V4,2,1402.2,1206.6,195.6,0.255,0.59,0.2194,,fits,,A,3131.6,4083.4,0.4321,0.8823,4,False,,,0.2027,,
corner-55x100,young_couple.none,optimum,V0,1,1604.2,1604.2,0,0.2917,0.59,0.2917,,fits,,A,2623.1,3685.8,0.4944,0.9105,1,True,stair_independence,V1,0.2394,,
corner-55x100,young_couple.none,optimum,V1,2,1724.2,1184.2,540.1,0.3135,0.59,0.2153,,fits,,A,3160.3,4105.8,0.5314,0.8862,2,False,,,0.2612,,
corner-55x100,young_couple.none,optimum,V2,2,1724.2,1475.9,248.4,0.3135,0.59,0.2683,,fits,,A,2787.3,3814.1,0.5314,0.8789,3,False,,,0.2612,,
corner-55x100,young_couple.none,optimum,V4,2,1724.2,1530.6,193.7,0.3135,0.59,0.2783,,fits,,A,2717.3,3759.4,0.5314,0.8613,4,False,,,0.2612,,
corner-55x100,young_couple.none,maximum,V0,1,2334.5,2334.5,0,0.4245,0.59,0.4245,,fits,,A,1689.0,2805.5,0.7194,0.8349,3,False,,,0.3366,,
corner-55x100,young_couple.none,maximum,V1,2,2454.5,1522.1,932.4,0.4463,0.59,0.2767,,fits,,A,2728.2,3617.9,0.7564,0.8302,4,False,,,0.3585,,
corner-55x100,young_couple.none,maximum,V2,2,2454.5,2027.5,427.0,0.4463,0.59,0.3686,,fits,,A,2081.7,3112.5,0.7564,0.842,1,True,open_area,V4,0.3585,,
corner-55x100,young_couple.none,maximum,V4,2,2454.5,2093.7,360.8,0.4463,0.59,0.3807,,fits,,A,1997.1,3046.3,0.7564,0.8391,2,False,,,0.3585,,
corner-55x100,young_couple.none,accessible,V0,1,1634.1,1634.1,0,0.2971,0.59,0.2971,,fits,,A,2584.8,3655.9,0.5036,0.9077,1,True,upper_efficiency,V1,0.2448,,
corner-55x100,young_couple.none,accessible,V1,2,1754.1,1560.6,193.5,0.3189,0.59,0.2837,,fits,,A,2678.9,3729.4,0.5406,0.8584,2,False,,,0.2667,,"V2,V4"
corner-55x100,young_couple.none,staged_final,V0,1,1782.5,1782.5,0,0.3241,0.59,0.3241,,fits,,A,2395.1,3507.5,0.5493,0.8936,2,False,,,0.2718,,
corner-55x100,young_couple.none,staged_final,V1,2,1902.5,1208.1,694.4,0.3459,0.59,0.2196,,fits,,A,3129.8,4081.9,0.5863,0.8779,3,False,,,0.2936,,
corner-55x100,young_couple.none,staged_final,V2,2,1902.5,1498.1,404.4,0.3459,0.59,0.2724,,fits,,A,2758.8,3791.9,0.5863,0.8998,1,True,open_area,V0,0.2936,,
corner-55x100,young_couple.none,staged_final,V4,2,1902.5,1709.6,192.9,0.3459,0.59,0.3108,,fits,,A,2488.3,3580.4,0.5863,0.8442,4,False,,,0.2936,,
corner-55x100,young_couple.latino,minimum,V0,1,1282.2,1282.2,0,0.2331,0.59,0.2331,,fits,,A,3034.9,4007.8,0.3951,0.9341,1,True,stair_independence,V1,0.1809,,
corner-55x100,young_couple.latino,minimum,V1,2,1402.2,990.9,411.4,0.255,0.59,0.1802,,fits,,A,3407.6,4299.1,0.4321,0.9109,2,False,,,0.2027,,
corner-55x100,young_couple.latino,minimum,V2,2,1402.2,1151.1,251.1,0.255,0.59,0.2093,,fits,,A,3202.6,4138.9,0.4321,0.8977,3,False,,,0.2027,,
corner-55x100,young_couple.latino,minimum,V4,2,1402.2,1206.6,195.6,0.255,0.59,0.2194,,fits,,A,3131.6,4083.4,0.4321,0.8823,4,False,,,0.2027,,
corner-55x100,young_couple.latino,optimum,V0,1,1604.2,1604.2,0,0.2917,0.59,0.2917,,fits,,A,2623.1,3685.8,0.4944,0.9105,1,True,stair_independence,V1,0.2394,,
corner-55x100,young_couple.latino,optimum,V1,2,1724.2,1184.2,540.1,0.3135,0.59,0.2153,,fits,,A,3160.3,4105.8,0.5314,0.8862,2,False,,,0.2612,,
corner-55x100,young_couple.latino,optimum,V2,2,1724.2,1475.9,248.4,0.3135,0.59,0.2683,,fits,,A,2787.3,3814.1,0.5314,0.8789,3,False,,,0.2612,,
corner-55x100,young_couple.latino,optimum,V4,2,1724.2,1530.6,193.7,0.3135,0.59,0.2783,,fits,,A,2717.3,3759.4,0.5314,0.8613,4,False,,,0.2612,,
corner-55x100,young_couple.latino,maximum,V0,1,2386.2,2386.2,0,0.4339,0.59,0.4339,,fits,,A,1622.8,2753.8,0.7354,0.83,3,False,,,0.346,,
corner-55x100,young_couple.latino,maximum,V1,2,2506.2,1574.7,931.6,0.4557,0.59,0.2863,,fits,,A,2660.9,3565.3,0.7723,0.8267,4,False,,,0.3679,,
corner-55x100,young_couple.latino,maximum,V2,2,2506.2,2079.6,426.7,0.4557,0.59,0.3781,,fits,,A,2015.1,3060.4,0.7723,0.8371,1,True,open_area,V4,0.3679,,
corner-55x100,young_couple.latino,maximum,V4,2,2506.2,2145.7,360.5,0.4557,0.59,0.3901,,fits,,A,1930.5,2994.3,0.7723,0.8342,2,False,,,0.3679,,
corner-55x100,young_couple.latino,accessible,V0,1,1634.1,1634.1,0,0.2971,0.59,0.2971,,fits,,A,2584.8,3655.9,0.5036,0.9077,1,True,upper_efficiency,V1,0.2448,,
corner-55x100,young_couple.latino,accessible,V1,2,1754.1,1560.6,193.5,0.3189,0.59,0.2837,,fits,,A,2678.9,3729.4,0.5406,0.8584,2,False,,,0.2667,,"V2,V4"
corner-55x100,young_couple.latino,staged_final,V0,1,1782.5,1782.5,0,0.3241,0.59,0.3241,,fits,,A,2395.1,3507.5,0.5493,0.8936,2,False,,,0.2718,,
corner-55x100,young_couple.latino,staged_final,V1,2,1902.5,1208.1,694.4,0.3459,0.59,0.2196,,fits,,A,3129.8,4081.9,0.5863,0.8779,3,False,,,0.2936,,
corner-55x100,young_couple.latino,staged_final,V2,2,1902.5,1498.1,404.4,0.3459,0.59,0.2724,,fits,,A,2758.8,3791.9,0.5863,0.8998,1,True,open_area,V0,0.2936,,
corner-55x100,young_couple.latino,staged_final,V4,2,1902.5,1709.6,192.9,0.3459,0.59,0.3108,,fits,,A,2488.3,3580.4,0.5863,0.8442,4,False,,,0.2936,,
corner-55x100,young_couple.anglo,minimum,V0,1,1282.2,1282.2,0,0.2331,0.59,0.2331,,fits,,A,3034.9,4007.8,0.3951,0.9368,1,True,stair_independence,V1,0.1809,,
corner-55x100,young_couple.anglo,minimum,V1,2,1402.2,972.4,429.9,0.255,0.59,0.1768,,fits,,A,3431.3,4317.6,0.4321,0.9124,2,False,,,0.2027,,
corner-55x100,young_couple.anglo,minimum,V2,2,1402.2,1151.1,251.1,0.255,0.59,0.2093,,fits,,A,3202.6,4138.9,0.4321,0.9018,3,False,,,0.2027,,
corner-55x100,young_couple.anglo,minimum,V4,2,1402.2,1206.6,195.6,0.255,0.59,0.2194,,fits,,A,3131.6,4083.4,0.4321,0.887,4,False,,,0.2027,,
corner-55x100,young_couple.anglo,optimum,V0,1,1684.7,1684.7,0,0.3063,0.59,0.3063,,fits,,A,2520.1,3605.2,0.5192,0.9042,1,True,stair_independence,V1,0.254,,
corner-55x100,young_couple.anglo,optimum,V1,2,1804.7,1247.8,556.9,0.3281,0.59,0.2269,,fits,,A,3079.0,4042.2,0.5562,0.8852,2,False,,,0.2759,,
corner-55x100,young_couple.anglo,optimum,V2,2,1804.8,1556.9,247.9,0.3281,0.59,0.2831,,fits,,A,2683.6,3733.1,0.5562,0.875,3,False,,,0.2759,,
corner-55x100,young_couple.anglo,optimum,V4,2,1804.7,1611.4,193.3,0.3281,0.59,0.293,,fits,,A,2613.9,3678.6,0.5562,0.8577,4,False,,,0.2759,,
corner-55x100,young_couple.anglo,maximum,V0,1,2426.5,2426.5,0,0.4412,0.59,0.4412,,fits,,A,1571.3,2713.5,0.7478,0.8213,4,False,,,0.3534,,
corner-55x100,young_couple.anglo,maximum,V1,2,2546.5,1591.6,954.9,0.463,0.59,0.2894,,fits,,A,2639.3,3548.4,0.7847,0.8249,3,False,,,0.3752,,
corner-55x100,young_couple.anglo,maximum,V2,2,2546.5,2120.1,426.4,0.463,0.59,0.3855,,fits,,A,1963.2,3019.9,0.7847,0.8313,1,True,open_area,V4,0.3752,,
corner-55x100,young_couple.anglo,maximum,V4,2,2546.5,2186.2,360.3,0.463,0.59,0.3975,,fits,,A,1878.7,2953.8,0.7847,0.8279,2,False,,,0.3752,,
corner-55x100,young_couple.anglo,accessible,V0,1,1714.6,1714.6,0,0.3118,0.59,0.3118,,fits,,A,2481.8,3575.4,0.5284,0.9012,1,True,upper_efficiency,V1,0.2595,,
corner-55x100,young_couple.anglo,accessible,V1,2,1834.6,1641.4,193.2,0.3336,0.59,0.2984,,fits,,A,2575.5,3648.6,0.5654,0.8546,2,False,,,0.2813,,"V2,V4"
corner-55x100,young_couple.anglo,staged_final,V0,1,1782.5,1782.5,0,0.3241,0.59,0.3241,,fits,,A,2395.1,3507.5,0.5493,0.8943,2,False,,,0.2718,,
corner-55x100,young_couple.anglo,staged_final,V1,2,1902.5,1226.2,676.3,0.3459,0.59,0.2229,,fits,,A,3106.6,4063.8,0.5863,0.8838,3,False,,,0.2936,,
corner-55x100,young_couple.anglo,staged_final,V2,2,1902.5,1498.1,404.4,0.3459,0.59,0.2724,,fits,,A,2758.8,3791.9,0.5863,0.9032,1,True,open_area,V0,0.2936,,
corner-55x100,young_couple.anglo,staged_final,V4,2,1902.5,1709.6,192.9,0.3459,0.59,0.3108,,fits,,A,2488.3,3580.4,0.5863,0.8476,4,False,,,0.2936,,
corner-55x100,early_childhood.none,minimum,V0,1,1305.2,1305.2,0,0.2373,0.59,0.2373,,fits,,A,3005.5,3984.8,0.4022,0.9356,1,True,stair_independence,V1,0.185,,
corner-55x100,early_childhood.none,minimum,V1,2,1425.2,989.7,435.6,0.2591,0.59,0.1799,,fits,,A,3409.1,4300.3,0.4392,0.9133,2,False,,,0.2069,,
corner-55x100,early_childhood.none,minimum,V2,2,1425.2,1149.8,275.5,0.2591,0.59,0.209,,fits,,A,3204.4,4140.2,0.4392,0.5872,3,False,,,0.2069,,
corner-55x100,early_childhood.none,optimum,V0,1,1610.0,1610.0,0,0.2927,0.59,0.2927,,fits,,A,2615.7,3680.0,0.4961,0.9118,1,True,stair_independence,V1,0.2405,,
corner-55x100,early_childhood.none,optimum,V1,2,1730.0,1165.7,564.3,0.3145,0.59,0.212,,fits,,A,3183.9,4124.3,0.5331,0.8913,2,False,,,0.2623,,
corner-55x100,early_childhood.none,optimum,V2,2,1730.0,1457.4,272.6,0.3145,0.59,0.265,,fits,,A,2810.9,3832.6,0.5331,0.5705,3,False,,,0.2623,,
corner-55x100,early_childhood.none,maximum,V0,1,2829.0,2829.0,0,0.5144,0.59,0.5144,,fits_small_garden,,A,1056.5,2311.0,0.8718,0.7806,2,False,,,0.4265,,
corner-55x100,early_childhood.none,maximum,V1,2,2949.0,1999.7,949.3,0.5362,0.59,0.3636,,fits,,A,2117.2,3140.3,0.9088,0.7932,1,True,open_area,V0,0.4484,,
corner-55x100,early_childhood.none,maximum,V2,2,2949.0,2501.1,447.9,0.5362,0.59,0.4547,,fits,,A,1476.0,2638.9,0.9088,0.4717,4,False,,,0.4484,,
corner-55x100,early_childhood.none,maximum,V4,2,2949.0,2745.8,203.2,0.5362,0.59,0.4992,,fits,,A,1163.0,2394.2,0.9088,0.7372,3,False,,,0.4484,,
corner-55x100,early_childhood.none,accessible,V0,1,1639.9,1639.9,0,0.2982,0.59,0.2982,,fits,,A,2577.5,3650.1,0.5054,0.9088,1,True,supervision,V1,0.2459,,
corner-55x100,early_childhood.none,accessible,V1,2,1759.9,1542.1,217.8,0.32,0.59,0.2804,,fits,,A,2702.5,3747.9,0.5423,0.55,2,False,,,0.2677,,V2
corner-55x100,early_childhood.none,staged_final,V0,1,1656.0,1656.0,0,0.3011,0.59,0.3011,,fits,,A,2556.9,3634.0,0.5103,0.9071,1,True,stair_independence,V1,0.2488,,
corner-55x100,early_childhood.none,staged_final,V1,2,1776.0,1212.5,563.5,0.3229,0.59,0.2205,,fits,,A,3124.1,4077.5,0.5473,0.889,2,False,,,0.2706,,
corner-55x100,early_childhood.none,staged_final,V2,2,1776.0,1503.7,272.3,0.3229,0.59,0.2734,,fits,,A,2751.7,3786.3,0.5473,0.5657,3,False,,,0.2706,,
corner-55x100,early_childhood.latino,minimum,V0,1,1305.2,1305.2,0,0.2373,0.59,0.2373,,fits,,A,3005.5,3984.8,0.4022,0.9356,1,True,stair_independence,V1,0.185,,
corner-55x100,early_childhood.latino,minimum,V1,2,1425.2,989.7,435.6,0.2591,0.59,0.1799,,fits,,A,3409.1,4300.3,0.4392,0.9133,2,False,,,0.2069,,
corner-55x100,early_childhood.latino,minimum,V2,2,1425.2,1149.8,275.5,0.2591,0.59,0.209,,fits,,A,3204.4,4140.2,0.4392,0.5872,3,False,,,0.2069,,
corner-55x100,early_childhood.latino,optimum,V0,1,1610.0,1610.0,0,0.2927,0.59,0.2927,,fits,,A,2615.7,3680.0,0.4961,0.9118,1,True,stair_independence,V1,0.2405,,
corner-55x100,early_childhood.latino,optimum,V1,2,1730.0,1165.7,564.3,0.3145,0.59,0.212,,fits,,A,3183.9,4124.3,0.5331,0.8913,2,False,,,0.2623,,
corner-55x100,early_childhood.latino,optimum,V2,2,1730.0,1457.4,272.6,0.3145,0.59,0.265,,fits,,A,2810.9,3832.6,0.5331,0.5705,3,False,,,0.2623,,
corner-55x100,early_childhood.latino,maximum,V0,1,2880.8,2880.8,0,0.5238,0.59,0.5238,,fits_small_garden,,A,990.3,2259.2,0.8878,0.7753,2,False,,,0.436,,
corner-55x100,early_childhood.latino,maximum,V1,2,3000.8,2052.1,948.7,0.5456,0.59,0.3731,,fits,,A,2050.3,3087.9,0.9247,0.7887,1,True,open_area,V0,0.4578,,
corner-55x100,early_childhood.latino,maximum,V2,2,3000.7,2553.1,447.7,0.5456,0.59,0.4642,,fits,,A,1409.4,2586.9,0.9247,0.4664,4,False,,,0.4578,,
corner-55x100,early_childhood.latino,maximum,V4,2,3000.8,2797.6,203.1,0.5456,0.59,0.5087,,fits_small_garden,,A,1096.7,2342.4,0.9247,0.7319,3,False,,,0.4578,,
corner-55x100,early_childhood.latino,accessible,V0,1,1639.9,1639.9,0,0.2982,0.59,0.2982,,fits,,A,2577.5,3650.1,0.5054,0.9088,1,True,supervision,V1,0.2459,,
corner-55x100,early_childhood.latino,accessible,V1,2,1759.9,1542.1,217.8,0.32,0.59,0.2804,,fits,,A,2702.5,3747.9,0.5423,0.55,2,False,,,0.2677,,V2
corner-55x100,early_childhood.latino,staged_final,V0,1,1656.0,1656.0,0,0.3011,0.59,0.3011,,fits,,A,2556.9,3634.0,0.5103,0.9071,1,True,stair_independence,V1,0.2488,,
corner-55x100,early_childhood.latino,staged_final,V1,2,1776.0,1212.5,563.5,0.3229,0.59,0.2205,,fits,,A,3124.1,4077.5,0.5473,0.889,2,False,,,0.2706,,
corner-55x100,early_childhood.latino,staged_final,V2,2,1776.0,1503.7,272.3,0.3229,0.59,0.2734,,fits,,A,2751.7,3786.3,0.5473,0.5657,3,False,,,0.2706,,
corner-55x100,early_childhood.anglo,minimum,V0,1,1305.2,1305.2,0,0.2373,0.59,0.2373,,fits,,A,3005.5,3984.8,0.4022,0.9356,1,True,stair_independence,V1,0.185,,
corner-55x100,early_childhood.anglo,minimum,V1,2,1425.2,971.2,454.0,0.2591,0.59,0.1766,,fits,,A,3432.8,4318.8,0.4392,0.9113,2,False,,,0.2069,,
corner-55x100,early_childhood.anglo,minimum,V2,2,1425.2,1149.8,275.5,0.2591,0.59,0.209,,fits,,A,3204.4,4140.2,0.4392,0.5872,3,False,,,0.2069,,
corner-55x100,early_childhood.anglo,optimum,V0,1,1736.5,1736.5,0,0.3157,0.59,0.3157,,fits,,A,2453.9,3553.5,0.5351,0.899,1,True,stair_independence,V1,0.2635,,
corner-55x100,early_childhood.anglo,optimum,V1,2,1856.5,1227.8,628.7,0.3375,0.59,0.2232,,fits,,A,3104.6,4062.2,0.5721,0.8809,2,False,,,0.2853,,
corner-55x100,early_childhood.anglo,optimum,V2,2,1856.5,1584.7,271.8,0.3375,0.59,0.2881,,fits,,A,2648.0,3705.3,0.5721,0.5574,3,False,,,0.2853,,
corner-55x100,early_childhood.anglo,maximum,V0,1,2829.0,2829.0,0,0.5144,0.59,0.5144,,fits_small_garden,,A,1056.5,2311.0,0.8718,0.7806,2,False,,,0.4265,,
corner-55x100,early_childhood.anglo,maximum,V1,2,2949.0,1916.2,1032.8,0.5362,0.59,0.3484,,fits,,A,2224.1,3223.8,0.9088,0.7946,1,True,open_area,V0,0.4484,,
corner-55x100,early_childhood.anglo,maximum,V2,2,2949.0,2501.1,447.9,0.5362,0.59,0.4547,,fits,,A,1476.0,2638.9,0.9088,0.4717,4,False,,,0.4484,,
corner-55x100,early_childhood.anglo,maximum,V4,2,2949.0,2745.8,203.2,0.5362,0.59,0.4992,,fits,,A,1163.0,2394.2,0.9088,0.7372,3,False,,,0.4484,,
corner-55x100,early_childhood.anglo,accessible,V0,1,1766.4,1766.4,0,0.3212,0.59,0.3212,,fits,,A,2415.7,3523.6,0.5443,0.8959,1,True,supervision,V1,0.2689,,
corner-55x100,early_childhood.anglo,accessible,V1,2,1886.4,1669.2,217.2,0.343,0.59,0.3035,,fits,,A,2539.9,3620.8,0.5813,0.537,2,False,,,0.2907,,V2
corner-55x100,early_childhood.anglo,staged_final,V0,1,1788.2,1788.2,0,0.3251,0.59,0.3251,,fits,,A,2387.7,3501.8,0.5511,0.8937,1,True,stair_independence,V1,0.2729,,
corner-55x100,early_childhood.anglo,staged_final,V1,2,1908.2,1226.0,682.3,0.347,0.59,0.2229,,fits,,A,3106.9,4064.0,0.5881,0.8784,2,False,,,0.2947,,
corner-55x100,early_childhood.anglo,staged_final,V2,2,1908.2,1582.4,325.8,0.347,0.59,0.2877,,fits,,A,2651.0,3707.6,0.5881,0.5694,3,False,,,0.2947,,
corner-55x100,teens_family.none,minimum,V0,1,1454.8,1454.8,0,0.2645,0.59,0.2645,,fits,,A,2814.3,3835.2,0.4483,0.736,2,False,,,0.2122,,
corner-55x100,teens_family.none,minimum,V1,2,1574.8,983.0,591.8,0.2863,0.59,0.1787,,fits,,A,3417.7,4307.0,0.4853,0.7113,3,False,,,0.234,,
corner-55x100,teens_family.none,minimum,V2,2,1574.7,1141.9,432.9,0.2863,0.59,0.2076,,fits,,A,3214.4,4148.1,0.4853,0.9118,1,True,separation,V0,0.234,,
corner-55x100,teens_family.none,optimum,V0,1,1805.5,1805.5,0,0.3283,0.59,0.3283,,fits,,A,2365.6,3484.5,0.5564,0.6998,2,False,,,0.276,,
corner-55x100,teens_family.none,optimum,V1,2,1925.5,1207.3,718.2,0.3501,0.59,0.2195,,fits,,A,3130.8,4082.7,0.5934,0.6837,3,False,,,0.2978,,
corner-55x100,teens_family.none,optimum,V2,2,1925.5,1497.2,428.3,0.3501,0.59,0.2722,,fits,,A,2760.0,3792.8,0.5934,0.8894,1,True,separation,V0,0.2978,,
corner-55x100,teens_family.none,maximum,V0,1,3156.7,3156.7,0,0.574,0.59,0.574,,fits_small_garden,,A,900.6,1983.3,0.9728,0.5532,3,False,,,0.4861,,
corner-55x100,teens_family.none,maximum,V1,2,2977.8,1861.8,1116.0,0.5414,0.59,0.3385,,fits,,A,2293.7,3278.2,0.9176,0.5942,2,False,,,0.4536,,
corner-55x100,teens_family.none,maximum,V2,2,2977.8,2362.9,614.8,0.5414,0.59,0.4296,,fits,,A,1652.7,2777.1,0.9176,0.7825,1,True,separation,V1,0.4536,,
corner-55x100,teens_family.none,maximum,V4,2,2977.7,2786.5,191.3,0.5414,0.59,0.5066,,fits,,A,1110.9,2353.5,0.9176,0.5295,4,False,,,0.4536,,
corner-55x100,teens_family.none,accessible,V0,1,1835.4,1835.4,0,0.3337,0.59,0.3337,,fits,,A,2327.4,3454.6,0.5656,0.6967,2,False,,,0.2814,,
corner-55x100,teens_family.none,accessible,V1,2,1955.4,1581.7,373.7,0.3555,0.59,0.2876,,fits,,A,2652.0,3708.3,0.6026,0.8837,1,True,separation,V0,0.3033,,V2
corner-55x100,teens_family.none,staged_final,V0,1,1656.0,1656.0,0,0.3011,0.59,0.3011,,fits,,A,2556.9,3634.0,0.5103,0.7152,2,False,,,0.2488,,
corner-55x100,teens_family.none,staged_final,V1,2,1776.0,1212.5,563.5,0.3229,0.59,0.2205,,fits,,A,3124.1,4077.5,0.5473,0.692,3,False,,,0.2706,,
corner-55x100,teens_family.none,staged_final,V2,2,1776.0,1503.7,272.3,0.3229,0.59,0.2734,,fits,,A,2751.7,3786.3,0.5473,0.8709,1,True,separation,V0,0.2706,,
corner-55x100,teens_family.latino,minimum,V0,1,1454.8,1454.8,0,0.2645,0.59,0.2645,,fits,,A,2814.3,3835.2,0.4483,0.736,2,False,,,0.2122,,
corner-55x100,teens_family.latino,minimum,V1,2,1574.8,983.0,591.8,0.2863,0.59,0.1787,,fits,,A,3417.7,4307.0,0.4853,0.7113,3,False,,,0.234,,
corner-55x100,teens_family.latino,minimum,V2,2,1574.7,1141.9,432.9,0.2863,0.59,0.2076,,fits,,A,3214.4,4148.1,0.4853,0.9118,1,True,separation,V0,0.234,,
corner-55x100,teens_family.latino,optimum,V0,1,1805.5,1805.5,0,0.3283,0.59,0.3283,,fits,,A,2365.6,3484.5,0.5564,0.6998,2,False,,,0.276,,
corner-55x100,teens_family.latino,optimum,V1,2,1925.5,1207.3,718.2,0.3501,0.59,0.2195,,fits,,A,3130.8,4082.7,0.5934,0.6837,3,False,,,0.2978,,
corner-55x100,teens_family.latino,optimum,V2,2,1925.5,1497.2,428.3,0.3501,0.59,0.2722,,fits,,A,2760.0,3792.8,0.5934,0.8894,1,True,separation,V0,0.2978,,
corner-55x100,teens_family.latino,maximum,V0,1,3214.2,3214.2,0,0.5844,0.59,0.5844,,fits_small_garden,,A,831.9,1925.8,0.9905,0.5472,3,False,,,0.4966,,
corner-55x100,teens_family.latino,maximum,V1,2,2977.8,1861.8,1116.0,0.5414,0.59,0.3385,,fits,,A,2293.7,3278.2,0.9176,0.5942,2,False,,,0.4536,,
corner-55x100,teens_family.latino,maximum,V2,2,2977.8,2362.9,614.8,0.5414,0.59,0.4296,,fits,,A,1652.7,2777.1,0.9176,0.7825,1,True,separation,V1,0.4536,,
corner-55x100,teens_family.latino,maximum,V4,2,2977.7,2786.5,191.3,0.5414,0.59,0.5066,,fits,,A,1110.9,2353.5,0.9176,0.5295,4,False,,,0.4536,,
corner-55x100,teens_family.latino,accessible,V0,1,1835.4,1835.4,0,0.3337,0.59,0.3337,,fits,,A,2327.4,3454.6,0.5656,0.6967,2,False,,,0.2814,,
corner-55x100,teens_family.latino,accessible,V1,2,1955.4,1581.7,373.7,0.3555,0.59,0.2876,,fits,,A,2652.0,3708.3,0.6026,0.8837,1,True,separation,V0,0.3033,,V2
corner-55x100,teens_family.latino,staged_final,V0,1,1656.0,1656.0,0,0.3011,0.59,0.3011,,fits,,A,2556.9,3634.0,0.5103,0.7152,2,False,,,0.2488,,
corner-55x100,teens_family.latino,staged_final,V1,2,1776.0,1212.5,563.5,0.3229,0.59,0.2205,,fits,,A,3124.1,4077.5,0.5473,0.692,3,False,,,0.2706,,
corner-55x100,teens_family.latino,staged_final,V2,2,1776.0,1503.7,272.3,0.3229,0.59,0.2734,,fits,,A,2751.7,3786.3,0.5473,0.8709,1,True,separation,V0,0.2706,,
corner-55x100,teens_family.anglo,minimum,V0,1,1454.8,1454.8,0,0.2645,0.59,0.2645,,fits,,A,2814.3,3835.2,0.4483,0.7473,2,False,,,0.2122,,
corner-55x100,teens_family.anglo,minimum,V1,2,1574.7,964.6,610.1,0.2863,0.59,0.1754,,fits,,A,3441.2,4325.4,0.4853,0.7216,3,False,,,0.234,,
corner-55x100,teens_family.anglo,minimum,V2,2,1574.7,1123.6,451.2,0.2863,0.59,0.2043,,fits,,A,3237.9,4166.4,0.4853,0.9134,1,True,separation,V0,0.234,,
corner-55x100,teens_family.anglo,optimum,V0,1,1937.7,1937.7,0,0.3523,0.59,0.3523,,fits,,A,2196.5,3352.2,0.5971,0.6941,2,False,,,0.3,,
corner-55x100,teens_family.anglo,optimum,V1,2,2057.8,1221.4,836.3,0.3741,0.59,0.2221,,fits,,A,3112.7,4068.6,0.6341,0.6859,3,False,,,0.3219,,
corner-55x100,teens_family.anglo,optimum,V2,2,2057.8,1510.3,547.4,0.3741,0.59,0.2746,,fits,,A,2743.2,3779.7,0.6341,0.8813,1,True,separation,V0,0.3219,,
corner-55x100,teens_family.anglo,maximum,V0,1,3220.0,3220.0,0,0.5855,0.59,0.5855,,fits_small_garden,,A,825.0,1920.0,0.9923,0.5445,3,False,,,0.4976,,
corner-55x100,teens_family.anglo,maximum,V1,2,3058.2,1794.3,1263.9,0.556,0.59,0.3262,,fits,,A,2379.9,3345.7,0.9424,0.6018,2,False,,,0.4682,,
corner-55x100,teens_family.anglo,maximum,V2,2,3058.2,2378.4,679.8,0.556,0.59,0.4324,,fits,,A,1632.8,2761.6,0.9424,0.7746,1,True,separation,V1,0.4682,,
corner-55x100,teens_family.anglo,maximum,V4,2,3058.2,2867.1,191.1,0.556,0.59,0.5213,,fits_small_garden,,A,1007.7,2272.9,0.9424,0.5242,4,False,,,0.4682,,
corner-55x100,teens_family.anglo,accessible,V0,1,1967.6,1967.6,0,0.3578,0.59,0.3578,,fits,,A,2158.2,3322.4,0.6064,0.6908,2,False,,,0.3055,,
corner-55x100,teens_family.anglo,accessible,V1,2,2087.6,1660.8,426.8,0.3796,0.59,0.302,,fits,,A,2550.7,3629.2,0.6433,0.8756,1,True,separation,V0,0.3273,,V2
corner-55x100,teens_family.anglo,staged_final,V0,1,1736.5,1736.5,0,0.3157,0.59,0.3157,,fits,,A,2453.9,3553.5,0.5351,0.7163,2,False,,,0.2635,,
corner-55x100,teens_family.anglo,staged_final,V1,2,1856.5,1227.8,628.7,0.3375,0.59,0.2232,,fits,,A,3104.6,4062.2,0.5721,0.6967,3,False,,,0.2853,,
corner-55x100,teens_family.anglo,staged_final,V2,2,1856.5,1584.7,271.8,0.3375,0.59,0.2881,,fits,,A,2648.0,3705.3,0.5721,0.8668,1,True,separation,V0,0.2853,,
corner-55x100,multigenerational.none,minimum,V0,1,1523.7,1523.7,0,0.277,0.59,0.277,,fits,,A,2726.0,3766.2,0.4696,0.9136,1,True,stair_independence,V1,0.2248,,
corner-55x100,multigenerational.none,minimum,V1,2,1643.8,1212.0,431.8,0.2989,0.59,0.2204,,fits,,A,3124.8,4078.0,0.5065,0.898,2,False,,,0.2466,,V3
corner-55x100,multigenerational.none,minimum,V2,2,1643.8,1370.4,273.3,0.2989,0.59,0.2492,,fits,,A,2922.1,3919.6,0.5065,0.8868,3,False,,,0.2466,,
corner-55x100,multigenerational.none,optimum,V0,1,1857.2,1857.2,0,0.3377,0.59,0.3377,,fits,,A,2299.4,3432.8,0.5723,0.8769,1,True,stair_independence,V1,0.2854,,
corner-55x100,multigenerational.none,optimum,V1,2,1977.2,1416.8,560.5,0.3595,0.59,0.2576,,fits,,A,2862.9,3873.2,0.6093,0.873,2,False,,,0.3072,,V3
corner-55x100,multigenerational.none,optimum,V2,2,1977.2,1706.2,271.1,0.3595,0.59,0.3102,,fits,,A,2492.7,3583.8,0.6093,0.8532,3,False,,,0.3072,,
corner-55x100,multigenerational.none,maximum,V0,1,3110.7,3110.7,0,0.5656,0.59,0.5656,,fits_small_garden,,A,955.6,2029.3,0.9586,0.7305,4,False,,,0.4778,,
corner-55x100,multigenerational.none,maximum,V1,2,3230.7,2118.0,1112.8,0.5874,0.59,0.3851,,fits,,A,1966.0,3022.0,0.9956,0.7553,1,True,open_area,V2,0.4996,,
corner-55x100,multigenerational.none,maximum,V2,2,3230.7,2617.6,613.2,0.5874,0.59,0.4759,,fits,,A,1326.9,2522.4,0.9956,0.7519,2,False,,,0.4996,,
corner-55x100,multigenerational.none,maximum,V3,2,3230.7,2248.8,981.9,0.5874,0.59,0.4089,,fits,,A,1798.6,2891.2,0.9956,0.748,3,False,,,0.4996,,
corner-55x100,multigenerational.none,maximum,V4,2,3230.7,3039.9,190.9,0.5874,0.59,0.5527,,fits_small_garden,,A,786.8,2100.1,0.9956,0.679,5,False,,,0.4996,,
corner-55x100,multigenerational.none,accessible,V0,1,1887.1,1887.1,0,0.3431,0.59,0.3431,,fits,,A,2261.2,3402.9,0.5816,0.8736,1,True,stair_independence,V1,0.2908,,
corner-55x100,multigenerational.none,accessible,V1,2,2007.1,1447.0,560.1,0.3649,0.59,0.2631,,fits,,A,2824.1,3843.0,0.6185,0.8715,2,False,,,0.3127,,V3
corner-55x100,multigenerational.none,accessible,V2,2,2007.1,1736.3,270.9,0.3649,0.59,0.3157,,fits,,A,2454.2,3553.7,0.6185,0.8499,3,False,,,0.3127,,
corner-55x100,multigenerational.none,staged_final,V0,1,2006.7,2006.7,0,0.3649,0.59,0.3649,,fits,,A,2108.2,3283.2,0.6184,0.6865,3,False,,,0.3126,,
corner-55x100,multigenerational.none,staged_final,V1,2,2126.8,1411.9,714.9,0.3867,0.59,0.2567,,fits,,A,2869.1,3878.1,0.6554,0.6911,2,False,,,0.3344,,V3
corner-55x100,multigenerational.none,staged_final,V2,2,2126.8,1700.2,426.5,0.3867,0.59,0.3091,,fits,,A,2500.3,3589.8,0.6554,0.8713,1,True,separation,V1,0.3344,,
corner-55x100,multigenerational.latino,minimum,V0,1,1523.7,1523.7,0,0.277,0.59,0.277,,fits,,A,2726.0,3766.2,0.4696,0.9136,1,True,stair_independence,V1,0.2248,,
corner-55x100,multigenerational.latino,minimum,V1,2,1643.8,1212.0,431.8,0.2989,0.59,0.2204,,fits,,A,3124.8,4078.0,0.5065,0.898,2,False,,,0.2466,,V3
corner-55x100,multigenerational.latino,minimum,V2,2,1643.8,1370.4,273.3,0.2989,0.59,0.2492,,fits,,A,2922.1,3919.6,0.5065,0.8868,3,False,,,0.2466,,
corner-55x100,multigenerational.latino,optimum,V0,1,1811.2,1811.2,0,0.3293,0.59,0.3293,,fits,,A,2358.3,3478.8,0.5582,0.882,1,True,stair_independence,V1,0.277,,
corner-55x100,multigenerational.latino,optimum,V1,2,1931.2,1370.1,561.1,0.3511,0.59,0.2491,,fits,,A,2922.5,3919.9,0.5951,0.8754,2,False,,,0.2989,,V3
corner-55x100,multigenerational.latino,optimum,V2,2,1931.2,1659.9,271.3,0.3511,0.59,0.3018,,fits,,A,2551.8,3630.1,0.5951,0.8584,3,False,,,0.2989,,
corner-55x100,multigenerational.latino,maximum,V0,1,3133.7,3133.7,0,0.5698,0.59,0.5698,,fits_small_garden,,A,928.1,2006.3,0.9657,0.7279,4,False,,,0.482,,
corner-55x100,multigenerational.latino,maximum,V1,2,3179.0,2065.6,1113.4,0.578,0.59,0.3756,,fits,,A,2032.9,3074.4,0.9797,0.7604,1,True,open_area,V2,0.4902,,
corner-55x100,multigenerational.latino,maximum,V2,2,3179.0,2565.5,613.5,0.578,0.59,0.4665,,fits,,A,1393.5,2574.5,0.9797,0.7576,2,False,,,0.4902,,
corner-55x100,multigenerational.latino,maximum,V3,2,3179.0,2196.5,982.5,0.578,0.59,0.3994,,fits,,A,1865.5,2943.5,0.9797,0.753,3,False,,,0.4902,,
corner-55x100,multigenerational.latino,maximum,V4,2,3179.0,2988.1,190.9,0.578,0.59,0.5433,,fits_small_garden,,A,853.0,2151.9,0.9797,0.6847,5,False,,,0.4902,,
corner-55x100,multigenerational.latino,accessible,V0,1,1841.1,1841.1,0,0.3348,0.59,0.3348,,fits,,A,2320.0,3448.9,0.5674,0.8787,1,True,stair_independence,V1,0.2825,,
corner-55x100,multigenerational.latino,accessible,V1,2,1961.1,1400.4,560.7,0.3566,0.59,0.2546,,fits,,A,2883.7,3889.6,0.6044,0.8744,2,False,,,0.3043,,V3
corner-55x100,multigenerational.latino,accessible,V2,2,1961.2,1690.0,271.1,0.3566,0.59,0.3073,,fits,,A,2513.4,3600.0,0.6044,0.855,3,False,,,0.3043,,
corner-55x100,multigenerational.latino,staged_final,V0,1,2006.7,2006.7,0,0.3649,0.59,0.3649,,fits,,A,2108.2,3283.2,0.6184,0.6865,3,False,,,0.3126,,
corner-55x100,multigenerational.latino,staged_final,V1,2,2126.8,1411.9,714.9,0.3867,0.59,0.2567,,fits,,A,2869.1,3878.1,0.6554,0.6911,2,False,,,0.3344,,V3
corner-55x100,multigenerational.latino,staged_final,V2,2,2126.8,1700.2,426.5,0.3867,0.59,0.3091,,fits,,A,2500.3,3589.8,0.6554,0.8713,1,True,separation,V1,0.3344,,
corner-55x100,multigenerational.anglo,minimum,V0,1,1523.7,1523.7,0,0.277,0.59,0.277,,fits,,A,2726.0,3766.2,0.4696,0.9136,1,True,stair_independence,V1,0.2248,,
corner-55x100,multigenerational.anglo,minimum,V1,2,1643.7,1193.7,450.1,0.2989,0.59,0.217,,fits,,A,3148.2,4096.3,0.5065,0.8963,2,False,,,0.2466,,V3
corner-55x100,multigenerational.anglo,minimum,V2,2,1643.8,1370.4,273.3,0.2989,0.59,0.2492,,fits,,A,2922.1,3919.6,0.5065,0.8868,3,False,,,0.2466,,
corner-55x100,multigenerational.anglo,optimum,V0,1,2001.0,2001.0,0,0.3638,0.59,0.3638,,fits,,A,2115.6,3289.0,0.6166,0.8611,1,True,stair_independence,V1,0.3115,,
corner-55x100,multigenerational.anglo,optimum,V1,2,2121.0,1496.2,624.8,0.3856,0.59,0.272,,fits,,A,2761.3,3793.8,0.6536,0.8584,2,False,,,0.3334,,V3
corner-55x100,multigenerational.anglo,optimum,V2,2,2121.0,1850.7,270.3,0.3856,0.59,0.3365,,fits,,A,2307.8,3439.3,0.6536,0.8371,3,False,,,0.3334,,
corner-55x100,multigenerational.anglo,maximum,V0,1,3185.5,3185.5,0,0.5792,0.59,0.5792,,fits_small_garden,,A,866.3,1954.5,0.9817,0.7222,4,False,,,0.4914,,
corner-55x100,multigenerational.anglo,maximum,V1,2,3202.0,2082.9,1119.1,0.5822,0.59,0.3787,,fits,,A,2010.8,3057.1,0.9867,0.7579,1,True,open_area,V2,0.4944,,
corner-55x100,multigenerational.anglo,maximum,V2,2,3202.0,2594.6,607.4,0.5822,0.59,0.4717,,fits,,A,1356.3,2545.4,0.9867,0.7547,2,False,,,0.4944,,
corner-55x100,multigenerational.anglo,maximum,V3,2,3202.0,2213.8,988.2,0.5822,0.59,0.4025,,fits,,A,1843.4,2926.2,0.9867,0.7505,3,False,,,0.4944,,
corner-55x100,multigenerational.anglo,maximum,V4,2,3202.0,3011.1,190.9,0.5822,0.59,0.5475,,fits_small_garden,,A,823.6,2128.9,0.9867,0.6822,5,False,,,0.4944,,
corner-55x100,multigenerational.anglo,accessible,V0,1,2030.9,2030.9,0,0.3693,0.59,0.3693,,fits,,A,2077.3,3259.1,0.6259,0.8578,1,True,stair_independence,V1,0.317,,
corner-55x100,multigenerational.anglo,accessible,V1,2,2150.9,1526.4,624.5,0.3911,0.59,0.2775,,fits,,A,2722.6,3763.6,0.6628,0.8558,2,False,,,0.3388,,V3
corner-55x100,multigenerational.anglo,accessible,V2,2,2150.9,1880.7,270.2,0.3911,0.59,0.3419,,fits,,A,2269.4,3409.3,0.6628,0.8338,3,False,,,0.3388,,
corner-55x100,multigenerational.anglo,staged_final,V0,1,2150.5,2150.5,0,0.391,0.59,0.391,,fits,,A,1924.4,3139.5,0.6627,0.6707,3,False,,,0.3387,,
corner-55x100,multigenerational.anglo,staged_final,V1,2,2270.5,1491.7,778.8,0.4128,0.59,0.2712,,fits,,A,2767.1,3798.3,0.6997,0.6768,2,False,,,0.3605,,V3
corner-55x100,multigenerational.anglo,staged_final,V2,2,2270.5,1845.1,425.4,0.4128,0.59,0.3355,,fits,,A,2315.0,3444.9,0.6997,0.8554,1,True,separation,V1,0.3605,,
corner-55x100,empty_nest.none,minimum,V0,1,1155.8,1155.8,0,0.2101,0.59,0.2101,,fits,,A,3196.7,4134.2,0.3562,0.9406,1,True,stair_independence,V1,0.1579,,
corner-55x100,empty_nest.none,minimum,V1,2,1275.8,998.3,277.5,0.232,0.59,0.1815,,fits,,A,3398.1,4291.7,0.3931,0.8603,2,False,,,0.1797,,
corner-55x100,empty_nest.none,optimum,V0,1,1431.8,1431.8,0,0.2603,0.59,0.2603,,fits,,A,2843.7,3858.2,0.4412,0.9265,1,True,only_feasible,,0.208,,
corner-55x100,empty_nest.none,maximum,V0,1,2133.2,2133.2,0,0.3879,0.59,0.3879,,fits,,A,1946.4,3006.8,0.6574,0.8539,1,True,upper_efficiency,V1,0.3,,
corner-55x100,empty_nest.none,maximum,V1,2,2253.2,1981.7,271.5,0.4097,0.59,0.3603,,fits,,A,2140.2,3158.3,0.6944,0.8297,2,False,,,0.3219,,V2
corner-55x100,empty_nest.none,maximum,V4,2,2253.2,2048.2,205.0,0.4097,0.59,0.3724,,fits,,A,2055.2,3091.8,0.6944,0.8084,3,False,,,0.3219,,
corner-55x100,empty_nest.none,accessible,V0,1,1461.6,1461.6,0,0.2658,0.59,0.2658,,fits,,A,2805.4,3828.4,0.4504,0.924,1,True,only_feasible,,0.2135,,
corner-55x100,empty_nest.none,staged_final,V0,1,1431.8,1431.8,0,0.2603,0.59,0.2603,,fits,,A,2843.7,3858.2,0.4412,0.9265,1,True,only_feasible,,0.208,,
corner-55x100,empty_nest.latino,minimum,V0,1,1155.8,1155.8,0,0.2101,0.59,0.2101,,fits,,A,3196.7,4134.2,0.3562,0.9406,1,True,stair_independence,V1,0.1579,,
corner-55x100,empty_nest.latino,minimum,V1,2,1275.8,998.3,277.5,0.232,0.59,0.1815,,fits,,A,3398.1,4291.7,0.3931,0.8603,2,False,,,0.1797,,
corner-55x100,empty_nest.latino,optimum,V0,1,1431.8,1431.8,0,0.2603,0.59,0.2603,,fits,,A,2843.7,3858.2,0.4412,0.9265,1,True,only_feasible,,0.208,,
corner-55x100,empty_nest.latino,maximum,V0,1,2185.0,2185.0,0,0.3973,0.59,0.3973,,fits,,A,1880.2,2955.0,0.6733,0.849,1,True,upper_efficiency,V1,0.3095,,
corner-55x100,empty_nest.latino,maximum,V1,2,2305.0,2033.7,271.3,0.4191,0.59,0.3698,,fits,,A,2073.7,3106.3,0.7103,0.8248,2,False,,,0.3313,,V2
corner-55x100,empty_nest.latino,maximum,V4,2,2305.0,2100.1,204.9,0.4191,0.59,0.3818,,fits,,A,1988.8,3039.9,0.7103,0.8034,3,False,,,0.3313,,
corner-55x100,empty_nest.latino,accessible,V0,1,1461.6,1461.6,0,0.2658,0.59,0.2658,,fits,,A,2805.4,3828.4,0.4504,0.924,1,True,only_feasible,,0.2135,,
corner-55x100,empty_nest.latino,staged_final,V0,1,1431.8,1431.8,0,0.2603,0.59,0.2603,,fits,,A,2843.7,3858.2,0.4412,0.9265,1,True,only_feasible,,0.208,,
corner-55x100,empty_nest.anglo,minimum,V0,1,1155.8,1155.8,0,0.2101,0.59,0.2101,,fits,,A,3196.7,4134.2,0.3562,0.943,1,True,stair_independence,V1,0.1579,,
corner-55x100,empty_nest.anglo,minimum,V1,2,1275.8,979.6,296.1,0.232,0.59,0.1781,,fits,,A,3422.0,4310.4,0.3931,0.8647,2,False,,,0.1797,,
corner-55x100,empty_nest.anglo,optimum,V0,1,1558.2,1558.2,0,0.2833,0.59,0.2833,,fits,,A,2681.9,3731.8,0.4802,0.917,1,True,only_feasible,,0.231,,
corner-55x100,empty_nest.anglo,maximum,V0,1,2277.0,2277.0,0,0.414,0.59,0.414,,fits,,A,1762.6,2863.0,0.7017,0.8365,1,True,upper_efficiency,V1,0.3262,,
corner-55x100,empty_nest.anglo,maximum,V1,2,2397.0,2126.2,270.8,0.4358,0.59,0.3866,,fits,,A,1955.5,3013.8,0.7387,0.8146,2,False,,,0.348,,V2
corner-55x100,empty_nest.anglo,maximum,V4,2,2397.0,2192.4,204.6,0.4358,0.59,0.3986,,fits,,A,1870.7,2947.6,0.7387,0.7935,3,False,,,0.348,,
corner-55x100,empty_nest.anglo,accessible,V0,1,1588.1,1588.1,0,0.2888,0.59,0.2888,,fits,,A,2643.6,3701.9,0.4894,0.914,1,True,only_feasible,,0.2365,,
corner-55x100,empty_nest.anglo,staged_final,V0,1,1558.2,1558.2,0,0.2833,0.59,0.2833,,fits,,A,2681.9,3731.8,0.4802,0.917,1,True,only_feasible,,0.231,,
corner-55x100,remote_work.none,minimum,V0,1,1282.2,1282.2,0,0.2331,0.59,0.2331,,fits,,A,3034.9,4007.8,0.3951,0.921,1,True,stair_independence,V1,0.1809,,
corner-55x100,remote_work.none,minimum,V1,2,1402.2,990.9,411.4,0.255,0.59,0.1802,,fits,,A,3407.6,4299.1,0.4321,0.8931,2,False,,,0.2027,,
corner-55x100,remote_work.none,minimum,V2,2,1402.2,1151.1,251.1,0.255,0.59,0.2093,,fits,,A,3202.6,4138.9,0.4321,0.8773,3,False,,,0.2027,,
corner-55x100,remote_work.none,minimum,V4,2,1402.2,1206.6,195.6,0.255,0.59,0.2194,,fits,,A,3131.6,4083.4,0.4321,0.8588,4,False,,,0.2027,,
corner-55x100,remote_work.none,optimum,V0,1,1656.0,1656.0,0,0.3011,0.59,0.3011,,fits,,A,2556.9,3634.0,0.5103,0.8867,2,False,,,0.2488,,
corner-55x100,remote_work.none,optimum,V1,2,1776.0,1103.3,672.7,0.3229,0.59,0.2006,,fits,,A,3263.8,4186.7,0.5473,0.8574,4,False,,,0.2706,,
corner-55x100,remote_work.none,optimum,V2,2,1776.0,1394.5,381.5,0.3229,0.59,0.2535,,fits,,A,2891.3,3895.5,0.5473,0.8905,1,True,open_area,V0,0.2706,,
corner-55x100,remote_work.none,optimum,V4,2,1776.0,1449.1,326.9,0.3229,0.59,0.2635,,fits,,A,2821.5,3840.9,0.5473,0.879,3,False,,,0.2706,,
corner-55x100,remote_work.none,maximum,V0,1,2208.0,2208.0,0,0.4015,0.59,0.4015,,fits,,A,1850.8,3082.0,0.6804,0.824,3,False,,,0.3492,,
corner-55x100,remote_work.none,maximum,V1,2,2328.0,1236.4,1091.6,0.4233,0.59,0.2248,,fits,,A,3093.6,4053.6,0.7174,0.8132,4,False,,,0.371,,
corner-55x100,remote_work.none,maximum,V2,2,2328.0,1743.1,584.9,0.4233,0.59,0.3169,,fits,,A,2445.4,3546.9,0.7174,0.8408,1,True,open_area,V4,0.371,,
corner-55x100,remote_work.none,maximum,V4,2,2328.0,1809.5,518.5,0.4233,0.59,0.329,,fits,,A,2360.5,3480.5,0.7174,0.8373,2,False,,,0.371,,
corner-55x100,remote_work.none,accessible,V0,1,1685.9,1685.9,0,0.3065,0.59,0.3065,,fits,,A,2518.6,3604.1,0.5195,0.8833,1,True,upper_efficiency,V1,0.2543,,
corner-55x100,remote_work.none,accessible,V1,2,1805.9,1479.3,326.6,0.3283,0.59,0.269,,fits,,A,2782.9,3810.7,0.5565,0.8755,2,False,,,0.2761,,"V2,V4"
corner-55x100,remote_work.none,staged_final,V0,1,1656.0,1656.0,0,0.3011,0.59,0.3011,,fits,,A,2556.9,3634.0,0.5103,0.8867,2,False,,,0.2488,,
corner-55x100,remote_work.none,staged_final,V1,2,1776.0,1103.3,672.7,0.3229,0.59,0.2006,,fits,,A,3263.8,4186.7,0.5473,0.8574,4,False,,,0.2706,,
corner-55x100,remote_work.none,staged_final,V2,2,1776.0,1394.5,381.5,0.3229,0.59,0.2535,,fits,,A,2891.3,3895.5,0.5473,0.8905,1,True,open_area,V0,0.2706,,
corner-55x100,remote_work.none,staged_final,V4,2,1776.0,1449.1,326.9,0.3229,0.59,0.2635,,fits,,A,2821.5,3840.9,0.5473,0.879,3,False,,,0.2706,,
corner-55x100,remote_work.latino,minimum,V0,1,1282.2,1282.2,0,0.2331,0.59,0.2331,,fits,,A,3034.9,4007.8,0.3951,0.921,1,True,stair_independence,V1,0.1809,,
corner-55x100,remote_work.latino,minimum,V1,2,1402.2,990.9,411.4,0.255,0.59,0.1802,,fits,,A,3407.6,4299.1,0.4321,0.8931,2,False,,,0.2027,,
corner-55x100,remote_work.latino,minimum,V2,2,1402.2,1151.1,251.1,0.255,0.59,0.2093,,fits,,A,3202.6,4138.9,0.4321,0.8773,3,False,,,0.2027,,
corner-55x100,remote_work.latino,minimum,V4,2,1402.2,1206.6,195.6,0.255,0.59,0.2194,,fits,,A,3131.6,4083.4,0.4321,0.8588,4,False,,,0.2027,,
corner-55x100,remote_work.latino,optimum,V0,1,1656.0,1656.0,0,0.3011,0.59,0.3011,,fits,,A,2556.9,3634.0,0.5103,0.8867,2,False,,,0.2488,,
corner-55x100,remote_work.latino,optimum,V1,2,1776.0,1103.3,672.7,0.3229,0.59,0.2006,,fits,,A,3263.8,4186.7,0.5473,0.8574,4,False,,,0.2706,,
corner-55x100,remote_work.latino,optimum,V2,2,1776.0,1394.5,381.5,0.3229,0.59,0.2535,,fits,,A,2891.3,3895.5,0.5473,0.8905,1,True,open_area,V0,0.2706,,
corner-55x100,remote_work.latino,optimum,V4,2,1776.0,1449.1,326.9,0.3229,0.59,0.2635,,fits,,A,2821.5,3840.9,0.5473,0.879,3,False,,,0.2706,,
corner-55x100,remote_work.latino,maximum,V0,1,2432.2,2432.2,0,0.4422,0.59,0.4422,,fits,,A,1564.0,2857.8,0.7495,0.7985,4,False,,,0.39,,
corner-55x100,remote_work.latino,maximum,V1,2,2552.2,1465.3,1086.9,0.464,0.59,0.2664,,fits,,A,2800.8,3824.7,0.7865,0.8053,3,False,,,0.4118,,
corner-55x100,remote_work.latino,maximum,V2,2,2552.2,1969.8,582.5,0.464,0.59,0.3581,,fits,,A,2155.5,3320.2,0.7865,0.8152,1,True,open_area,V4,0.4118,,
corner-55x100,remote_work.latino,maximum,V4,2,2552.2,2035.8,516.4,0.464,0.59,0.3702,,fits,,A,2071.0,3254.2,0.7865,0.8117,2,False,,,0.4118,,
corner-55x100,remote_work.latino,accessible,V0,1,1685.9,1685.9,0,0.3065,0.59,0.3065,,fits,,A,2518.6,3604.1,0.5195,0.8833,1,True,upper_efficiency,V1,0.2543,,
corner-55x100,remote_work.latino,accessible,V1,2,1805.9,1479.3,326.6,0.3283,0.59,0.269,,fits,,A,2782.9,3810.7,0.5565,0.8755,2,False,,,0.2761,,"V2,V4"
corner-55x100,remote_work.latino,staged_final,V0,1,1656.0,1656.0,0,0.3011,0.59,0.3011,,fits,,A,2556.9,3634.0,0.5103,0.8867,2,False,,,0.2488,,
corner-55x100,remote_work.latino,staged_final,V1,2,1776.0,1103.3,672.7,0.3229,0.59,0.2006,,fits,,A,3263.8,4186.7,0.5473,0.8574,4,False,,,0.2706,,
corner-55x100,remote_work.latino,staged_final,V2,2,1776.0,1394.5,381.5,0.3229,0.59,0.2535,,fits,,A,2891.3,3895.5,0.5473,0.8905,1,True,open_area,V0,0.2706,,
corner-55x100,remote_work.latino,staged_final,V4,2,1776.0,1449.1,326.9,0.3229,0.59,0.2635,,fits,,A,2821.5,3840.9,0.5473,0.879,3,False,,,0.2706,,
corner-55x100,remote_work.anglo,minimum,V0,1,1282.2,1282.2,0,0.2331,0.59,0.2331,,fits,,A,3034.9,4007.8,0.3951,0.9247,1,True,stair_independence,V1,0.1809,,
corner-55x100,remote_work.anglo,minimum,V1,2,1402.2,972.4,429.9,0.255,0.59,0.1768,,fits,,A,3431.3,4317.6,0.4321,0.8957,2,False,,,0.2027,,
corner-55x100,remote_work.anglo,minimum,V2,2,1402.2,1151.1,251.1,0.255,0.59,0.2093,,fits,,A,3202.6,4138.9,0.4321,0.8831,3,False,,,0.2027,,
corner-55x100,remote_work.anglo,minimum,V4,2,1402.2,1206.6,195.6,0.255,0.59,0.2194,,fits,,A,3131.6,4083.4,0.4321,0.8655,4,False,,,0.2027,,
corner-55x100,remote_work.anglo,optimum,V0,1,1736.5,1736.5,0,0.3157,0.59,0.3157,,fits,,A,2453.9,3553.5,0.5351,0.8797,2,False,,,0.2635,,
corner-55x100,remote_work.anglo,optimum,V1,2,1856.5,1167.2,689.3,0.3375,0.59,0.2122,,fits,,A,3182.0,4122.8,0.5721,0.8575,4,False,,,0.2853,,
corner-55x100,remote_work.anglo,optimum,V2,2,1856.5,1475.8,380.7,0.3375,0.59,0.2683,,fits,,A,2787.3,3814.2,0.5721,0.8888,1,True,open_area,V0,0.2853,,
corner-55x100,remote_work.anglo,optimum,V4,2,1856.5,1530.3,326.2,0.3375,0.59,0.2782,,fits,,A,2717.7,3759.7,0.5721,0.8747,3,False,,,0.2853,,
corner-55x100,remote_work.anglo,maximum,V0,1,2317.2,2317.2,0,0.4213,0.59,0.4213,,fits,,A,1711.1,2972.8,0.7141,0.8097,4,False,,,0.369,,
corner-55x100,remote_work.anglo,maximum,V1,2,2437.2,1324.0,1113.3,0.4431,0.59,0.2407,,fits,,A,2981.6,3966.0,0.7511,0.8144,3,False,,,0.3909,,
corner-55x100,remote_work.anglo,maximum,V2,2,2437.2,1853.6,583.6,0.4431,0.59,0.337,,fits,,A,2304.1,3436.4,0.7511,0.8314,1,True,open_area,V4,0.3909,,
corner-55x100,remote_work.anglo,maximum,V4,2,2437.2,1919.8,517.4,0.4431,0.59,0.3491,,fits,,A,2219.4,3370.2,0.7511,0.8273,2,False,,,0.3909,,
corner-55x100,remote_work.anglo,accessible,V0,1,1766.4,1766.4,0,0.3212,0.59,0.3212,,fits,,A,2415.7,3523.6,0.5443,0.8761,1,True,upper_efficiency,V1,0.2689,,
corner-55x100,remote_work.anglo,accessible,V1,2,1886.4,1560.4,326.0,0.343,0.59,0.2837,,fits,,A,2679.1,3729.6,0.5813,0.871,2,False,,,0.2907,,"V2,V4"
corner-55x100,remote_work.anglo,staged_final,V0,1,1736.5,1736.5,0,0.3157,0.59,0.3157,,fits,,A,2453.9,3553.5,0.5351,0.8797,2,False,,,0.2635,,
corner-55x100,remote_work.anglo,staged_final,V1,2,1856.5,1167.2,689.3,0.3375,0.59,0.2122,,fits,,A,3182.0,4122.8,0.5721,0.8575,4,False,,,0.2853,,
corner-55x100,remote_work.anglo,staged_final,V2,2,1856.5,1475.8,380.7,0.3375,0.59,0.2683,,fits,,A,2787.3,3814.2,0.5721,0.8888,1,True,open_area,V0,0.2853,,
corner-55x100,remote_work.anglo,staged_final,V4,2,1856.5,1530.3,326.2,0.3375,0.59,0.2782,,fits,,A,2717.7,3759.7,0.5721,0.8747,3,False,,,0.2853,,
corner-55x100,shared_adults.none,minimum,V0,1,1506.5,1506.5,0,0.2739,0.59,0.2739,,fits,,A,2748.1,3783.5,0.4643,0.8215,2,False,,,0.2216,,
corner-55x100,shared_adults.none,minimum,V1,2,1626.5,981.0,645.5,0.2957,0.59,0.1784,,fits,,A,3420.3,4309.0,0.5012,0.9089,1,True,separation,V0,0.2435,,
corner-55x100,shared_adults.none,optimum,V0,1,1736.5,1736.5,0,0.3157,0.59,0.3157,,fits,,A,2453.9,3553.5,0.5351,0.7978,2,False,,,0.2635,,
corner-55x100,shared_adults.none,optimum,V1,2,1856.5,1161.2,695.3,0.3375,0.59,0.2111,,fits,,A,3189.8,4128.8,0.5721,0.896,1,True,separation,V0,0.2853,,
corner-55x100,shared_adults.none,maximum,V0,1,2420.8,2420.8,0,0.4401,0.59,0.4401,,fits,,A,1578.7,2719.2,0.746,0.7201,2,False,,,0.3523,,
corner-55x100,shared_adults.none,maximum,V1,2,2540.7,1597.7,943.0,0.462,0.59,0.2905,,fits,,A,2631.4,3542.3,0.783,0.8431,1,True,separation,V0,0.3741,,
corner-55x100,shared_adults.none,maximum,V4,2,2540.8,2336.6,204.2,0.462,0.59,0.4248,,fits,,A,1686.3,2803.4,0.783,0.6701,3,False,,,0.3741,,
corner-55x100,shared_adults.none,accessible,V0,1,1766.4,1766.4,0,0.3212,0.59,0.3212,,fits,,A,2415.7,3523.6,0.5443,0.7947,2,False,,,0.2689,,
corner-55x100,shared_adults.none,accessible,V1,2,1886.4,1403.2,483.2,0.343,0.59,0.2551,,fits,,A,2880.2,3886.8,0.5813,0.862,1,True,separation,V0,0.2907,,
corner-55x100,shared_adults.none,staged_final,V0,1,1736.5,1736.5,0,0.3157,0.59,0.3157,,fits,,A,2453.9,3553.5,0.5351,0.7978,2,False,,,0.2635,,
corner-55x100,shared_adults.none,staged_final,V1,2,1856.5,1161.2,695.3,0.3375,0.59,0.2111,,fits,,A,3189.8,4128.8,0.5721,0.896,1,True,separation,V0,0.2853,,
corner-55x100,shared_adults.latino,minimum,V0,1,1506.5,1506.5,0,0.2739,0.59,0.2739,,fits,,A,2748.1,3783.5,0.4643,0.8215,2,False,,,0.2216,,
corner-55x100,shared_adults.latino,minimum,V1,2,1626.5,981.0,645.5,0.2957,0.59,0.1784,,fits,,A,3420.3,4309.0,0.5012,0.9089,1,True,separation,V0,0.2435,,
corner-55x100,shared_adults.latino,optimum,V0,1,1736.5,1736.5,0,0.3157,0.59,0.3157,,fits,,A,2453.9,3553.5,0.5351,0.7978,2,False,,,0.2635,,
corner-55x100,shared_adults.latino,optimum,V1,2,1856.5,1161.2,695.3,0.3375,0.59,0.2111,,fits,,A,3189.8,4128.8,0.5721,0.896,1,True,separation,V0,0.2853,,
corner-55x100,shared_adults.latino,maximum,V0,1,2472.5,2472.5,0,0.4495,0.59,0.4495,,fits,,A,1512.5,2667.5,0.7619,0.7147,2,False,,,0.3617,,
corner-55x100,shared_adults.latino,maximum,V1,2,2592.5,1650.3,942.2,0.4714,0.59,0.3001,,fits,,A,2564.1,3489.7,0.7989,0.8377,1,True,separation,V0,0.3835,,
corner-55x100,shared_adults.latino,maximum,V4,2,2592.5,2388.5,204.0,0.4714,0.59,0.4343,,fits,,A,1620.0,2751.5,0.7989,0.6647,3,False,,,0.3835,,
corner-55x100,shared_adults.latino,accessible,V0,1,1766.4,1766.4,0,0.3212,0.59,0.3212,,fits,,A,2415.7,3523.6,0.5443,0.7947,2,False,,,0.2689,,
corner-55x100,shared_adults.latino,accessible,V1,2,1886.4,1403.2,483.2,0.343,0.59,0.2551,,fits,,A,2880.2,3886.8,0.5813,0.862,1,True,separation,V0,0.2907,,
corner-55x100,shared_adults.latino,staged_final,V0,1,1736.5,1736.5,0,0.3157,0.59,0.3157,,fits,,A,2453.9,3553.5,0.5351,0.7978,2,False,,,0.2635,,
corner-55x100,shared_adults.latino,staged_final,V1,2,1856.5,1161.2,695.3,0.3375,0.59,0.2111,,fits,,A,3189.8,4128.8,0.5721,0.896,1,True,separation,V0,0.2853,,
corner-55x100,shared_adults.anglo,minimum,V0,1,1506.5,1506.5,0,0.2739,0.59,0.2739,,fits,,A,2748.1,3783.5,0.4643,0.8285,2,False,,,0.2216,,
corner-55x100,shared_adults.anglo,minimum,V1,2,1626.5,962.7,663.8,0.2957,0.59,0.175,,fits,,A,3443.7,4327.3,0.5012,0.91,1,True,separation,V0,0.2435,,
corner-55x100,shared_adults.anglo,optimum,V0,1,1863.0,1863.0,0,0.3387,0.59,0.3387,,fits,,A,2292.1,3427.0,0.5741,0.7893,2,False,,,0.2865,,
corner-55x100,shared_adults.anglo,optimum,V1,2,1983.0,1223.6,759.4,0.3605,0.59,0.2225,,fits,,A,3109.9,4066.4,0.6111,0.8875,1,True,separation,V0,0.3083,,
corner-55x100,shared_adults.anglo,maximum,V0,1,2472.5,2472.5,0,0.4495,0.59,0.4495,,fits,,A,1512.5,2667.5,0.7619,0.7138,2,False,,,0.3617,,
corner-55x100,shared_adults.anglo,maximum,V1,2,2592.5,1566.3,1026.2,0.4714,0.59,0.2848,,fits,,A,2671.6,3573.7,0.7989,0.8388,1,True,separation,V0,0.3835,,
corner-55x100,shared_adults.anglo,maximum,V4,2,2592.5,2388.5,204.0,0.4714,0.59,0.4343,,fits,,A,1620.0,2751.5,0.7989,0.6669,3,False,,,0.3835,,
corner-55x100,shared_adults.anglo,accessible,V0,1,1892.9,1892.9,0,0.3442,0.59,0.3442,,fits,,A,2253.8,3397.1,0.5833,0.786,2,False,,,0.2919,,
corner-55x100,shared_adults.anglo,accessible,V1,2,2012.9,1464.9,548.0,0.366,0.59,0.2663,,fits,,A,2801.3,3825.1,0.6203,0.8536,1,True,separation,V0,0.3137,,
corner-55x100,shared_adults.anglo,staged_final,V0,1,1863.0,1863.0,0,0.3387,0.59,0.3387,,fits,,A,2292.1,3427.0,0.5741,0.7893,2,False,,,0.2865,,
corner-55x100,shared_adults.anglo,staged_final,V1,2,1983.0,1223.6,759.4,0.3605,0.59,0.2225,,fits,,A,3109.9,4066.4,0.6111,0.8875,1,True,separation,V0,0.3083,,
shallow-50x95,young_couple.none,minimum,V0,1,1282.2,1282.2,0,0.2699,0.6,0.2699,,fits,,A,2356.1,3257.8,0.4499,0.9216,1,True,stair_independence,V1,0.2094,,
shallow-50x95,young_couple.none,minimum,V1,2,1402.2,990.9,411.4,0.2952,0.6,0.2086,,fits,,A,2729.7,3549.1,0.492,0.9009,2,False,,,0.2347,,
shallow-50x95,young_couple.none,minimum,V2,2,1402.2,1151.1,251.1,0.2952,0.6,0.2423,,fits,,A,2524.2,3388.9,0.492,0.8877,3,False,,,0.2347,,
shallow-50x95,young_couple.none,minimum,V4,2,1402.2,1206.6,195.6,0.2952,0.6,0.254,,fits,,A,2453.0,3333.4,0.492,0.8723,4,False,,,0.2347,,
shallow-50x95,young_couple.none,optimum,V0,1,1604.2,1604.2,0,0.3377,0.6,0.3377,,fits,,A,2090.2,2935.8,0.5629,0.8867,1,True,stair_independence,V1,0.2772,,
shallow-50x95,young_couple.none,optimum,V1,2,1724.2,1184.2,540.1,0.363,0.6,0.2493,,fits,,A,2481.8,3355.8,0.605,0.8739,2,False,,,0.3025,,
shallow-50x95,young_couple.none,optimum,V2,2,1724.2,1475.9,248.4,0.363,0.6,0.3107,,fits,,A,2107.9,3064.1,0.605,0.8551,3,False,,,0.3025,,
shallow-50x95,young_couple.none,optimum,V4,2,1724.2,1530.6,193.7,0.363,0.6,0.3222,,fits,,A,2037.7,3009.4,0.605,0.8371,4,False,,,0.3025,,
shallow-50x95,young_couple.none,maximum,V0,1,2334.5,2334.5,0,0.4915,0.6,0.4915,,fits,,A,1007.1,2055.5,0.8191,0.7915,4,False,,,0.3898,,
shallow-50x95,young_couple.none,maximum,V1,2,2454.5,1522.1,932.4,0.5167,0.6,0.3204,,fits,,A,2048.6,2867.9,0.8612,0.7916,3,False,,,0.4151,,
shallow-50x95,young_couple.none,maximum,V2,2,2454.5,2027.5,427.0,0.5167,0.6,0.4268,,fits,,A,1400.7,2362.5,0.8612,0.7999,1,True,open_area,V4,0.4151,,
shallow-50x95,young_couple.none,maximum,V4,2,2454.5,2093.7,360.8,0.5167,0.6,0.4408,,fits,,A,1315.8,2296.3,0.8612,0.7966,2,False,,,0.4151,,
shallow-50x95,young_couple.none,accessible,V0,1,1634.1,1634.1,0,0.344,0.6,0.344,,fits,,A,2054.6,2905.9,0.5734,0.8834,1,True,upper_efficiency,V1,0.2835,,
shallow-50x95,young_couple.none,accessible,V1,2,1754.1,1560.6,193.5,0.3693,0.6,0.3285,,fits,,A,2142.1,2979.4,0.6155,0.8339,2,False,,,0.3088,,"V2,V4"
shallow-50x95,young_couple.none,staged_final,V0,1,1782.5,1782.5,0,0.3753,0.6,0.3753,,fits,,A,1714.7,2757.5,0.6254,0.8673,2,False,,,0.3147,,
shallow-50x95,young_couple.none,staged_final,V1,2,1902.5,1208.1,694.4,0.4005,0.6,0.2543,,fits,,A,2451.2,3331.9,0.6675,0.8643,3,False,,,0.34,,
shallow-50x95,young_couple.none,staged_final,V2,2,1902.5,1498.1,404.4,0.4005,0.6,0.3154,,fits,,A,2079.4,3041.9,0.6675,0.8746,1,True,open_area,V0,0.34,,
shallow-50x95,young_couple.none,staged_final,V4,2,1902.5,1709.6,192.9,0.4005,0.6,0.3599,,fits,,A,1808.2,2830.4,0.6675,0.8175,4,False,,,0.34,,
shallow-50x95,young_couple.latino,minimum,V0,1,1282.2,1282.2,0,0.2699,0.6,0.2699,,fits,,A,2356.1,3257.8,0.4499,0.9216,1,True,stair_independence,V1,0.2094,,
shallow-50x95,young_couple.latino,minimum,V1,2,1402.2,990.9,411.4,0.2952,0.6,0.2086,,fits,,A,2729.7,3549.1,0.492,0.9009,2,False,,,0.2347,,
shallow-50x95,young_couple.latino,minimum,V2,2,1402.2,1151.1,251.1,0.2952,0.6,0.2423,,fits,,A,2524.2,3388.9,0.492,0.8877,3,False,,,0.2347,,
shallow-50x95,young_couple.latino,minimum,V4,2,1402.2,1206.6,195.6,0.2952,0.6,0.254,,fits,,A,2453.0,3333.4,0.492,0.8723,4,False,,,0.2347,,
shallow-50x95,young_couple.latino,optimum,V0,1,1604.2,1604.2,0,0.3377,0.6,0.3377,,fits,,A,2090.2,2935.8,0.5629,0.8867,1,True,stair_independence,V1,0.2772,,
shallow-50x95,young_couple.latino,optimum,V1,2,1724.2,1184.2,540.1,0.363,0.6,0.2493,,fits,,A,2481.8,3355.8,0.605,0.8739,2,False,,,0.3025,,
shallow-50x95,young_couple.latino,optimum,V2,2,1724.2,1475.9,248.4,0.363,0.6,0.3107,,fits,,A,2107.9,3064.1,0.605,0.8551,3,False,,,0.3025,,
shallow-50x95,young_couple.latino,optimum,V4,2,1724.2,1530.6,193.7,0.363,0.6,0.3222,,fits,,A,2037.7,3009.4,0.605,0.8371,4,False,,,0.3025,,
shallow-50x95,young_couple.latino,maximum,V0,1,2386.2,2386.2,0,0.5024,0.6,0.5024,,fits_small_garden,,A,940.7,2003.8,0.8373,0.7859,4,False,,,0.4007,,
shallow-50x95,young_couple.latino,maximum,V1,2,2506.2,1574.7,931.6,0.5276,0.6,0.3315,,fits,,A,2125.4,2815.3,0.8794,0.7873,3,False,,,0.4259,,
shallow-50x95,young_couple.latino,maximum,V2,2,2506.2,2079.6,426.7,0.5276,0.6,0.4378,,fits,,A,1333.9,2310.4,0.8794,0.7942,1,True,open_area,V4,0.4259,,
shallow-50x95,young_couple.latino,maximum,V4,2,2506.2,2145.7,360.5,0.5276,0.6,0.4517,,fits,,A,1249.1,2244.3,0.8794,0.7909,2,False,,,0.4259,,
shallow-50x95,young_couple.latino,accessible,V0,1,1634.1,1634.1,0,0.344,0.6,0.344,,fits,,A,2054.6,2905.9,0.5734,0.8834,1,True,upper_efficiency,V1,0.2835,,
shallow-50x95,young_couple.latino,accessible,V1,2,1754.1,1560.6,193.5,0.3693,0.6,0.3285,,fits,,A,2142.1,2979.4,0.6155,0.8339,2,False,,,0.3088,,"V2,V4"
shallow-50x95,young_couple.latino,staged_final,V0,1,1782.5,1782.5,0,0.3753,0.6,0.3753,,fits,,A,1714.7,2757.5,0.6254,0.8673,2,False,,,0.3147,,
shallow-50x95,young_couple.latino,staged_final,V1,2,1902.5,1208.1,694.4,0.4005,0.6,0.2543,,fits,,A,2451.2,3331.9,0.6675,0.8643,3,False,,,0.34,,
shallow-50x95,young_couple.latino,staged_final,V2,2,1902.5,1498.1,404.4,0.4005,0.6,0.3154,,fits,,A,2079.4,3041.9,0.6675,0.8746,1,True,open_area,V0,0.34,,
shallow-50x95,young_couple.latino,staged_final,V4,2,1902.5,1709.6,192.9,0.4005,0.6,0.3599,,fits,,A,1808.2,2830.4,0.6675,0.8175,4,False,,,0.34,,
shallow-50x95,young_couple.anglo,minimum,V0,1,1282.2,1282.2,0,0.2699,0.6,0.2699,,fits,,A,2356.1,3257.8,0.4499,0.924,1,True,stair_independence,V1,0.2094,,
shallow-50x95,young_couple.anglo,minimum,V1,2,1402.2,972.4,429.9,0.2952,0.6,0.2047,,fits,,A,2753.4,3567.6,0.492,0.9028,2,False,,,0.2347,,
shallow-50x95,young_couple.anglo,minimum,V2,2,1402.2,1151.1,251.1,0.2952,0.6,0.2423,,fits,,A,2524.2,3388.9,0.492,0.8922,3,False,,,0.2347,,
shallow-50x95,young_couple.anglo,minimum,V4,2,1402.2,1206.6,195.6,0.2952,0.6,0.254,,fits,,A,2453.0,3333.4,0.492,0.8774,4,False,,,0.2347,,
shallow-50x95,young_couple.anglo,optimum,V0,1,1684.7,1684.7,0,0.3547,0.6,0.3547,,fits,,A,1840.1,2855.2,0.5911,0.8772,1,True,stair_independence,V1,0.2942,,
shallow-50x95,young_couple.anglo,optimum,V1,2,1804.7,1247.8,556.9,0.3799,0.6,0.2627,,fits,,A,2400.2,3292.2,0.6332,0.8709,2,False,,,0.3194,,
shallow-50x95,young_couple.anglo,optimum,V2,2,1804.8,1556.9,247.9,0.3799,0.6,0.3278,,fits,,A,2004.0,2983.1,0.6332,0.8482,3,False,,,0.3194,,
shallow-50x95,young_couple.anglo,optimum,V4,2,1804.7,1611.4,193.3,0.3799,0.6,0.3392,,fits,,A,2081.6,2928.6,0.6332,0.8304,4,False,,,0.3194,,
shallow-50x95,young_couple.anglo,maximum,V0,1,2426.5,2426.5,0,0.5108,0.6,0.5108,,fits_small_garden,,A,889.1,1963.5,0.8514,0.7739,4,False,,,0.4092,,
shallow-50x95,young_couple.anglo,maximum,V1,2,2546.5,1591.6,954.9,0.5361,0.6,0.3351,,fits,,A,2105.3,2798.4,0.8935,0.7835,2,False,,,0.4344,,
shallow-50x95,young_couple.anglo,maximum,V2,2,2546.5,2120.1,426.4,0.5361,0.6,0.4463,,fits,,A,1281.9,2269.9,0.8935,0.7856,1,True,stair_independence,V1,0.4344,,
shallow-50x95,young_couple.anglo,maximum,V4,2,2546.5,2186.2,360.3,0.5361,0.6,0.4603,,fits,,A,1197.2,2203.8,0.8935,0.7816,3,False,,,0.4344,,
shallow-50x95,young_couple.anglo,accessible,V0,1,1714.6,1714.6,0,0.361,0.6,0.361,,fits,,A,1801.7,2825.4,0.6016,0.8737,1,True,upper_efficiency,V1,0.3005,,
shallow-50x95,young_couple.anglo,accessible,V1,2,1834.6,1641.4,193.2,0.3862,0.6,0.3456,,fits,,A,2045.9,2898.6,0.6437,0.8269,2,False,,,0.3257,,"V2,V4"
shallow-50x95,young_couple.anglo,staged_final,V0,1,1782.5,1782.5,0,0.3753,0.6,0.3753,,fits,,A,1714.7,2757.5,0.6254,0.8658,3,False,,,0.3147,,
shallow-50x95,young_couple.anglo,staged_final,V1,2,1902.5,1226.2,676.3,0.4005,0.6,0.2581,,fits,,A,2428.0,3313.8,0.6675,0.8701,2,False,,,0.34,,
shallow-50x95,young_couple.anglo,staged_final,V2,2,1902.5,1498.1,404.4,0.4005,0.6,0.3154,,fits,,A,2079.4,3041.9,0.6675,0.8762,1,True,stair_independence,V1,0.34,,
shallow-50x95,young_couple.anglo,staged_final,V4,2,1902.5,1709.6,192.9,0.4005,0.6,0.3599,,fits,,A,1808.2,2830.4,0.6675,0.8189,4,False,,,0.34,,
shallow-50x95,early_childhood.none,minimum,V0,1,1305.2,1305.2,0,0.2748,0.6,0.2748,,fits,,A,2326.6,3234.8,0.458,0.9213,1,True,stair_independence,V1,0.2143,,
shallow-50x95,early_childhood.none,minimum,V1,2,1425.2,989.7,435.6,0.3001,0.6,0.2084,,fits,,A,2731.2,3550.3,0.5001,0.9036,2,False,,,0.2395,,
shallow-50x95,early_childhood.none,minimum,V2,2,1425.2,1149.8,275.5,0.3001,0.6,0.2421,,fits,,A,2525.9,3390.2,0.5001,0.5774,3,False,,,0.2395,,
shallow-50x95,early_childhood.none,optimum,V0,1,1610.0,1610.0,0,0.3389,0.6,0.3389,,fits,,A,2083.3,2930.0,0.5649,0.8859,1,True,stair_independence,V1,0.2784,,
shallow-50x95,early_childhood.none,optimum,V1,2,1730.0,1165.7,564.3,0.3642,0.6,0.2454,,fits,,A,2505.5,3374.3,0.607,0.8794,2,False,,,0.3037,,
shallow-50x95,early_childhood.none,optimum,V2,2,1730.0,1457.4,272.6,0.3642,0.6,0.3068,,fits,,A,2131.6,3082.6,0.607,0.545,3,False,,,0.3037,,
shallow-50x95,early_childhood.none,maximum,V0,1,2829.0,2829.0,0,0.5956,0.6,0.5956,,fits_small_garden,,A,632.1,1561.0,0.9926,0.7271,2,False,,,0.4939,,
shallow-50x95,early_childhood.none,maximum,V1,2,2604.0,1650.0,954.0,0.5482,0.6,0.3474,,fits,,A,2035.7,2740.0,0.9137,0.7792,1,True,open_area,V0,0.4465,,
shallow-50x95,early_childhood.none,maximum,V2,2,2604.0,2154.0,450.0,0.5482,0.6,0.4535,,fits,,A,1238.5,2236.0,0.9137,0.4603,4,False,,,0.4465,,
shallow-50x95,early_childhood.none,maximum,V4,2,2604.0,2400.0,204.0,0.5482,0.6,0.5053,,fits_small_garden,,A,923.1,1990.0,0.9137,0.7239,3,False,,,0.4465,,
shallow-50x95,early_childhood.none,accessible,V0,1,1639.9,1639.9,0,0.3452,0.6,0.3452,,fits,,A,2047.7,2900.1,0.5754,0.8824,1,True,supervision,V1,0.2847,,
shallow-50x95,early_childhood.none,accessible,V1,2,1759.9,1542.1,217.8,0.3705,0.6,0.3247,,fits,,A,2022.9,2997.9,0.6175,0.5236,2,False,,,0.31,,V2
shallow-50x95,early_childhood.none,staged_final,V0,1,1610.0,1610.0,0,0.3389,0.6,0.3389,,fits,,A,2083.3,2930.0,0.5649,0.8859,1,True,stair_independence,V1,0.2784,,
shallow-50x95,early_childhood.none,staged_final,V1,2,1730.0,1165.7,564.3,0.3642,0.6,0.2454,,fits,,A,2505.5,3374.3,0.607,0.8794,2,False,,,0.3037,,
shallow-50x95,early_childhood.none,staged_final,V2,2,1730.0,1457.4,272.6,0.3642,0.6,0.3068,,fits,,A,2131.6,3082.6,0.607,0.545,3,False,,,0.3037,,
shallow-50x95,early_childhood.latino,minimum,V0,1,1305.2,1305.2,0,0.2748,0.6,0.2748,,fits,,A,2326.6,3234.8,0.458,0.9213,1,True,stair_independence,V1,0.2143,,
shallow-50x95,early_childhood.latino,minimum,V1,2,1425.2,989.7,435.6,0.3001,0.6,0.2084,,fits,,A,2731.2,3550.3,0.5001,0.9036,2,False,,,0.2395,,
shallow-50x95,early_childhood.latino,minimum,V2,2,1425.2,1149.8,275.5,0.3001,0.6,0.2421,,fits,,A,2525.9,3390.2,0.5001,0.5774,3,False,,,0.2395,,
shallow-50x95,early_childhood.latino,optimum,V0,1,1610.0,1610.0,0,0.3389,0.6,0.3389,,fits,,A,2083.3,2930.0,0.5649,0.8859,1,True,stair_independence,V1,0.2784,,
shallow-50x95,early_childhood.latino,optimum,V1,2,1730.0,1165.7,564.3,0.3642,0.6,0.2454,,fits,,A,2505.5,3374.3,0.607,0.8794,2,False,,,0.3037,,
shallow-50x95,early_childhood.latino,optimum,V2,2,1730.0,1457.4,272.6,0.3642,0.6,0.3068,,fits,,A,2131.6,3082.6,0.607,0.545,3,False,,,0.3037,,
shallow-50x95,early_childhood.latino,maximum,V0,1,2535.8,2535.8,0,0.5338,0.6,0.5338,,fits_small_garden,,A,749.0,1854.2,0.8897,0.7612,2,False,,,0.4322,,
shallow-50x95,early_childhood.latino,maximum,V1,2,2655.8,1702.5,953.2,0.5591,0.6,0.3584,,fits,,A,1817.3,2687.5,0.9318,0.7744,1,True,open_area,V0,0.4574,,
shallow-50x95,early_childhood.latino,maximum,V2,2,2655.7,2206.1,449.7,0.5591,0.6,0.4644,,fits,,A,1171.7,2183.9,0.9318,0.4543,4,False,,,0.4574,,
shallow-50x95,early_childhood.latino,maximum,V4,2,2655.7,2451.9,203.9,0.5591,0.6,0.5162,,fits_small_garden,,A,856.6,1938.1,0.9318,0.7178,3,False,,,0.4574,,
shallow-50x95,early_childhood.latino,accessible,V0,1,1639.9,1639.9,0,0.3452,0.6,0.3452,,fits,,A,2047.7,2900.1,0.5754,0.8824,1,True,supervision,V1,0.2847,,
shallow-50x95,early_childhood.latino,accessible,V1,2,1759.9,1542.1,217.8,0.3705,0.6,0.3247,,fits,,A,2022.9,2997.9,0.6175,0.5236,2,False,,,0.31,,V2
shallow-50x95,early_childhood.latino,staged_final,V0,1,1610.0,1610.0,0,0.3389,0.6,0.3389,,fits,,A,2083.3,2930.0,0.5649,0.8859,1,True,stair_independence,V1,0.2784,,
shallow-50x95,early_childhood.latino,staged_final,V1,2,1730.0,1165.7,564.3,0.3642,0.6,0.2454,,fits,,A,2505.5,3374.3,0.607,0.8794,2,False,,,0.3037,,
shallow-50x95,early_childhood.latino,staged_final,V2,2,1730.0,1457.4,272.6,0.3642,0.6,0.3068,,fits,,A,2131.6,3082.6,0.607,0.545,3,False,,,0.3037,,
shallow-50x95,early_childhood.anglo,minimum,V0,1,1305.2,1305.2,0,0.2748,0.6,0.2748,,fits,,A,2326.6,3234.8,0.458,0.9213,1,True,stair_independence,V1,0.2143,,
shallow-50x95,early_childhood.anglo,minimum,V1,2,1425.2,971.2,454.0,0.3001,0.6,0.2045,,fits,,A,2754.9,3568.8,0.5001,0.9015,2,False,,,0.2395,,
shallow-50x95,early_childhood.anglo,minimum,V2,2,1425.2,1149.8,275.5,0.3001,0.6,0.2421,,fits,,A,2525.9,3390.2,0.5001,0.5774,3,False,,,0.2395,,
shallow-50x95,early_childhood.anglo,optimum,V0,1,1736.5,1736.5,0,0.3656,0.6,0.3656,,fits,,A,1773.7,2803.5,0.6093,0.8711,1,True,stair_independence,V1,0.3051,,
shallow-50x95,early_childhood.anglo,optimum,V1,2,1856.5,1227.8,628.7,0.3908,0.6,0.2585,,fits,,A,2426.0,3312.2,0.6514,0.8675,2,False,,,0.3303,,
shallow-50x95,early_childhood.anglo,optimum,V2,2,1856.5,1584.7,271.8,0.3908,0.6,0.3336,,fits,,A,2113.4,2955.3,0.6514,0.53,3,False,,,0.3303,,
shallow-50x95,early_childhood.anglo,maximum,V0,1,2829.0,2829.0,0,0.5956,0.6,0.5956,,fits_small_garden,,A,632.1,1561.0,0.9926,0.7271,2,False,,,0.4939,,
shallow-50x95,early_childhood.anglo,maximum,V1,2,2604.0,1566.0,1038.0,0.5482,0.6,0.3297,,fits,,A,2135.7,2824.0,0.9137,0.7805,1,True,open_area,V0,0.4465,,
shallow-50x95,early_childhood.anglo,maximum,V2,2,2604.0,2154.0,450.0,0.5482,0.6,0.4535,,fits,,A,1238.5,2236.0,0.9137,0.4603,4,False,,,0.4465,,
shallow-50x95,early_childhood.anglo,maximum,V4,2,2604.0,2400.0,204.0,0.5482,0.6,0.5053,,fits_small_garden,,A,923.1,1990.0,0.9137,0.7239,3,False,,,0.4465,,
shallow-50x95,early_childhood.anglo,accessible,V0,1,1766.4,1766.4,0,0.3719,0.6,0.3719,,fits,,A,1735.4,2773.6,0.6198,0.8677,1,True,supervision,V1,0.3113,,
shallow-50x95,early_childhood.anglo,accessible,V1,2,1886.4,1669.2,217.2,0.3971,0.6,0.3514,,fits,,A,2012.8,2870.8,0.6619,0.5087,2,False,,,0.3366,,V2
shallow-50x95,early_childhood.anglo,staged_final,V0,1,1736.5,1736.5,0,0.3656,0.6,0.3656,,fits,,A,1773.7,2803.5,0.6093,0.8711,1,True,stair_independence,V1,0.3051,,
shallow-50x95,early_childhood.anglo,staged_final,V1,2,1856.5,1227.8,628.7,0.3908,0.6,0.2585,,fits,,A,2426.0,3312.2,0.6514,0.8675,2,False,,,0.3303,,
shallow-50x95,early_childhood.anglo,staged_final,V2,2,1856.5,1584.7,271.8,0.3908,0.6,0.3336,,fits,,A,2113.4,2955.3,0.6514,0.53,3,False,,,0.3303,,
shallow-50x95,teens_family.none,minimum,V0,1,1454.8,1454.8,0,0.3063,0.6,0.3063,,fits,,A,2134.9,3085.2,0.5104,0.7123,2,False,,,0.2457,,
shallow-50x95,teens_family.none,minimum,V1,2,1574.8,983.0,591.8,0.3315,0.6,0.2069,,fits,,A,2739.8,3557.0,0.5525,0.6991,3,False,,,0.271,,
shallow-50x95,teens_family.none,minimum,V2,2,1574.7,1141.9,432.9,0.3315,0.6,0.2404,,fits,,A,2536.0,3398.1,0.5525,0.8995,1,True,separation,V0,0.271,,
shallow-50x95,teens_family.none,optimum,V0,1,1805.5,1805.5,0,0.3801,0.6,0.3801,,fits,,A,1685.3,2734.5,0.6335,0.6707,2,False,,,0.3196,,
shallow-50x95,teens_family.none,optimum,V1,2,1925.5,1207.3,718.2,0.4054,0.6,0.2542,,fits,,A,2452.2,3332.7,0.6756,0.6687,3,False,,,0.3448,,
shallow-50x95,teens_family.none,optimum,V2,2,1925.5,1497.2,428.3,0.4054,0.6,0.3152,,fits,,A,2080.6,3042.8,0.6756,0.8617,1,True,separation,V0,0.3448,,
shallow-50x95,teens_family.none,maximum,V0,1,2823.2,2823.2,0,0.5944,0.6,0.5944,,fits_small_garden,,A,639.0,1566.8,0.9906,0.5328,3,False,,,0.4927,,
shallow-50x95,teens_family.none,maximum,V1,2,2816.7,1836.1,980.7,0.593,0.6,0.3865,,fits,,A,1646.1,2553.9,0.9883,0.5601,2,False,,,0.4913,,
shallow-50x95,teens_family.none,maximum,V2,2,2816.8,2263.7,553.0,0.593,0.6,0.4766,,fits,,A,1097.8,2126.3,0.9883,0.7457,1,True,separation,V1,0.4913,,
shallow-50x95,teens_family.none,maximum,V4,2,2816.8,2626.1,190.7,0.593,0.6,0.5529,,fits_small_garden,,A,633.2,1763.9,0.9883,0.4927,4,False,,,0.4913,,
shallow-50x95,teens_family.none,accessible,V0,1,1835.4,1835.4,0,0.3864,0.6,0.3864,,fits,,A,1646.9,2704.6,0.644,0.6672,2,False,,,0.3259,,
shallow-50x95,teens_family.none,accessible,V1,2,1955.4,1581.7,373.7,0.4117,0.6,0.333,,fits,,A,2117.1,2958.3,0.6861,0.8552,1,True,separation,V0,0.3511,,V2
shallow-50x95,teens_family.none,staged_final,V0,1,1656.0,1656.0,0,0.3486,0.6,0.3486,,fits,,A,2028.6,2884.0,0.5811,0.6884,2,False,,,0.2881,,
shallow-50x95,teens_family.none,staged_final,V1,2,1776.0,1212.5,563.5,0.3739,0.6,0.2553,,fits,,A,2445.5,3327.5,0.6232,0.6782,3,False,,,0.3134,,
shallow-50x95,teens_family.none,staged_final,V2,2,1776.0,1503.7,272.3,0.3739,0.6,0.3166,,fits,,A,2072.2,3036.3,0.6232,0.8443,1,True,separation,V0,0.3134,,
shallow-50x95,teens_family.latino,minimum,V0,1,1454.8,1454.8,0,0.3063,0.6,0.3063,,fits,,A,2134.9,3085.2,0.5104,0.7123,2,False,,,0.2457,,
shallow-50x95,teens_family.latino,minimum,V1,2,1574.8,983.0,591.8,0.3315,0.6,0.2069,,fits,,A,2739.8,3557.0,0.5525,0.6991,3,False,,,0.271,,
shallow-50x95,teens_family.latino,minimum,V2,2,1574.7,1141.9,432.9,0.3315,0.6,0.2404,,fits,,A,2536.0,3398.1,0.5525,0.8995,1,True,separation,V0,0.271,,
shallow-50x95,teens_family.latino,optimum,V0,1,1805.5,1805.5,0,0.3801,0.6,0.3801,,fits,,A,1685.3,2734.5,0.6335,0.6707,2,False,,,0.3196,,
shallow-50x95,teens_family.latino,optimum,V1,2,1925.5,1207.3,718.2,0.4054,0.6,0.2542,,fits,,A,2452.2,3332.7,0.6756,0.6687,3,False,,,0.3448,,
shallow-50x95,teens_family.latino,optimum,V2,2,1925.5,1497.2,428.3,0.4054,0.6,0.3152,,fits,,A,2080.6,3042.8,0.6756,0.8617,1,True,separation,V0,0.3448,,
shallow-50x95,teens_family.latino,maximum,V0,1,2823.2,2823.2,0,0.5944,0.6,0.5944,,fits_small_garden,,A,639.0,1566.8,0.9906,0.5328,3,False,,,0.4927,,
shallow-50x95,teens_family.latino,maximum,V1,2,2816.7,1836.1,980.7,0.593,0.6,0.3865,,fits,,A,1646.1,2553.9,0.9883,0.5601,2,False,,,0.4913,,
shallow-50x95,teens_family.latino,maximum,V2,2,2816.8,2263.7,553.0,0.593,0.6,0.4766,,fits,,A,1097.8,2126.3,0.9883,0.7457,1,True,separation,V1,0.4913,,
shallow-50x95,teens_family.latino,maximum,V4,2,2816.8,2626.1,190.7,0.593,0.6,0.5529,,fits_small_garden,,A,633.2,1763.9,0.9883,0.4927,4,False,,,0.4913,,
shallow-50x95,teens_family.latino,accessible,V0,1,1835.4,1835.4,0,0.3864,0.6,0.3864,,fits,,A,1646.9,2704.6,0.644,0.6672,2,False,,,0.3259,,
shallow-50x95,teens_family.latino,accessible,V1,2,1955.4,1581.7,373.7,0.4117,0.6,0.333,,fits,,A,2117.1,2958.3,0.6861,0.8552,1,True,separation,V0,0.3511,,V2
shallow-50x95,teens_family.latino,staged_final,V0,1,1656.0,1656.0,0,0.3486,0.6,0.3486,,fits,,A,2028.6,2884.0,0.5811,0.6884,2,False,,,0.2881,,
shallow-50x95,teens_family.latino,staged_final,V1,2,1776.0,1212.5,563.5,0.3739,0.6,0.2553,,fits,,A,2445.5,3327.5,0.6232,0.6782,3,False,,,0.3134,,
shallow-50x95,teens_family.latino,staged_final,V2,2,1776.0,1503.7,272.3,0.3739,0.6,0.3166,,fits,,A,2072.2,3036.3,0.6232,0.8443,1,True,separation,V0,0.3134,,
shallow-50x95,teens_family.anglo,minimum,V0,1,1454.8,1454.8,0,0.3063,0.6,0.3063,,fits,,A,2134.9,3085.2,0.5104,0.7216,2,False,,,0.2457,,
shallow-50x95,teens_family.anglo,minimum,V1,2,1574.7,964.6,610.1,0.3315,0.6,0.2031,,fits,,A,2763.3,3575.4,0.5525,0.7099,3,False,,,0.271,,
shallow-50x95,teens_family.anglo,minimum,V2,2,1574.7,1123.6,451.2,0.3315,0.6,0.2365,,fits,,A,2559.5,3416.4,0.5525,0.9017,1,True,separation,V0,0.271,,
shallow-50x95,teens_family.anglo,optimum,V0,1,1886.0,1886.0,0,0.3971,0.6,0.3971,,fits,,A,1582.1,2654.0,0.6618,0.6671,3,False,,,0.3365,,
shallow-50x95,teens_family.anglo,optimum,V1,2,2006.0,1222.9,783.1,0.4223,0.6,0.2575,,fits,,A,2432.1,3317.1,0.7039,0.6733,2,False,,,0.3618,,
shallow-50x95,teens_family.anglo,optimum,V2,2,2006.0,1512.2,493.8,0.4223,0.6,0.3183,,fits,,A,2061.3,3027.8,0.7039,0.8537,1,True,separation,V1,0.3618,,
shallow-50x95,teens_family.anglo,maximum,V0,1,2829.0,2829.0,0,0.5956,0.6,0.5956,,fits_small_garden,,A,632.1,1561.0,0.9926,0.5294,3,False,,,0.4939,,
shallow-50x95,teens_family.anglo,maximum,V1,2,2834.0,1716.9,1117.1,0.5966,0.6,0.3615,,fits,,A,1798.8,2673.1,0.9944,0.5716,2,False,,,0.4949,,
shallow-50x95,teens_family.anglo,maximum,V2,2,2834.0,2227.6,606.4,0.5966,0.6,0.469,,fits,,A,1144.1,2162.4,0.9944,0.7424,1,True,separation,V1,0.4949,,
shallow-50x95,teens_family.anglo,maximum,V4,2,2834.0,2643.3,190.7,0.5966,0.6,0.5565,,fits_small_garden,,A,611.1,1746.7,0.9944,0.4922,4,False,,,0.4949,,
shallow-50x95,teens_family.anglo,accessible,V0,1,1915.9,1915.9,0,0.4033,0.6,0.4033,,fits,,A,1543.7,2624.1,0.6722,0.6633,2,False,,,0.3428,,
shallow-50x95,teens_family.anglo,accessible,V1,2,2035.9,1662.8,373.1,0.4286,0.6,0.3501,,fits,,A,2020.5,2877.2,0.7144,0.8465,1,True,separation,V0,0.3681,,V2
shallow-50x95,teens_family.anglo,staged_final,V0,1,1736.5,1736.5,0,0.3656,0.6,0.3656,,fits,,A,1773.7,2803.5,0.6093,0.686,2,False,,,0.3051,,
shallow-50x95,teens_family.anglo,staged_final,V1,2,1856.5,1227.8,628.7,0.3908,0.6,0.2585,,fits,,A,2426.0,3312.2,0.6514,0.6821,3,False,,,0.3303,,
shallow-50x95,teens_family.anglo,staged_final,V2,2,1856.5,1584.7,271.8,0.3908,0.6,0.3336,,fits,,A,2113.4,2955.3,0.6514,0.837,1,True,separation,V0,0.3303,,
shallow-50x95,multigenerational.none,minimum,V0,1,1523.7,1523.7,0,0.3208,0.6,0.3208,,fits,,A,2046.5,3016.2,0.5346,0.8868,1,True,stair_independence,V1,0.2603,,
shallow-50x95,multigenerational.none,minimum,V1,2,1643.8,1212.0,431.8,0.3461,0.6,0.2551,,fits,,A,2446.2,3328.0,0.5768,0.8858,2,False,,,0.2855,,V3
shallow-50x95,multigenerational.none,minimum,V2,2,1643.8,1370.4,273.3,0.3461,0.6,0.2885,,fits,,A,2243.0,3169.6,0.5768,0.8644,3,False,,,0.2855,,
shallow-50x95,multigenerational.none,optimum,V0,1,1811.2,1811.2,0,0.3813,0.6,0.3813,,fits,,A,1677.9,2728.8,0.6355,0.8505,2,False,,,0.3208,,
shallow-50x95,multigenerational.none,optimum,V1,2,1931.2,1370.1,561.1,0.4066,0.6,0.2884,,fits,,A,2243.4,3169.9,0.6776,0.851,1,True,open_area,V0,0.3461,,V3
shallow-50x95,multigenerational.none,optimum,V2,2,1931.2,1659.9,271.3,0.4066,0.6,0.3495,,fits,,A,2023.9,2880.1,0.6776,0.8274,3,False,,,0.3461,,
shallow-50x95,multigenerational.none,maximum,V0,1,2840.5,2840.5,0,0.598,0.6,0.598,,fits_small_garden,,A,618.5,1549.5,0.9967,0.7019,4,False,,,0.4963,,
shallow-50x95,multigenerational.none,maximum,V1,2,2822.5,1835.8,986.7,0.5942,0.6,0.3865,,fits,,A,1646.5,2704.2,0.9904,0.7639,1,True,open_area,V2,0.5337,,
shallow-50x95,multigenerational.none,maximum,V2,2,2822.5,2266.2,556.3,0.5942,0.6,0.4771,,fits,,A,1094.6,2273.8,0.9904,0.759,2,False,,,0.5337,,
shallow-50x95,multigenerational.none,maximum,V3,2,2822.5,1967.3,855.2,0.5942,0.6,0.4142,,fits,,A,1477.8,2572.7,0.9904,0.7553,3,False,,,0.5337,,
shallow-50x95,multigenerational.none,maximum,V4,2,2822.5,2631.0,191.5,0.5942,0.6,0.5539,,fits_small_garden,,A,627.0,1909.0,0.9904,0.6864,5,False,,,0.5337,,
shallow-50x95,multigenerational.none,accessible,V0,1,1841.1,1841.1,0,0.3876,0.6,0.3876,,fits,,A,1639.6,2698.9,0.646,0.8467,2,False,,,0.3271,,
shallow-50x95,multigenerational.none,accessible,V1,2,1961.1,1400.4,560.7,0.4129,0.6,0.2948,,fits,,A,2204.6,3139.6,0.6881,0.8477,1,True,open_area,V0,0.3523,,V3
shallow-50x95,multigenerational.none,accessible,V2,2,1961.2,1690.0,271.1,0.4129,0.6,0.3558,,fits,,A,1833.3,2850.0,0.6881,0.8235,3,False,,,0.3523,,
shallow-50x95,multigenerational.none,staged_final,V0,1,1960.7,1960.7,0,0.4128,0.6,0.4128,,fits,,A,1486.2,2579.2,0.688,0.6577,3,False,,,0.3523,,
shallow-50x95,multigenerational.none,staged_final,V1,2,2080.8,1365.2,715.6,0.4381,0.6,0.2874,,fits,,A,2249.8,3174.8,0.7301,0.6682,2,False,,,0.3775,,V3
shallow-50x95,multigenerational.none,staged_final,V2,2,2080.8,1653.9,426.9,0.4381,0.6,0.3482,,fits,,A,2031.1,2886.1,0.7301,0.8443,1,True,separation,V1,0.3775,,
shallow-50x95,multigenerational.latino,minimum,V0,1,1523.7,1523.7,0,0.3208,0.6,0.3208,,fits,,A,2046.5,3016.2,0.5346,0.8868,1,True,stair_independence,V1,0.2603,,
shallow-50x95,multigenerational.latino,minimum,V1,2,1643.8,1212.0,431.8,0.3461,0.6,0.2551,,fits,,A,2446.2,3328.0,0.5768,0.8858,2,False,,,0.2855,,V3
shallow-50x95,multigenerational.latino,minimum,V2,2,1643.8,1370.4,273.3,0.3461,0.6,0.2885,,fits,,A,2243.0,3169.6,0.5768,0.8644,3,False,,,0.2855,,
shallow-50x95,multigenerational.latino,optimum,V0,1,1811.2,1811.2,0,0.3813,0.6,0.3813,,fits,,A,1677.9,2728.8,0.6355,0.8505,2,False,,,0.3208,,
shallow-50x95,multigenerational.latino,optimum,V1,2,1931.2,1370.1,561.1,0.4066,0.6,0.2884,,fits,,A,2243.4,3169.9,0.6776,0.851,1,True,open_area,V0,0.3461,,V3
shallow-50x95,multigenerational.latino,optimum,V2,2,1931.2,1659.9,271.3,0.4066,0.6,0.3495,,fits,,A,2023.9,2880.1,0.6776,0.8274,3,False,,,0.3461,,
shallow-50x95,multigenerational.latino,maximum,V0,1,2840.5,2840.5,0,0.598,0.6,0.598,,fits_small_garden,,A,618.5,1549.5,0.9967,0.7019,4,False,,,0.4963,,
shallow-50x95,multigenerational.latino,maximum,V1,2,2822.5,1835.8,986.7,0.5942,0.6,0.3865,,fits,,A,1646.5,2704.2,0.9904,0.7639,1,True,open_area,V2,0.5337,,
shallow-50x95,multigenerational.latino,maximum,V2,2,2822.5,2266.2,556.3,0.5942,0.6,0.4771,,fits,,A,1094.6,2273.8,0.9904,0.759,2,False,,,0.5337,,
shallow-50x95,multigenerational.latino,maximum,V3,2,2822.5,1967.3,855.2,0.5942,0.6,0.4142,,fits,,A,1477.8,2572.7,0.9904,0.7553,3,False,,,0.5337,,
shallow-50x95,multigenerational.latino,maximum,V4,2,2822.5,2631.0,191.5,0.5942,0.6,0.5539,,fits_small_garden,,A,627.0,1909.0,0.9904,0.6864,5,False,,,0.5337,,
shallow-50x95,multigenerational.latino,accessible,V0,1,1841.1,1841.1,0,0.3876,0.6,0.3876,,fits,,A,1639.6,2698.9,0.646,0.8467,2,False,,,0.3271,,
shallow-50x95,multigenerational.latino,accessible,V1,2,1961.1,1400.4,560.7,0.4129,0.6,0.2948,,fits,,A,2204.6,3139.6,0.6881,0.8477,1,True,open_area,V0,0.3523,,V3
shallow-50x95,multigenerational.latino,accessible,V2,2,1961.2,1690.0,271.1,0.4129,0.6,0.3558,,fits,,A,1833.3,2850.0,0.6881,0.8235,3,False,,,0.3523,,
shallow-50x95,multigenerational.latino,staged_final,V0,1,1960.7,1960.7,0,0.4128,0.6,0.4128,,fits,,A,1486.2,2579.2,0.688,0.6577,3,False,,,0.3523,,
shallow-50x95,multigenerational.latino,staged_final,V1,2,2080.8,1365.2,715.6,0.4381,0.6,0.2874,,fits,,A,2249.8,3174.8,0.7301,0.6682,2,False,,,0.3775,,V3
shallow-50x95,multigenerational.latino,staged_final,V2,2,2080.8,1653.9,426.9,0.4381,0.6,0.3482,,fits,,A,2031.1,2886.1,0.7301,0.8443,1,True,separation,V1,0.3775,,
shallow-50x95,multigenerational.anglo,minimum,V0,1,1523.7,1523.7,0,0.3208,0.6,0.3208,,fits,,A,2046.5,3016.2,0.5346,0.8868,1,True,stair_independence,V1,0.2603,,
shallow-50x95,multigenerational.anglo,minimum,V1,2,1643.7,1193.7,450.1,0.3461,0.6,0.2513,,fits,,A,2469.7,3346.3,0.5768,0.884,2,False,,,0.2855,,V3
shallow-50x95,multigenerational.anglo,minimum,V2,2,1643.8,1370.4,273.3,0.3461,0.6,0.2885,,fits,,A,2243.0,3169.6,0.5768,0.8644,3,False,,,0.2855,,
shallow-50x95,multigenerational.anglo,optimum,V0,1,2001.0,2001.0,0,0.4213,0.6,0.4213,,fits,,A,1434.6,2539.0,0.7021,0.8265,2,False,,,0.3607,,
shallow-50x95,multigenerational.anglo,optimum,V1,2,2121.0,1496.2,624.8,0.4465,0.6,0.315,,fits,,A,2081.9,3043.8,0.7442,0.8275,1,True,open_area,V0,0.386,,V3
shallow-50x95,multigenerational.anglo,optimum,V2,2,2121.0,1850.7,270.3,0.4465,0.6,0.3896,,fits,,A,1627.3,2689.3,0.7442,0.803,3,False,,,0.386,,
shallow-50x95,multigenerational.anglo,maximum,V0,1,2817.5,2817.5,0,0.5932,0.6,0.5932,,fits_small_garden,,A,645.8,1722.5,0.9886,0.7233,3,False,,,0.5326,,
shallow-50x95,multigenerational.anglo,maximum,V1,2,2811.0,1818.1,992.9,0.5918,0.6,0.3828,,fits,,A,1669.1,2721.9,0.9863,0.7625,1,True,open_area,V2,0.5313,,V3
shallow-50x95,multigenerational.anglo,maximum,V2,2,2811.0,2332.4,478.6,0.5918,0.6,0.491,,fits,,A,1009.7,2207.6,0.9863,0.7554,2,False,,,0.5313,,
shallow-50x95,multigenerational.anglo,accessible,V0,1,2030.9,2030.9,0,0.4276,0.6,0.4276,,fits,,A,1396.3,2509.1,0.7126,0.8227,2,False,,,0.367,,
shallow-50x95,multigenerational.anglo,accessible,V1,2,2150.9,1526.4,624.5,0.4528,0.6,0.3214,,fits,,A,2043.0,3013.6,0.7547,0.8243,1,True,open_area,V0,0.3923,,V3
shallow-50x95,multigenerational.anglo,accessible,V2,2,2150.9,1880.7,270.2,0.4528,0.6,0.3959,,fits,,A,1588.8,2659.3,0.7547,0.7992,3,False,,,0.3923,,
shallow-50x95,multigenerational.anglo,staged_final,V0,1,2150.5,2150.5,0,0.4527,0.6,0.4527,,fits,,A,1242.9,2389.5,0.7546,0.6337,3,False,,,0.3922,,
shallow-50x95,multigenerational.anglo,staged_final,V1,2,2270.5,1491.7,778.8,0.478,0.6,0.314,,fits,,A,2087.6,3048.3,0.7967,0.6447,2,False,,,0.4175,,V3
shallow-50x95,multigenerational.anglo,staged_final,V2,2,2270.5,1845.1,425.4,0.478,0.6,0.3884,,fits,,A,1634.5,2694.9,0.7967,0.8203,1,True,separation,V1,0.4175,,
shallow-50x95,empty_nest.none,minimum,V0,1,1155.8,1155.8,0,0.2433,0.6,0.2433,,fits,,A,2518.3,3384.2,0.4055,0.9324,1,True,stair_independence,V1,0.1828,,
shallow-50x95,empty_nest.none,minimum,V1,2,1275.8,998.3,277.5,0.2686,0.6,0.2102,,fits,,A,2720.2,3541.7,0.4476,0.8512,2,False,,,0.2081,,
shallow-50x95,empty_nest.none,optimum,V0,1,1431.8,1431.8,0,0.3014,0.6,0.3014,,fits,,A,2164.4,3108.2,0.5024,0.9054,1,True,only_feasible,,0.2409,,
shallow-50x95,empty_nest.none,maximum,V0,1,2133.2,2133.2,0,0.4491,0.6,0.4491,,fits,,A,1265.1,2256.8,0.7485,0.8134,1,True,upper_efficiency,V1,0.3474,,
shallow-50x95,empty_nest.none,maximum,V1,2,2253.2,1981.7,271.5,0.4744,0.6,0.4172,,fits,,A,1459.3,2408.3,0.7906,0.7894,2,False,,,0.3727,,V2
shallow-50x95,empty_nest.none,maximum,V4,2,2253.2,2048.2,205.0,0.4744,0.6,0.4312,,fits,,A,1374.1,2341.8,0.7906,0.7676,3,False,,,0.3727,,
shallow-50x95,empty_nest.none,accessible,V0,1,1461.6,1461.6,0,0.3077,0.6,0.3077,,fits,,A,2126.1,3078.4,0.5129,0.9022,1,True,only_feasible,,0.2472,,
shallow-50x95,empty_nest.none,staged_final,V0,1,1431.8,1431.8,0,0.3014,0.6,0.3014,,fits,,A,2164.4,3108.2,0.5024,0.9054,1,True,only_feasible,,0.2409,,
shallow-50x95,empty_nest.latino,minimum,V0,1,1155.8,1155.8,0,0.2433,0.6,0.2433,,fits,,A,2518.3,3384.2,0.4055,0.9324,1,True,stair_independence,V1,0.1828,,
shallow-50x95,empty_nest.latino,minimum,V1,2,1275.8,998.3,277.5,0.2686,0.6,0.2102,,fits,,A,2720.2,3541.7,0.4476,0.8512,2,False,,,0.2081,,
shallow-50x95,empty_nest.latino,optimum,V0,1,1431.8,1431.8,0,0.3014,0.6,0.3014,,fits,,A,2164.4,3108.2,0.5024,0.9054,1,True,only_feasible,,0.2409,,
shallow-50x95,empty_nest.latino,maximum,V0,1,2185.0,2185.0,0,0.46,0.6,0.46,,fits,,A,1198.7,2205.0,0.7667,0.8077,1,True,upper_efficiency,V1,0.3583,,
shallow-50x95,empty_nest.latino,maximum,V1,2,2305.0,2033.7,271.3,0.4853,0.6,0.4282,,fits,,A,1392.6,2356.3,0.8088,0.7837,2,False,,,0.3836,,V2
shallow-50x95,empty_nest.latino,maximum,V4,2,2305.0,2100.1,204.9,0.4853,0.6,0.4421,,fits,,A,1307.5,2289.9,0.8088,0.7619,3,False,,,0.3836,,
shallow-50x95,empty_nest.latino,accessible,V0,1,1461.6,1461.6,0,0.3077,0.6,0.3077,,fits,,A,2126.1,3078.4,0.5129,0.9022,1,True,only_feasible,,0.2472,,
shallow-50x95,empty_nest.latino,staged_final,V0,1,1431.8,1431.8,0,0.3014,0.6,0.3014,,fits,,A,2164.4,3108.2,0.5024,0.9054,1,True,only_feasible,,0.2409,,
shallow-50x95,empty_nest.anglo,minimum,V0,1,1155.8,1155.8,0,0.2433,0.6,0.2433,,fits,,A,2518.3,3384.2,0.4055,0.9351,1,True,stair_independence,V1,0.1828,,
shallow-50x95,empty_nest.anglo,minimum,V1,2,1275.8,979.6,296.1,0.2686,0.6,0.2062,,fits,,A,2744.1,3560.4,0.4476,0.856,2,False,,,0.2081,,
shallow-50x95,empty_nest.anglo,optimum,V0,1,1558.2,1558.2,0,0.3281,0.6,0.3281,,fits,,A,2002.2,2981.8,0.5468,0.8919,1,True,only_feasible,,0.2675,,
shallow-50x95,empty_nest.anglo,maximum,V0,1,2277.0,2277.0,0,0.4794,0.6,0.4794,,fits,,A,1080.8,2113.0,0.7989,0.7913,1,True,upper_efficiency,V1,0.3777,,
shallow-50x95,empty_nest.anglo,maximum,V1,2,2397.0,2126.2,270.8,0.5046,0.6,0.4476,,fits,,A,1274.1,2263.8,0.8411,0.7698,2,False,,,0.4029,,V2
shallow-50x95,empty_nest.anglo,maximum,V4,2,2397.0,2192.4,204.6,0.5046,0.6,0.4616,,fits,,A,1189.2,2197.6,0.8411,0.7482,3,False,,,0.4029,,
shallow-50x95,empty_nest.anglo,accessible,V0,1,1588.1,1588.1,0,0.3343,0.6,0.3343,,fits,,A,2109.3,2951.9,0.5572,0.8884,1,True,only_feasible,,0.2738,,
shallow-50x95,empty_nest.anglo,staged_final,V0,1,1558.2,1558.2,0,0.3281,0.6,0.3281,,fits,,A,2002.2,2981.8,0.5468,0.8919,1,True,only_feasible,,0.2675,,
shallow-50x95,remote_work.none,minimum,V0,1,1282.2,1282.2,0,0.2699,0.6,0.2699,,fits,,A,2356.1,3257.8,0.4499,0.906,1,True,stair_independence,V1,0.2094,,
shallow-50x95,remote_work.none,minimum,V1,2,1402.2,990.9,411.4,0.2952,0.6,0.2086,,fits,,A,2729.7,3549.1,0.492,0.8811,2,False,,,0.2347,,
shallow-50x95,remote_work.none,minimum,V2,2,1402.2,1151.1,251.1,0.2952,0.6,0.2423,,fits,,A,2524.2,3388.9,0.492,0.8653,3,False,,,0.2347,,
shallow-50x95,remote_work.none,minimum,V4,2,1402.2,1206.6,195.6,0.2952,0.6,0.254,,fits,,A,2453.0,3333.4,0.492,0.8468,4,False,,,0.2347,,
shallow-50x95,remote_work.none,optimum,V0,1,1656.0,1656.0,0,0.3486,0.6,0.3486,,fits,,A,2028.6,2884.0,0.5811,0.8573,2,False,,,0.2881,,
shallow-50x95,remote_work.none,optimum,V1,2,1776.0,1103.3,672.7,0.3739,0.6,0.2323,,fits,,A,2585.5,3436.7,0.6232,0.8423,4,False,,,0.3134,,
shallow-50x95,remote_work.none,optimum,V2,2,1776.0,1394.5,381.5,0.3739,0.6,0.2936,,fits,,A,2212.2,3145.5,0.6232,0.8646,1,True,open_area,V0,0.3134,,
shallow-50x95,remote_work.none,optimum,V4,2,1776.0,1449.1,326.9,0.3739,0.6,0.3051,,fits,,A,2142.2,3090.9,0.6232,0.8503,3,False,,,0.3134,,
shallow-50x95,remote_work.none,maximum,V0,1,2208.0,2208.0,0,0.4648,0.6,0.4648,,fits,,A,1169.2,2332.0,0.7747,0.7853,4,False,,,0.4043,,
shallow-50x95,remote_work.none,maximum,V1,2,2328.0,1236.4,1091.6,0.4901,0.6,0.2603,,fits,,A,2414.9,3303.6,0.8168,0.792,3,False,,,0.4296,,
shallow-50x95,remote_work.none,maximum,V2,2,2328.0,1743.1,584.9,0.4901,0.6,0.367,,fits,,A,1765.2,2796.9,0.8168,0.8049,1,True,open_area,V4,0.4296,,
shallow-50x95,remote_work.none,maximum,V4,2,2328.0,1809.5,518.5,0.4901,0.6,0.3809,,fits,,A,1680.1,2730.5,0.8168,0.8009,2,False,,,0.4296,,
shallow-50x95,remote_work.none,accessible,V0,1,1685.9,1685.9,0,0.3549,0.6,0.3549,,fits,,A,1838.6,2854.1,0.5915,0.8534,1,True,upper_efficiency,V1,0.2944,,
shallow-50x95,remote_work.none,accessible,V1,2,1805.9,1479.3,326.6,0.3802,0.6,0.3114,,fits,,A,2103.5,3060.7,0.6336,0.8463,2,False,,,0.3197,,"V2,V4"
shallow-50x95,remote_work.none,staged_final,V0,1,1656.0,1656.0,0,0.3486,0.6,0.3486,,fits,,A,2028.6,2884.0,0.5811,0.8573,2,False,,,0.2881,,
shallow-50x95,remote_work.none,staged_final,V1,2,1776.0,1103.3,672.7,0.3739,0.6,0.2323,,fits,,A,2585.5,3436.7,0.6232,0.8423,4,False,,,0.3134,,
shallow-50x95,remote_work.none,staged_final,V2,2,1776.0,1394.5,381.5,0.3739,0.6,0.2936,,fits,,A,2212.2,3145.5,0.6232,0.8646,1,True,open_area,V0,0.3134,,
shallow-50x95,remote_work.none,staged_final,V4,2,1776.0,1449.1,326.9,0.3739,0.6,0.3051,,fits,,A,2142.2,3090.9,0.6232,0.8503,3,False,,,0.3134,,
shallow-50x95,remote_work.latino,minimum,V0,1,1282.2,1282.2,0,0.2699,0.6,0.2699,,fits,,A,2356.1,3257.8,0.4499,0.906,1,True,stair_independence,V1,0.2094,,
shallow-50x95,remote_work.latino,minimum,V1,2,1402.2,990.9,411.4,0.2952,0.6,0.2086,,fits,,A,2729.7,3549.1,0.492,0.8811,2,False,,,0.2347,,
shallow-50x95,remote_work.latino,minimum,V2,2,1402.2,1151.1,251.1,0.2952,0.6,0.2423,,fits,,A,2524.2,3388.9,0.492,0.8653,3,False,,,0.2347,,
shallow-50x95,remote_work.latino,minimum,V4,2,1402.2,1206.6,195.6,0.2952,0.6,0.254,,fits,,A,2453.0,3333.4,0.492,0.8468,4,False,,,0.2347,,
shallow-50x95,remote_work.latino,optimum,V0,1,1656.0,1656.0,0,0.3486,0.6,0.3486,,fits,,A,2028.6,2884.0,0.5811,0.8573,2,False,,,0.2881,,
shallow-50x95,remote_work.latino,optimum,V1,2,1776.0,1103.3,672.7,0.3739,0.6,0.2323,,fits,,A,2585.5,3436.7,0.6232,0.8423,4,False,,,0.3134,,
shallow-50x95,remote_work.latino,optimum,V2,2,1776.0,1394.5,381.5,0.3739,0.6,0.2936,,fits,,A,2212.2,3145.5,0.6232,0.8646,1,True,open_area,V0,0.3134,,
shallow-50x95,remote_work.latino,optimum,V4,2,1776.0,1449.1,326.9,0.3739,0.6,0.3051,,fits,,A,2142.2,3090.9,0.6232,0.8503,3,False,,,0.3134,,
shallow-50x95,remote_work.latino,maximum,V0,1,2432.2,2432.2,0,0.5121,0.6,0.5121,,fits_small_garden,,A,881.7,2107.8,0.8534,0.7561,4,False,,,0.4515,,
shallow-50x95,remote_work.latino,maximum,V1,2,2552.2,1465.3,1086.9,0.5373,0.6,0.3085,,fits,,A,2121.4,3074.7,0.8955,0.7698,3,False,,,0.4768,,
shallow-50x95,remote_work.latino,maximum,V2,2,2552.2,1969.8,582.5,0.5373,0.6,0.4147,,fits,,A,1474.7,2570.2,0.8955,0.7755,1,True,open_area,V4,0.4768,,
shallow-50x95,remote_work.latino,maximum,V4,2,2552.2,2035.8,516.4,0.5373,0.6,0.4286,,fits,,A,1390.0,2504.2,0.8955,0.7715,2,False,,,0.4768,,
shallow-50x95,remote_work.latino,accessible,V0,1,1685.9,1685.9,0,0.3549,0.6,0.3549,,fits,,A,1838.6,2854.1,0.5915,0.8534,1,True,upper_efficiency,V1,0.2944,,
shallow-50x95,remote_work.latino,accessible,V1,2,1805.9,1479.3,326.6,0.3802,0.6,0.3114,,fits,,A,2103.5,3060.7,0.6336,0.8463,2,False,,,0.3197,,"V2,V4"
shallow-50x95,remote_work.latino,staged_final,V0,1,1656.0,1656.0,0,0.3486,0.6,0.3486,,fits,,A,2028.6,2884.0,0.5811,0.8573,2,False,,,0.2881,,
shallow-50x95,remote_work.latino,staged_final,V1,2,1776.0,1103.3,672.7,0.3739,0.6,0.2323,,fits,,A,2585.5,3436.7,0.6232,0.8423,4,False,,,0.3134,,
shallow-50x95,remote_work.latino,staged_final,V2,2,1776.0,1394.5,381.5,0.3739,0.6,0.2936,,fits,,A,2212.2,3145.5,0.6232,0.8646,1,True,open_area,V0,0.3134,,
shallow-50x95,remote_work.latino,staged_final,V4,2,1776.0,1449.1,326.9,0.3739,0.6,0.3051,,fits,,A,2142.2,3090.9,0.6232,0.8503,3,False,,,0.3134,,
shallow-50x95,remote_work.anglo,minimum,V0,1,1282.2,1282.2,0,0.2699,0.6,0.2699,,fits,,A,2356.1,3257.8,0.4499,0.9095,1,True,stair_independence,V1,0.2094,,
shallow-50x95,remote_work.anglo,minimum,V1,2,1402.2,972.4,429.9,0.2952,0.6,0.2047,,fits,,A,2753.4,3567.6,0.492,0.8843,2,False,,,0.2347,,
shallow-50x95,remote_work.anglo,minimum,V2,2,1402.2,1151.1,251.1,0.2952,0.6,0.2423,,fits,,A,2524.2,3388.9,0.492,0.8717,3,False,,,0.2347,,
shallow-50x95,remote_work.anglo,minimum,V4,2,1402.2,1206.6,195.6,0.2952,0.6,0.254,,fits,,A,2453.0,3333.4,0.492,0.8541,4,False,,,0.2347,,
shallow-50x95,remote_work.anglo,optimum,V0,1,1736.5,1736.5,0,0.3656,0.6,0.3656,,fits,,A,1773.7,2803.5,0.6093,0.8466,2,False,,,0.3051,,
shallow-50x95,remote_work.anglo,optimum,V1,2,1856.5,1167.2,689.3,0.3908,0.6,0.2457,,fits,,A,2503.5,3372.8,0.6514,0.8423,4,False,,,0.3303,,
shallow-50x95,remote_work.anglo,optimum,V2,2,1856.5,1475.8,380.7,0.3908,0.6,0.3107,,fits,,A,2107.9,3064.2,0.6514,0.8572,1,True,open_area,V0,0.3303,,
shallow-50x95,remote_work.anglo,optimum,V4,2,1856.5,1530.3,326.2,0.3908,0.6,0.3222,,fits,,A,2038.1,3009.7,0.6514,0.8426,3,False,,,0.3303,,
shallow-50x95,remote_work.anglo,maximum,V0,1,2317.2,2317.2,0,0.4878,0.6,0.4878,,fits,,A,1029.2,2222.8,0.8131,0.7662,4,False,,,0.4273,,
shallow-50x95,remote_work.anglo,maximum,V1,2,2437.2,1324.0,1113.3,0.5131,0.6,0.2787,,fits,,A,2302.6,3216.0,0.8552,0.7868,2,False,,,0.4526,,
shallow-50x95,remote_work.anglo,maximum,V2,2,2437.2,1853.6,583.6,0.5131,0.6,0.3902,,fits,,A,1623.6,2686.4,0.8552,0.7914,1,True,stair_independence,V1,0.4526,,
shallow-50x95,remote_work.anglo,maximum,V4,2,2437.2,1919.8,517.4,0.5131,0.6,0.4042,,fits,,A,1538.7,2620.2,0.8552,0.7866,3,False,,,0.4526,,
shallow-50x95,remote_work.anglo,accessible,V0,1,1766.4,1766.4,0,0.3719,0.6,0.3719,,fits,,A,1735.4,2773.6,0.6198,0.8425,1,True,upper_efficiency,V1,0.3113,,
shallow-50x95,remote_work.anglo,accessible,V1,2,1886.4,1560.4,326.0,0.3971,0.6,0.3285,,fits,,A,2142.4,2979.6,0.6619,0.8384,2,False,,,0.3366,,"V2,V4"
shallow-50x95,remote_work.anglo,staged_final,V0,1,1736.5,1736.5,0,0.3656,0.6,0.3656,,fits,,A,1773.7,2803.5,0.6093,0.8466,2,False,,,0.3051,,
shallow-50x95,remote_work.anglo,staged_final,V1,2,1856.5,1167.2,689.3,0.3908,0.6,0.2457,,fits,,A,2503.5,3372.8,0.6514,0.8423,4,False,,,0.3303,,
shallow-50x95,remote_work.anglo,staged_final,V2,2,1856.5,1475.8,380.7,0.3908,0.6,0.3107,,fits,,A,2107.9,3064.2,0.6514,0.8572,1,True,open_area,V0,0.3303,,
shallow-50x95,remote_work.anglo,staged_final,V4,2,1856.5,1530.3,326.2,0.3908,0.6,0.3222,,fits,,A,2038.1,3009.7,0.6514,0.8426,3,False,,,0.3303,,
shallow-50x95,shared_adults.none,minimum,V0,1,1506.5,1506.5,0,0.3172,0.6,0.3172,,fits,,A,2068.6,3033.5,0.5286,0.797,2,False,,,0.2566,,
shallow-50x95,shared_adults.none,minimum,V1,2,1626.5,981.0,645.5,0.3424,0.6,0.2065,,fits,,A,2742.3,3559.0,0.5707,0.8962,1,True,separation,V0,0.2819,,
shallow-50x95,shared_adults.none,optimum,V0,1,1736.5,1736.5,0,0.3656,0.6,0.3656,,fits,,A,1773.7,2803.5,0.6093,0.7698,2,False,,,0.3051,,
shallow-50x95,shared_adults.none,optimum,V1,2,1856.5,1161.2,695.3,0.3908,0.6,0.2445,,fits,,A,2511.3,3378.8,0.6514,0.8816,1,True,separation,V0,0.3303,,
shallow-50x95,shared_adults.none,maximum,V0,1,2420.8,2420.8,0,0.5096,0.6,0.5096,,fits_small_garden,,A,896.5,1969.2,0.8494,0.6714,2,False,,,0.4079,,
shallow-50x95,shared_adults.none,maximum,V1,2,2540.7,1597.7,943.0,0.5349,0.6,0.3364,,fits,,A,2097.9,2792.3,0.8915,0.7997,1,True,separation,V0,0.4332,,
shallow-50x95,shared_adults.none,maximum,V4,2,2540.8,2336.6,204.2,0.5349,0.6,0.4919,,fits,,A,1004.4,2053.4,0.8915,0.6212,3,False,,,0.4332,,
shallow-50x95,shared_adults.none,accessible,V0,1,1766.4,1766.4,0,0.3719,0.6,0.3719,,fits,,A,1735.4,2773.6,0.6198,0.7663,2,False,,,0.3113,,
shallow-50x95,shared_adults.none,accessible,V1,2,1886.4,1403.2,483.2,0.3971,0.6,0.2954,,fits,,A,2201.0,3136.8,0.6619,0.8371,1,True,separation,V0,0.3366,,
shallow-50x95,shared_adults.none,staged_final,V0,1,1736.5,1736.5,0,0.3656,0.6,0.3656,,fits,,A,1773.7,2803.5,0.6093,0.7698,2,False,,,0.3051,,
shallow-50x95,shared_adults.none,staged_final,V1,2,1856.5,1161.2,695.3,0.3908,0.6,0.2445,,fits,,A,2511.3,3378.8,0.6514,0.8816,1,True,separation,V0,0.3303,,
shallow-50x95,shared_adults.latino,minimum,V0,1,1506.5,1506.5,0,0.3172,0.6,0.3172,,fits,,A,2068.6,3033.5,0.5286,0.797,2,False,,,0.2566,,
shallow-50x95,shared_adults.latino,minimum,V1,2,1626.5,981.0,645.5,0.3424,0.6,0.2065,,fits,,A,2742.3,3559.0,0.5707,0.8962,1,True,separation,V0,0.2819,,
shallow-50x95,shared_adults.latino,optimum,V0,1,1736.5,1736.5,0,0.3656,0.6,0.3656,,fits,,A,1773.7,2803.5,0.6093,0.7698,2,False,,,0.3051,,
shallow-50x95,shared_adults.latino,optimum,V1,2,1856.5,1161.2,695.3,0.3908,0.6,0.2445,,fits,,A,2511.3,3378.8,0.6514,0.8816,1,True,separation,V0,0.3303,,
shallow-50x95,shared_adults.latino,maximum,V0,1,2472.5,2472.5,0,0.5205,0.6,0.5205,,fits_small_garden,,A,830.1,1917.5,0.8675,0.6653,2,False,,,0.4188,,
shallow-50x95,shared_adults.latino,maximum,V1,2,2592.5,1650.3,942.2,0.5458,0.6,0.3474,,fits,,A,2035.3,2739.7,0.9096,0.7935,1,True,separation,V0,0.4441,,
shallow-50x95,shared_adults.latino,maximum,V4,2,2592.5,2388.5,204.0,0.5458,0.6,0.5028,,fits_small_garden,,A,937.9,2001.5,0.9096,0.615,3,False,,,0.4441,,
shallow-50x95,shared_adults.latino,accessible,V0,1,1766.4,1766.4,0,0.3719,0.6,0.3719,,fits,,A,1735.4,2773.6,0.6198,0.7663,2,False,,,0.3113,,
shallow-50x95,shared_adults.latino,accessible,V1,2,1886.4,1403.2,483.2,0.3971,0.6,0.2954,,fits,,A,2201.0,3136.8,0.6619,0.8371,1,True,separation,V0,0.3366,,
shallow-50x95,shared_adults.latino,staged_final,V0,1,1736.5,1736.5,0,0.3656,0.6,0.3656,,fits,,A,1773.7,2803.5,0.6093,0.7698,2,False,,,0.3051,,
shallow-50x95,shared_adults.latino,staged_final,V1,2,1856.5,1161.2,695.3,0.3908,0.6,0.2445,,fits,,A,2511.3,3378.8,0.6514,0.8816,1,True,separation,V0,0.3303,,
shallow-50x95,shared_adults.anglo,minimum,V0,1,1506.5,1506.5,0,0.3172,0.6,0.3172,,fits,,A,2068.6,3033.5,0.5286,0.8021,2,False,,,0.2566,,
shallow-50x95,shared_adults.anglo,minimum,V1,2,1626.5,962.7,663.8,0.3424,0.6,0.2027,,fits,,A,2765.8,3577.3,0.5707,0.8979,1,True,separation,V0,0.2819,,
shallow-50x95,shared_adults.anglo,optimum,V0,1,1863.0,1863.0,0,0.3922,0.6,0.3922,,fits,,A,1611.5,2677.0,0.6537,0.757,2,False,,,0.3317,,
shallow-50x95,shared_adults.anglo,optimum,V1,2,1983.0,1223.6,759.4,0.4175,0.6,0.2576,,fits,,A,2431.3,3316.4,0.6958,0.8722,1,True,separation,V0,0.3569,,
shallow-50x95,shared_adults.anglo,maximum,V0,1,2472.5,2472.5,0,0.5205,0.6,0.5205,,fits_small_garden,,A,830.1,1917.5,0.8675,0.6614,2,False,,,0.4188,,
shallow-50x95,shared_adults.anglo,maximum,V1,2,2592.5,1566.3,1026.2,0.5458,0.6,0.3297,,fits,,A,2135.4,2823.7,0.9096,0.7936,1,True,separation,V0,0.4441,,
shallow-50x95,shared_adults.anglo,maximum,V4,2,2592.5,2388.5,204.0,0.5458,0.6,0.5028,,fits_small_garden,,A,937.9,2001.5,0.9096,0.6144,3,False,,,0.4441,,
shallow-50x95,shared_adults.anglo,accessible,V0,1,1892.9,1892.9,0,0.3985,0.6,0.3985,,fits,,A,1573.2,2647.1,0.6642,0.7532,2,False,,,0.338,,
shallow-50x95,shared_adults.anglo,accessible,V1,2,2012.9,1464.9,548.0,0.4238,0.6,0.3084,,fits,,A,2121.9,3075.1,0.7063,0.8237,1,True,separation,V0,0.3632,,
shallow-50x95,shared_adults.anglo,staged_final,V0,1,1863.0,1863.0,0,0.3922,0.6,0.3922,,fits,,A,1611.5,2677.0,0.6537,0.757,2,False,,,0.3317,,
shallow-50x95,shared_adults.anglo,staged_final,V1,2,1983.0,1223.6,759.4,0.4175,0.6,0.2576,,fits,,A,2431.3,3316.4,0.6958,0.8722,1,True,separation,V0,0.3569,,
narrow-40x125,young_couple.none,minimum,V0,1,1282.2,1282.2,0,0.2565,0.6,0.2565,,fits,,A,2678.9,3507.8,0.4274,0.9229,1,True,stair_independence,V1,0.1989,,
narrow-40x125,young_couple.none,minimum,V1,2,1402.2,990.9,411.4,0.2804,0.6,0.1982,,fits,,A,3070.0,3799.1,0.4674,0.8992,2,False,,,0.223,,
narrow-40x125,young_couple.none,minimum,V2,2,1402.2,1151.1,251.1,0.2804,0.6,0.2302,,fits,,A,2854.8,3638.9,0.4674,0.886,3,False,,,0.223,,
narrow-40x125,young_couple.none,minimum,V4,2,1402.2,1206.6,195.6,0.2804,0.6,0.2413,,fits,,A,2780.4,3583.4,0.4674,0.8706,4,False,,,0.223,,
narrow-40x125,young_couple.none,optimum,V0,1,1604.2,1604.2,0,0.3208,0.6,0.3208,,fits,,A,2246.6,3185.8,0.5347,0.8901,1,True,stair_independence,V1,0.2633,,
narrow-40x125,young_couple.none,optimum,V1,2,1724.2,1184.2,540.1,0.3448,0.6,0.2368,,fits,,A,2810.5,3605.8,0.5747,0.8732,2,False,,,0.2873,,
narrow-40x125,young_couple.none,optimum,V2,2,1724.2,1475.9,248.4,0.3448,0.6,0.2952,,fits,,A,2419.0,3314.1,0.5747,0.8585,3,False,,,0.2873,,
narrow-40x125,young_couple.none,optimum,V4,2,1724.2,1530.6,193.7,0.3448,0.6,0.3061,,fits,,A,2345.6,3259.4,0.5747,0.8407,4,False,,,0.2873,,
narrow-40x125,young_couple.none,maximum,V0,1,2334.5,2334.5,0,0.4669,0.6,0.4669,,fits,,A,1266.4,2306.7,0.7782,0.7701,3,False,,,0.3703,,
narrow-40x125,young_couple.none,maximum,V1,2,2454.5,1522.1,932.4,0.4909,0.6,0.3044,,fits,,A,2357.0,3119.1,0.8182,0.7685,4,False,,,0.3943,,
narrow-40x125,young_couple.none,maximum,V2,2,2454.5,2027.5,427.0,0.4909,0.6,0.4055,,fits,,A,1678.6,2613.7,0.8182,0.7781,1,True,open_area,V4,0.3943,,
narrow-40x125,young_couple.none,maximum,V4,2,2454.5,2093.7,360.8,0.4909,0.6,0.4187,,fits,,A,1589.7,2547.5,0.8182,0.7749,2,False,,,0.3943,,
narrow-40x125,young_couple.none,accessible,V0,1,1634.1,1634.1,0,0.3268,0.6,0.3268,,fits,,A,2206.5,3155.9,0.5447,0.887,1,True,upper_efficiency,V1,0.2693,,
narrow-40x125,young_couple.none,accessible,V1,2,1754.1,1560.6,193.5,0.3508,0.6,0.3121,,fits,,A,2305.2,3229.4,0.5847,0.8376,2,False,,,0.2933,,"V2,V4"
narrow-40x125,young_couple.none,staged_final,V0,1,1782.5,1782.5,0,0.3565,0.6,0.3565,,fits,,A,2007.4,3007.5,0.5942,0.8717,2,False,,,0.299,,
narrow-40x125,young_couple.none,staged_final,V1,2,1902.5,1208.1,694.4,0.3805,0.6,0.2416,,fits,,A,2778.5,3581.9,0.6342,0.8641,3,False,,,0.323,,
narrow-40x125,young_couple.none,staged_final,V2,2,1902.5,1498.1,404.4,0.3805,0.6,0.2996,,fits,,A,2389.1,3291.9,0.6342,0.8786,1,True,open_area,V0,0.323,,
narrow-40x125,young_couple.none,staged_final,V4,2,1902.5,1709.6,192.9,0.3805,0.6,0.3419,,fits,,A,2105.3,3080.4,0.6342,0.8221,4,False,,,0.323,,
narrow-40x125,young_couple.latino,minimum,V0,1,1282.2,1282.2,0,0.2565,0.6,0.2565,,fits,,A,2678.9,3507.8,0.4274,0.9229,1,True,stair_independence,V1,0.1989,,
narrow-40x125,young_couple.latino,minimum,V1,2,1402.2,990.9,411.4,0.2804,0.6,0.1982,,fits,,A,3070.0,3799.1,0.4674,0.8992,2,False,,,0.223,,
narrow-40x125,young_couple.latino,minimum,V2,2,1402.2,1151.1,251.1,0.2804,0.6,0.2302,,fits,,A,2854.8,3638.9,0.4674,0.886,3,False,,,0.223,,
narrow-40x125,young_couple.latino,minimum,V4,2,1402.2,1206.6,195.6,0.2804,0.6,0.2413,,fits,,A,2780.4,3583.4,0.4674,0.8706,4,False,,,0.223,,
narrow-40x125,young_couple.latino,optimum,V0,1,1604.2,1604.2,0,0.3208,0.6,0.3208,,fits,,A,2246.6,3185.8,0.5347,0.8901,1,True,stair_independence,V1,0.2633,,
narrow-40x125,young_couple.latino,optimum,V1,2,1724.2,1184.2,540.1,0.3448,0.6,0.2368,,fits,,A,2810.5,3605.8,0.5747,0.8732,2,False,,,0.2873,,
narrow-40x125,young_couple.latino,optimum,V2,2,1724.2,1475.9,248.4,0.3448,0.6,0.2952,,fits,,A,2419.0,3314.1,0.5747,0.8585,3,False,,,0.2873,,
narrow-40x125,young_couple.latino,optimum,V4,2,1724.2,1530.6,193.7,0.3448,0.6,0.3061,,fits,,A,2345.6,3259.4,0.5747,0.8407,4,False,,,0.2873,,
narrow-40x125,young_couple.latino,maximum,V0,1,2386.2,2386.2,0,0.4773,0.6,0.4773,,fits,,A,1197.0,2254.9,0.7954,0.7648,3,False,,,0.3806,,
narrow-40x125,young_couple.latino,maximum,V1,2,2506.2,1574.7,931.6,0.5012,0.6,0.3149,,fits,,A,2286.3,3066.5,0.8354,0.7645,4,False,,,0.4046,,
narrow-40x125,young_couple.latino,maximum,V2,2,2506.2,2079.6,426.7,0.5012,0.6,0.4159,,fits,,A,1608.6,2561.6,0.8354,0.7727,1,True,open_area,V4,0.4047,,
narrow-40x125,young_couple.latino,maximum,V4,2,2506.2,2145.7,360.5,0.5012,0.6,0.4291,,fits,,A,1519.8,2495.5,0.8354,0.7696,2,False,,,0.4046,,
narrow-40x125,young_couple.latino,accessible,V0,1,1634.1,1634.1,0,0.3268,0.6,0.3268,,fits,,A,2206.5,3155.9,0.5447,0.887,1,True,upper_efficiency,V1,0.2693,,
narrow-40x125,young_couple.latino,accessible,V1,2,1754.1,1560.6,193.5,0.3508,0.6,0.3121,,fits,,A,2305.2,3229.4,0.5847,0.8376,2,False,,,0.2933,,"V2,V4"
narrow-40x125,young_couple.latino,staged_final,V0,1,1782.5,1782.5,0,0.3565,0.6,0.3565,,fits,,A,2007.4,3007.5,0.5942,0.8717,2,False,,,0.299,,
narrow-40x125,young_couple.latino,staged_final,V1,2,1902.5,1208.1,694.4,0.3805,0.6,0.2416,,fits,,A,2778.5,3581.9,0.6342,0.8641,3,False,,,0.323,,
narrow-40x125,young_couple.latino,staged_final,V2,2,1902.5,1498.1,404.4,0.3805,0.6,0.2996,,fits,,A,2389.1,3291.9,0.6342,0.8786,1,True,open_area,V0,0.323,,
narrow-40x125,young_couple.latino,staged_final,V4,2,1902.5,1709.6,192.9,0.3805,0.6,0.3419,,fits,,A,2105.3,3080.4,0.6342,0.8221,4,False,,,0.323,,
narrow-40x125,young_couple.anglo,minimum,V0,1,1282.2,1282.2,0,0.2565,0.6,0.2565,,fits,,A,2678.9,3507.8,0.4274,0.926,1,True,stair_independence,V1,0.1989,,
narrow-40x125,young_couple.anglo,minimum,V1,2,1402.2,972.4,429.9,0.2804,0.6,0.1945,,fits,,A,3094.8,3817.6,0.4674,0.9012,2,False,,,0.223,,
narrow-40x125,young_couple.anglo,minimum,V2,2,1402.2,1151.1,251.1,0.2804,0.6,0.2302,,fits,,A,2854.8,3638.9,0.4674,0.8906,3,False,,,0.223,,
narrow-40x125,young_couple.anglo,minimum,V4,2,1402.2,1206.6,195.6,0.2804,0.6,0.2413,,fits,,A,2780.4,3583.4,0.4674,0.8758,4,False,,,0.223,,
narrow-40x125,young_couple.anglo,optimum,V0,1,1684.7,1684.7,0,0.3369,0.6,0.3369,,fits,,A,2138.6,3105.2,0.5616,0.882,1,True,stair_independence,V1,0.2794,,
narrow-40x125,young_couple.anglo,optimum,V1,2,1804.7,1247.8,556.9,0.3609,0.6,0.2496,,fits,,A,2725.1,3542.2,0.6016,0.8724,2,False,,,0.3034,,
narrow-40x125,young_couple.anglo,optimum,V2,2,1804.8,1556.9,247.9,0.3609,0.6,0.3114,,fits,,A,2310.2,3233.1,0.6016,0.853,3,False,,,0.3034,,
narrow-40x125,young_couple.anglo,optimum,V4,2,1804.7,1611.4,193.3,0.3609,0.6,0.3223,,fits,,A,2237.0,3178.6,0.6016,0.8353,4,False,,,0.3034,,
narrow-40x125,young_couple.anglo,maximum,V0,1,2426.5,2426.5,0,0.4853,0.6,0.4853,,fits,,A,1143.0,2214.7,0.8088,0.7555,4,False,,,0.3887,,
narrow-40x125,young_couple.anglo,maximum,V1,2,2546.5,1591.6,954.9,0.5093,0.6,0.3183,,fits,,A,2263.7,3049.6,0.8488,0.763,2,False,,,0.4127,,
narrow-40x125,young_couple.anglo,maximum,V2,2,2546.5,2120.1,426.4,0.5093,0.6,0.424,,fits,,A,1554.2,2521.1,0.8488,0.7666,1,True,stair_independence,V1,0.4127,,
narrow-40x125,young_couple.anglo,maximum,V4,2,2546.5,2186.2,360.3,0.5093,0.6,0.4372,,fits,,A,1465.5,2455.0,0.8488,0.7629,3,False,,,0.4127,,
narrow-40x125,young_couple.anglo,accessible,V0,1,1714.6,1714.6,0,0.3429,0.6,0.3429,,fits,,A,2098.5,3075.4,0.5716,0.8787,1,True,upper_efficiency,V1,0.2854,,
narrow-40x125,young_couple.anglo,accessible,V1,2,1834.6,1641.4,193.2,0.3669,0.6,0.3283,,fits,,A,2196.7,3148.6,0.6115,0.832,2,False,,,0.3094,,"V2,V4"
narrow-40x125,young_couple.anglo,staged_final,V0,1,1782.5,1782.5,0,0.3565,0.6,0.3565,,fits,,A,2007.4,3007.5,0.5942,0.8712,2,False,,,0.299,,
narrow-40x125,young_couple.anglo,staged_final,V1,2,1902.5,1226.2,676.3,0.3805,0.6,0.2452,,fits,,A,2754.1,3563.8,0.6342,0.8706,3,False,,,0.323,,
narrow-40x125,young_couple.anglo,staged_final,V2,2,1902.5,1498.1,404.4,0.3805,0.6,0.2996,,fits,,A,2389.1,3291.9,0.6342,0.881,1,True,open_area,V0,0.323,,
narrow-40x125,young_couple.anglo,staged_final,V4,2,1902.5,1709.6,192.9,0.3805,0.6,0.3419,,fits,,A,2105.3,3080.4,0.6342,0.8244,4,False,,,0.323,,
narrow-40x125,early_childhood.none,minimum,V0,1,1305.2,1305.2,0,0.2611,0.6,0.2611,,fits,,A,2648.0,3484.8,0.4351,0.9239,1,True,stair_independence,V1,0.2036,,
narrow-40x125,early_childhood.none,minimum,V1,2,1425.2,989.7,435.6,0.285,0.6,0.1979,,fits,,A,3071.6,3800.3,0.4751,0.902,2,False,,,0.2275,,
narrow-40x125,early_childhood.none,minimum,V2,2,1425.2,1149.8,275.5,0.2851,0.6,0.23,,fits,,A,2856.7,3640.2,0.4751,0.5759,3,False,,,0.2276,,
narrow-40x125,early_childhood.none,optimum,V0,1,1610.0,1610.0,0,0.322,0.6,0.322,,fits,,A,2238.9,3180.0,0.5367,0.8902,1,True,stair_independence,V1,0.2645,,
narrow-40x125,early_childhood.none,optimum,V1,2,1730.0,1165.7,564.3,0.346,0.6,0.2331,,fits,,A,2835.3,3624.3,0.5767,0.8787,2,False,,,0.2885,,
narrow-40x125,early_childhood.none,optimum,V2,2,1730.0,1457.4,272.6,0.346,0.6,0.2915,,fits,,A,2443.8,3332.6,0.5767,0.5493,3,False,,,0.2885,,
narrow-40x125,early_childhood.none,maximum,V0,1,2829.0,2829.0,0,0.5658,0.6,0.5658,,fits_small_garden,,A,602.7,1812.2,0.943,0.7111,2,False,,,0.4692,,
narrow-40x125,early_childhood.none,maximum,V1,2,2949.0,1999.7,949.3,0.5898,0.6,0.3999,,fits,,A,2019.4,2640.3,0.983,0.7275,1,True,open_area,V0,0.4932,,
narrow-40x125,early_childhood.none,maximum,V2,2,2949.0,2501.1,447.9,0.5898,0.6,0.5002,,fits,,A,1042.9,2140.1,0.983,0.4034,4,False,,,0.4932,,
narrow-40x125,early_childhood.none,maximum,V4,2,2949.0,2745.8,203.2,0.5898,0.6,0.5492,,fits_small_garden,,A,714.4,1895.4,0.983,0.6676,3,False,,,0.4932,,
narrow-40x125,early_childhood.none,accessible,V0,1,1639.9,1639.9,0,0.328,0.6,0.328,,fits,,A,2198.8,3150.1,0.5466,0.8869,1,True,supervision,V1,0.2705,,
narrow-40x125,early_childhood.none,accessible,V1,2,1759.9,1542.1,217.8,0.352,0.6,0.3084,,fits,,A,2330.1,3247.9,0.5866,0.5282,2,False,,,0.2945,,V2
narrow-40x125,early_childhood.none,staged_final,V0,1,1656.0,1656.0,0,0.3312,0.6,0.3312,,fits,,A,2177.2,3134.0,0.552,0.8852,1,True,stair_independence,V1,0.2737,,
narrow-40x125,early_childhood.none,staged_final,V1,2,1776.0,1212.5,563.5,0.3552,0.6,0.2425,,fits,,A,2772.4,3577.5,0.592,0.8762,2,False,,,0.2977,,
narrow-40x125,early_childhood.none,staged_final,V2,2,1776.0,1503.7,272.3,0.3552,0.6,0.3007,,fits,,A,2381.6,3286.3,0.592,0.5441,3,False,,,0.2977,,
narrow-40x125,early_childhood.latino,minimum,V0,1,1305.2,1305.2,0,0.2611,0.6,0.2611,,fits,,A,2648.0,3484.8,0.4351,0.9239,1,True,stair_independence,V1,0.2036,,
narrow-40x125,early_childhood.latino,minimum,V1,2,1425.2,989.7,435.6,0.285,0.6,0.1979,,fits,,A,3071.6,3800.3,0.4751,0.902,2,False,,,0.2275,,
narrow-40x125,early_childhood.latino,minimum,V2,2,1425.2,1149.8,275.5,0.2851,0.6,0.23,,fits,,A,2856.7,3640.2,0.4751,0.5759,3,False,,,0.2276,,
narrow-40x125,early_childhood.latino,optimum,V0,1,1610.0,1610.0,0,0.322,0.6,0.322,,fits,,A,2238.9,3180.0,0.5367,0.8902,1,True,stair_independence,V1,0.2645,,
narrow-40x125,early_childhood.latino,optimum,V1,2,1730.0,1165.7,564.3,0.346,0.6,0.2331,,fits,,A,2835.3,3624.3,0.5767,0.8787,2,False,,,0.2885,,
narrow-40x125,early_childhood.latino,optimum,V2,2,1730.0,1457.4,272.6,0.346,0.6,0.2915,,fits,,A,2443.8,3332.6,0.5767,0.5493,3,False,,,0.2885,,
narrow-40x125,early_childhood.latino,maximum,V0,1,2880.8,2880.8,0,0.5762,0.6,0.5762,,fits_small_garden,,A,533.2,1760.5,0.9602,0.7054,2,False,,,0.4795,,
narrow-40x125,early_childhood.latino,maximum,V1,2,2655.8,1702.5,953.2,0.5312,0.6,0.3405,,fits,,A,2114.7,2938.7,0.8852,0.7546,1,True,open_area,V0,0.4345,,
narrow-40x125,early_childhood.latino,maximum,V2,2,2655.7,2206.1,449.7,0.5311,0.6,0.4412,,fits,,A,1438.8,2435.1,0.8852,0.4359,4,False,,,0.4345,,
narrow-40x125,early_childhood.latino,maximum,V4,2,2655.7,2451.9,203.9,0.5311,0.6,0.4904,,fits,,A,1108.9,2189.3,0.8852,0.7002,3,False,,,0.4345,,
narrow-40x125,early_childhood.latino,accessible,V0,1,1639.9,1639.9,0,0.328,0.6,0.328,,fits,,A,2198.8,3150.1,0.5466,0.8869,1,True,supervision,V1,0.2705,,
narrow-40x125,early_childhood.latino,accessible,V1,2,1759.9,1542.1,217.8,0.352,0.6,0.3084,,fits,,A,2330.1,3247.9,0.5866,0.5282,2,False,,,0.2945,,V2
narrow-40x125,early_childhood.latino,staged_final,V0,1,1610.0,1610.0,0,0.322,0.6,0.322,,fits,,A,2238.9,3180.0,0.5367,0.8902,1,True,stair_independence,V1,0.2645,,
narrow-40x125,early_childhood.latino,staged_final,V1,2,1730.0,1165.7,564.3,0.346,0.6,0.2331,,fits,,A,2835.3,3624.3,0.5767,0.8787,2,False,,,0.2885,,
narrow-40x125,early_childhood.latino,staged_final,V2,2,1730.0,1457.4,272.6,0.346,0.6,0.2915,,fits,,A,2443.8,3332.6,0.5767,0.5493,3,False,,,0.2885,,
narrow-40x125,early_childhood.anglo,minimum,V0,1,1305.2,1305.2,0,0.2611,0.6,0.2611,,fits,,A,2648.0,3484.8,0.4351,0.9239,1,True,stair_independence,V1,0.2036,,
narrow-40x125,early_childhood.anglo,minimum,V1,2,1425.2,971.2,454.0,0.2851,0.6,0.1942,,fits,,A,3096.4,3818.8,0.4751,0.8999,2,False,,,0.2276,,
narrow-40x125,early_childhood.anglo,minimum,V2,2,1425.2,1149.8,275.5,0.2851,0.6,0.23,,fits,,A,2856.7,3640.2,0.4751,0.5759,3,False,,,0.2276,,
narrow-40x125,early_childhood.anglo,optimum,V0,1,1736.5,1736.5,0,0.3473,0.6,0.3473,,fits,,A,2069.1,3053.5,0.5788,0.8763,1,True,stair_independence,V1,0.2898,,
narrow-40x125,early_childhood.anglo,optimum,V1,2,1856.5,1227.8,628.7,0.3713,0.6,0.2456,,fits,,A,2752.0,3562.2,0.6188,0.8679,2,False,,,0.3138,,
narrow-40x125,early_childhood.anglo,optimum,V2,2,1856.5,1584.7,271.8,0.3713,0.6,0.3169,,fits,,A,2272.8,3205.3,0.6188,0.535,3,False,,,0.3138,,
narrow-40x125,early_childhood.anglo,maximum,V0,1,2829.0,2829.0,0,0.5658,0.6,0.5658,,fits_small_garden,,A,602.7,1812.2,0.943,0.7111,2,False,,,0.4692,,
narrow-40x125,early_childhood.anglo,maximum,V1,2,2949.0,1916.2,1032.8,0.5898,0.6,0.3832,,fits,,A,2118.9,2723.8,0.983,0.7293,1,True,open_area,V0,0.4932,,
narrow-40x125,early_childhood.anglo,maximum,V2,2,2949.0,2501.1,447.9,0.5898,0.6,0.5002,,fits,,A,1042.9,2140.1,0.983,0.4034,4,False,,,0.4932,,
narrow-40x125,early_childhood.anglo,maximum,V4,2,2949.0,2745.8,203.2,0.5898,0.6,0.5492,,fits_small_garden,,A,714.4,1895.4,0.983,0.6676,3,False,,,0.4932,,
narrow-40x125,early_childhood.anglo,accessible,V0,1,1766.4,1766.4,0,0.3533,0.6,0.3533,,fits,,A,2029.0,3023.6,0.5888,0.873,1,True,supervision,V1,0.2958,,
narrow-40x125,early_childhood.anglo,accessible,V1,2,1886.4,1669.2,217.2,0.3773,0.6,0.3338,,fits,,A,2159.4,3120.8,0.6288,0.514,2,False,,,0.3198,,V2
narrow-40x125,early_childhood.anglo,staged_final,V0,1,1736.5,1736.5,0,0.3473,0.6,0.3473,,fits,,A,2069.1,3053.5,0.5788,0.8763,1,True,stair_independence,V1,0.2898,,
narrow-40x125,early_childhood.anglo,staged_final,V1,2,1856.5,1227.8,628.7,0.3713,0.6,0.2456,,fits,,A,2752.0,3562.2,0.6188,0.8679,2,False,,,0.3138,,
narrow-40x125,early_childhood.anglo,staged_final,V2,2,1856.5,1584.7,271.8,0.3713,0.6,0.3169,,fits,,A,2272.8,3205.3,0.6188,0.535,3,False,,,0.3138,,
narrow-40x125,teens_family.none,minimum,V0,1,1454.8,1454.8,0,0.2909,0.6,0.2909,,fits,,A,2447.3,3335.2,0.4849,0.7151,2,False,,,0.2334,,
narrow-40x125,teens_family.none,minimum,V1,2,1574.8,983.0,591.8,0.315,0.6,0.1966,,fits,,A,3080.6,3807.0,0.5249,0.6977,3,False,,,0.2575,,
narrow-40x125,teens_family.none,minimum,V2,2,1574.7,1141.9,432.9,0.3149,0.6,0.2284,,fits,,A,2867.3,3648.1,0.5249,0.8982,1,True,separation,V0,0.2574,,
narrow-40x125,teens_family.none,optimum,V0,1,1805.5,1805.5,0,0.3611,0.6,0.3611,,fits,,A,2250.6,2984.5,0.6018,0.6756,2,False,,,0.3036,,
narrow-40x125,teens_family.none,optimum,V1,2,1925.5,1207.3,718.2,0.3851,0.6,0.2415,,fits,,A,2779.5,3582.7,0.6418,0.6685,3,False,,,0.3276,,
narrow-40x125,teens_family.none,optimum,V2,2,1925.5,1497.2,428.3,0.3851,0.6,0.2994,,fits,,A,2390.4,3292.8,0.6418,0.8662,1,True,separation,V0,0.3276,,
narrow-40x125,teens_family.none,maximum,V0,1,2857.8,2857.8,0,0.5716,0.6,0.5716,,fits_small_garden,,A,564.1,1783.5,0.9526,0.5085,3,False,,,0.4749,,
narrow-40x125,teens_family.none,maximum,V1,2,2977.8,1861.8,1116.0,0.5956,0.6,0.3724,,fits,,A,2183.6,2778.2,0.9926,0.5228,2,False,,,0.499,,
narrow-40x125,teens_family.none,maximum,V2,2,2977.8,2362.9,614.8,0.5956,0.6,0.4726,,fits,,A,1228.3,2278.3,0.9926,0.7088,1,True,separation,V1,0.499,,
narrow-40x125,teens_family.none,maximum,V4,2,2977.7,2786.5,191.3,0.5955,0.6,0.5573,,fits_small_garden,,A,659.7,1854.7,0.9926,0.4538,4,False,,,0.4989,,
narrow-40x125,teens_family.none,accessible,V0,1,1835.4,1835.4,0,0.3671,0.6,0.3671,,fits,,A,2215.0,2954.6,0.6118,0.6722,2,False,,,0.3096,,
narrow-40x125,teens_family.none,accessible,V1,2,1955.4,1581.7,373.7,0.3911,0.6,0.3163,,fits,,A,2277.0,3208.3,0.6518,0.86,1,True,separation,V0,0.3336,,V2
narrow-40x125,teens_family.none,staged_final,V0,1,1656.0,1656.0,0,0.3312,0.6,0.3312,,fits,,A,2177.2,3134.0,0.552,0.6924,2,False,,,0.2737,,
narrow-40x125,teens_family.none,staged_final,V1,2,1776.0,1212.5,563.5,0.3552,0.6,0.2425,,fits,,A,2772.4,3577.5,0.592,0.6775,3,False,,,0.2977,,
narrow-40x125,teens_family.none,staged_final,V2,2,1776.0,1503.7,272.3,0.3552,0.6,0.3007,,fits,,A,2381.6,3286.3,0.592,0.8483,1,True,separation,V0,0.2977,,
narrow-40x125,teens_family.latino,minimum,V0,1,1454.8,1454.8,0,0.2909,0.6,0.2909,,fits,,A,2447.3,3335.2,0.4849,0.7151,2,False,,,0.2334,,
narrow-40x125,teens_family.latino,minimum,V1,2,1574.8,983.0,591.8,0.315,0.6,0.1966,,fits,,A,3080.6,3807.0,0.5249,0.6977,3,False,,,0.2575,,
narrow-40x125,teens_family.latino,minimum,V2,2,1574.7,1141.9,432.9,0.3149,0.6,0.2284,,fits,,A,2867.3,3648.1,0.5249,0.8982,1,True,separation,V0,0.2574,,
narrow-40x125,teens_family.latino,optimum,V0,1,1805.5,1805.5,0,0.3611,0.6,0.3611,,fits,,A,2250.6,2984.5,0.6018,0.6756,2,False,,,0.3036,,
narrow-40x125,teens_family.latino,optimum,V1,2,1925.5,1207.3,718.2,0.3851,0.6,0.2415,,fits,,A,2779.5,3582.7,0.6418,0.6685,3,False,,,0.3276,,
narrow-40x125,teens_family.latino,optimum,V2,2,1925.5,1497.2,428.3,0.3851,0.6,0.2994,,fits,,A,2390.4,3292.8,0.6418,0.8662,1,True,separation,V0,0.3276,,
narrow-40x125,teens_family.latino,maximum,V0,1,2857.8,2857.8,0,0.5716,0.6,0.5716,,fits_small_garden,,A,564.1,1783.5,0.9526,0.5085,3,False,,,0.4749,,
narrow-40x125,teens_family.latino,maximum,V1,2,2977.8,1861.8,1116.0,0.5956,0.6,0.3724,,fits,,A,2183.6,2778.2,0.9926,0.5228,2,False,,,0.499,,
narrow-40x125,teens_family.latino,maximum,V2,2,2977.8,2362.9,614.8,0.5956,0.6,0.4726,,fits,,A,1228.3,2278.3,0.9926,0.7088,1,True,separation,V1,0.499,,
narrow-40x125,teens_family.latino,maximum,V4,2,2977.7,2786.5,191.3,0.5955,0.6,0.5573,,fits_small_garden,,A,659.7,1854.7,0.9926,0.4538,4,False,,,0.4989,,
narrow-40x125,teens_family.latino,accessible,V0,1,1835.4,1835.4,0,0.3671,0.6,0.3671,,fits,,A,2215.0,2954.6,0.6118,0.6722,2,False,,,0.3096,,
narrow-40x125,teens_family.latino,accessible,V1,2,1955.4,1581.7,373.7,0.3911,0.6,0.3163,,fits,,A,2277.0,3208.3,0.6518,0.86,1,True,separation,V0,0.3336,,V2
narrow-40x125,teens_family.latino,staged_final,V0,1,1656.0,1656.0,0,0.3312,0.6,0.3312,,fits,,A,2177.2,3134.0,0.552,0.6924,2,False,,,0.2737,,
narrow-40x125,teens_family.latino,staged_final,V1,2,1776.0,1212.5,563.5,0.3552,0.6,0.2425,,fits,,A,2772.4,3577.5,0.592,0.6775,3,False,,,0.2977,,
narrow-40x125,teens_family.latino,staged_final,V2,2,1776.0,1503.7,272.3,0.3552,0.6,0.3007,,fits,,A,2381.6,3286.3,0.592,0.8483,1,True,separation,V0,0.2977,,
narrow-40x125,teens_family.anglo,minimum,V0,1,1454.8,1454.8,0,0.2909,0.6,0.2909,,fits,,A,2447.3,3335.2,0.4849,0.7254,2,False,,,0.2334,,
narrow-40x125,teens_family.anglo,minimum,V1,2,1574.7,964.6,610.1,0.3149,0.6,0.1929,,fits,,A,3105.2,3825.4,0.5249,0.7086,3,False,,,0.2574,,
narrow-40x125,teens_family.anglo,minimum,V2,2,1574.7,1123.6,451.2,0.3149,0.6,0.2247,,fits,,A,2891.9,3666.4,0.5249,0.9004,1,True,separation,V0,0.2574,,
narrow-40x125,teens_family.anglo,optimum,V0,1,1886.0,1886.0,0,0.3772,0.6,0.3772,,fits,,A,2154.8,2904.0,0.6287,0.6736,3,False,,,0.3197,,
narrow-40x125,teens_family.anglo,optimum,V1,2,2006.0,1222.9,783.1,0.4012,0.6,0.2446,,fits,,A,2758.5,3567.1,0.6687,0.6738,2,False,,,0.3437,,
narrow-40x125,teens_family.anglo,optimum,V2,2,2006.0,1512.2,493.8,0.4012,0.6,0.3024,,fits,,A,2370.3,3277.8,0.6687,0.8594,1,True,separation,V1,0.3437,,
narrow-40x125,teens_family.anglo,maximum,V0,1,2938.2,2938.2,0,0.5877,0.6,0.5877,,fits_small_garden,,A,902.1,1701.8,0.9794,0.4988,3,False,,,0.491,,
narrow-40x125,teens_family.anglo,maximum,V1,2,2972.0,1714.3,1257.7,0.5944,0.6,0.3429,,fits,,A,2099.0,2926.9,0.9907,0.54,2,False,,,0.4978,,
narrow-40x125,teens_family.anglo,maximum,V2,2,2972.0,2295.4,676.6,0.5944,0.6,0.4591,,fits,,A,1319.0,2345.8,0.9907,0.7108,1,True,separation,V1,0.4978,,
narrow-40x125,teens_family.anglo,maximum,V4,2,2972.0,2781.6,190.4,0.5944,0.6,0.5563,,fits_small_garden,,A,666.4,1859.6,0.9907,0.4575,4,False,,,0.4978,,
narrow-40x125,teens_family.anglo,accessible,V0,1,1915.9,1915.9,0,0.3832,0.6,0.3832,,fits,,A,2119.2,2874.1,0.6386,0.6701,2,False,,,0.3257,,
narrow-40x125,teens_family.anglo,accessible,V1,2,2035.9,1662.8,373.1,0.4072,0.6,0.3326,,fits,,A,2168.0,3127.2,0.6786,0.8527,1,True,separation,V0,0.3497,,V2
narrow-40x125,teens_family.anglo,staged_final,V0,1,1736.5,1736.5,0,0.3473,0.6,0.3473,,fits,,A,2069.1,3053.5,0.5788,0.6916,2,False,,,0.2898,,
narrow-40x125,teens_family.anglo,staged_final,V1,2,1856.5,1227.8,628.7,0.3713,0.6,0.2456,,fits,,A,2752.0,3562.2,0.6188,0.6825,3,False,,,0.3138,,
narrow-40x125,teens_family.anglo,staged_final,V2,2,1856.5,1584.7,271.8,0.3713,0.6,0.3169,,fits,,A,2272.8,3205.3,0.6188,0.8424,1,True,separation,V0,0.3138,,
narrow-40x125,multigenerational.none,minimum,V0,1,1523.7,1523.7,0,0.3047,0.6,0.3047,,fits,,A,2354.7,3266.2,0.5079,0.8911,1,True,stair_independence,V1,0.2472,,
narrow-40x125,multigenerational.none,minimum,V1,2,1643.8,1212.0,431.8,0.3287,0.6,0.2424,,fits,,A,2773.2,3578.0,0.5479,0.8847,2,False,,,0.2712,,V3
narrow-40x125,multigenerational.none,minimum,V2,2,1643.8,1370.4,273.3,0.3287,0.6,0.2741,,fits,,A,2560.5,3419.6,0.5479,0.8685,3,False,,,0.2712,,
narrow-40x125,multigenerational.none,optimum,V0,1,1811.2,1811.2,0,0.3622,0.6,0.3622,,fits,,A,2243.8,2978.8,0.6037,0.8565,1,True,stair_independence,V1,0.3047,,
narrow-40x125,multigenerational.none,optimum,V1,2,1931.2,1370.1,561.1,0.3862,0.6,0.274,,fits,,A,2560.9,3419.9,0.6437,0.8559,2,False,,,0.3287,,V3
narrow-40x125,multigenerational.none,optimum,V2,2,1931.2,1659.9,271.3,0.3862,0.6,0.332,,fits,,A,2171.9,3130.1,0.6437,0.8333,3,False,,,0.3287,,
narrow-40x125,multigenerational.none,maximum,V0,1,2949.7,2949.7,0,0.5899,0.6,0.5899,,fits_small_garden,,A,888.4,1690.3,0.9832,0.6714,4,False,,,0.4933,,
narrow-40x125,multigenerational.none,maximum,V1,2,2983.5,2004.6,978.9,0.5967,0.6,0.4009,,fits,,A,2013.6,2635.4,0.9945,0.7048,1,True,open_area,V2,0.5001,,
narrow-40x125,multigenerational.none,maximum,V2,2,2983.5,2431.4,552.1,0.5967,0.6,0.4863,,fits,,A,1136.3,2209.8,0.9945,0.7017,2,False,,,0.5001,,
narrow-40x125,multigenerational.none,maximum,V3,2,2983.5,2135.0,848.5,0.5967,0.6,0.427,,fits,,A,1534.2,2506.2,0.9945,0.6968,3,False,,,0.5001,,
narrow-40x125,multigenerational.none,maximum,V4,2,2983.5,2793.1,190.4,0.5967,0.6,0.5586,,fits_small_garden,,A,650.9,1848.1,0.9945,0.6301,5,False,,,0.5001,,
narrow-40x125,multigenerational.none,accessible,V0,1,1841.1,1841.1,0,0.3682,0.6,0.3682,,fits,,A,2208.2,2948.9,0.6137,0.8529,1,True,stair_independence,V1,0.3107,,
narrow-40x125,multigenerational.none,accessible,V1,2,1961.1,1400.4,560.7,0.3922,0.6,0.2801,,fits,,A,2520.2,3389.6,0.6537,0.8529,2,False,,,0.3347,,V3
narrow-40x125,multigenerational.none,accessible,V2,2,1961.2,1690.0,271.1,0.3922,0.6,0.338,,fits,,A,2131.5,3100.0,0.6537,0.8296,3,False,,,0.3347,,
narrow-40x125,multigenerational.none,staged_final,V0,1,1960.7,1960.7,0,0.3921,0.6,0.3921,,fits,,A,2065.8,2829.2,0.6536,0.6647,3,False,,,0.3346,,
narrow-40x125,multigenerational.none,staged_final,V1,2,2080.8,1365.2,715.6,0.4162,0.6,0.273,,fits,,A,2567.6,3424.8,0.6936,0.6737,2,False,,,0.3587,,V3
narrow-40x125,multigenerational.none,staged_final,V2,2,2080.8,1653.9,426.9,0.4162,0.6,0.3308,,fits,,A,2180.1,3136.1,0.6936,0.8507,1,True,separation,V1,0.3587,,
narrow-40x125,multigenerational.latino,minimum,V0,1,1523.7,1523.7,0,0.3047,0.6,0.3047,,fits,,A,2354.7,3266.2,0.5079,0.8911,1,True,stair_independence,V1,0.2472,,
narrow-40x125,multigenerational.latino,minimum,V1,2,1643.8,1212.0,431.8,0.3287,0.6,0.2424,,fits,,A,2773.2,3578.0,0.5479,0.8847,2,False,,,0.2712,,V3
narrow-40x125,multigenerational.latino,minimum,V2,2,1643.8,1370.4,273.3,0.3287,0.6,0.2741,,fits,,A,2560.5,3419.6,0.5479,0.8685,3,False,,,0.2712,,
narrow-40x125,multigenerational.latino,optimum,V0,1,1811.2,1811.2,0,0.3622,0.6,0.3622,,fits,,A,2243.8,2978.8,0.6037,0.8565,1,True,stair_independence,V1,0.3047,,
narrow-40x125,multigenerational.latino,optimum,V1,2,1931.2,1370.1,561.1,0.3862,0.6,0.274,,fits,,A,2560.9,3419.9,0.6437,0.8559,2,False,,,0.3287,,V3
narrow-40x125,multigenerational.latino,optimum,V2,2,1931.2,1659.9,271.3,0.3862,0.6,0.332,,fits,,A,2171.9,3130.1,0.6437,0.8333,3,False,,,0.3287,,
narrow-40x125,multigenerational.latino,maximum,V0,1,2972.7,2972.7,0,0.5945,0.6,0.5945,,fits_small_garden,,A,861.0,1667.3,0.9909,0.6686,4,False,,,0.4979,,
narrow-40x125,multigenerational.latino,maximum,V1,2,2983.5,2004.6,978.9,0.5967,0.6,0.4009,,fits,,A,2013.6,2635.4,0.9945,0.7048,1,True,open_area,V2,0.5001,,
narrow-40x125,multigenerational.latino,maximum,V2,2,2983.5,2431.4,552.1,0.5967,0.6,0.4863,,fits,,A,1136.3,2209.8,0.9945,0.7017,2,False,,,0.5001,,
narrow-40x125,multigenerational.latino,maximum,V3,2,2983.5,2135.0,848.5,0.5967,0.6,0.427,,fits,,A,1534.2,2506.2,0.9945,0.6968,3,False,,,0.5001,,
narrow-40x125,multigenerational.latino,maximum,V4,2,2983.5,2793.1,190.4,0.5967,0.6,0.5586,,fits_small_garden,,A,650.9,1848.1,0.9945,0.6301,5,False,,,0.5001,,
narrow-40x125,multigenerational.latino,accessible,V0,1,1841.1,1841.1,0,0.3682,0.6,0.3682,,fits,,A,2208.2,2948.9,0.6137,0.8529,1,True,stair_independence,V1,0.3107,,
narrow-40x125,multigenerational.latino,accessible,V1,2,1961.1,1400.4,560.7,0.3922,0.6,0.2801,,fits,,A,2520.2,3389.6,0.6537,0.8529,2,False,,,0.3347,,V3
narrow-40x125,multigenerational.latino,accessible,V2,2,1961.2,1690.0,271.1,0.3922,0.6,0.338,,fits,,A,2131.5,3100.0,0.6537,0.8296,3,False,,,0.3347,,
narrow-40x125,multigenerational.latino,staged_final,V0,1,1960.7,1960.7,0,0.3921,0.6,0.3921,,fits,,A,2065.8,2829.2,0.6536,0.6647,3,False,,,0.3346,,
narrow-40x125,multigenerational.latino,staged_final,V1,2,2080.8,1365.2,715.6,0.4162,0.6,0.273,,fits,,A,2567.6,3424.8,0.6936,0.6737,2,False,,,0.3587,,V3
narrow-40x125,multigenerational.latino,staged_final,V2,2,2080.8,1653.9,426.9,0.4162,0.6,0.3308,,fits,,A,2180.1,3136.1,0.6936,0.8507,1,True,separation,V1,0.3587,,
narrow-40x125,multigenerational.anglo,minimum,V0,1,1523.7,1523.7,0,0.3047,0.6,0.3047,,fits,,A,2354.7,3266.2,0.5079,0.8911,1,True,stair_independence,V1,0.2472,,
narrow-40x125,multigenerational.anglo,minimum,V1,2,1643.7,1193.7,450.1,0.3287,0.6,0.2387,,fits,,A,2797.8,3596.3,0.5479,0.883,2,False,,,0.2712,,V3
narrow-40x125,multigenerational.anglo,minimum,V2,2,1643.8,1370.4,273.3,0.3287,0.6,0.2741,,fits,,A,2560.5,3419.6,0.5479,0.8685,3,False,,,0.2712,,
narrow-40x125,multigenerational.anglo,optimum,V0,1,2001.0,2001.0,0,0.4002,0.6,0.4002,,fits,,A,2017.9,2789.0,0.667,0.8338,1,True,stair_independence,V1,0.3427,,
narrow-40x125,multigenerational.anglo,optimum,V1,2,2121.0,1496.2,624.8,0.4242,0.6,0.2992,,fits,,A,2391.7,3293.8,0.707,0.8334,2,False,,,0.3667,,V3
narrow-40x125,multigenerational.anglo,optimum,V2,2,2121.0,1850.7,270.3,0.4242,0.6,0.3701,,fits,,A,2196.8,2939.3,0.707,0.8101,3,False,,,0.3667,,
narrow-40x125,multigenerational.anglo,maximum,V0,1,2978.5,2978.5,0,0.5957,0.6,0.5957,,fits_small_garden,,A,854.2,1661.5,0.9928,0.6679,5,False,,,0.4991,,
narrow-40x125,multigenerational.anglo,maximum,V1,2,2937.5,1815.0,1122.5,0.5875,0.6,0.363,,fits,,A,2239.3,2975.0,0.9792,0.7645,1,True,open_area,V2,0.53,,
narrow-40x125,multigenerational.anglo,maximum,V2,2,2937.5,2328.3,609.2,0.5875,0.6,0.4657,,fits,,A,1274.7,2461.7,0.9792,0.7591,2,False,,,0.53,,
narrow-40x125,multigenerational.anglo,maximum,V3,2,2937.5,1946.3,991.2,0.5875,0.6,0.3893,,fits,,A,2083.0,2843.7,0.9792,0.7564,3,False,,,0.53,,
narrow-40x125,multigenerational.anglo,maximum,V4,2,2937.5,2746.2,191.3,0.5875,0.6,0.5492,,fits_small_garden,,A,713.9,2043.8,0.9792,0.6843,4,False,,,0.53,,
narrow-40x125,multigenerational.anglo,accessible,V0,1,2030.9,2030.9,0,0.4062,0.6,0.4062,,fits,,A,1674.0,2759.1,0.677,0.8302,2,False,,,0.3487,,
narrow-40x125,multigenerational.anglo,accessible,V1,2,2150.9,1526.4,624.5,0.4302,0.6,0.3053,,fits,,A,2351.1,3263.6,0.717,0.8305,1,True,open_area,V0,0.3727,,V3
narrow-40x125,multigenerational.anglo,accessible,V2,2,2150.9,1880.7,270.2,0.4302,0.6,0.3761,,fits,,A,2161.0,2909.3,0.717,0.8065,3,False,,,0.3727,,
narrow-40x125,multigenerational.anglo,staged_final,V0,1,2150.5,2150.5,0,0.4301,0.6,0.4301,,fits,,A,1513.4,2639.5,0.7168,0.6419,3,False,,,0.3726,,
narrow-40x125,multigenerational.anglo,staged_final,V1,2,2270.5,1491.7,778.8,0.4541,0.6,0.2983,,fits,,A,2397.8,3298.3,0.7568,0.6511,2,False,,,0.3966,,V3
narrow-40x125,multigenerational.anglo,staged_final,V2,2,2270.5,1845.1,425.4,0.4541,0.6,0.369,,fits,,A,2203.5,2944.9,0.7568,0.8278,1,True,separation,V1,0.3966,,
narrow-40x125,empty_nest.none,minimum,V0,1,1155.8,1155.8,0,0.2311,0.6,0.2311,,fits,,A,2848.7,3634.2,0.3852,0.93,1,True,stair_independence,V1,0.1736,,
narrow-40x125,empty_nest.none,minimum,V1,2,1275.8,998.3,277.5,0.2551,0.6,0.1997,,fits,,A,3060.0,3791.7,0.4253,0.8491,2,False,,,0.1976,,
narrow-40x125,empty_nest.none,optimum,V0,1,1431.8,1431.8,0,0.2863,0.6,0.2863,,fits,,A,2478.2,3358.2,0.4773,0.9079,1,True,only_feasible,,0.2288,,
narrow-40x125,empty_nest.none,maximum,V0,1,2133.2,2133.2,0,0.4266,0.6,0.4266,,fits,,A,1536.6,2507.9,0.7111,0.7909,1,True,upper_efficiency,V1,0.3301,,
narrow-40x125,empty_nest.none,maximum,V1,2,2253.2,1981.7,271.5,0.4506,0.6,0.3963,,fits,,A,2040.8,2658.3,0.7511,0.7668,2,False,,,0.354,,V2
narrow-40x125,empty_nest.none,maximum,V4,2,2253.2,2048.2,205.0,0.4506,0.6,0.4096,,fits,,A,1650.7,2593.0,0.7511,0.7453,3,False,,,0.354,,
narrow-40x125,empty_nest.none,accessible,V0,1,1461.6,1461.6,0,0.2923,0.6,0.2923,,fits,,A,2438.1,3328.4,0.4872,0.9048,1,True,only_feasible,,0.2348,,
narrow-40x125,empty_nest.none,staged_final,V0,1,1431.8,1431.8,0,0.2863,0.6,0.2863,,fits,,A,2478.2,3358.2,0.4773,0.9079,1,True,only_feasible,,0.2288,,
narrow-40x125,empty_nest.latino,minimum,V0,1,1155.8,1155.8,0,0.2311,0.6,0.2311,,fits,,A,2848.7,3634.2,0.3852,0.93,1,True,stair_independence,V1,0.1736,,
narrow-40x125,empty_nest.latino,minimum,V1,2,1275.8,998.3,277.5,0.2551,0.6,0.1997,,fits,,A,3060.0,3791.7,0.4253,0.8491,2,False,,,0.1976,,
narrow-40x125,empty_nest.latino,optimum,V0,1,1431.8,1431.8,0,0.2863,0.6,0.2863,,fits,,A,2478.2,3358.2,0.4773,0.9079,1,True,only_feasible,,0.2288,,
narrow-40x125,empty_nest.latino,maximum,V0,1,2185.0,2185.0,0,0.437,0.6,0.437,,fits,,A,1467.1,2456.2,0.7283,0.7856,1,True,upper_efficiency,V1,0.3404,,
narrow-40x125,empty_nest.latino,maximum,V1,2,2305.0,2033.7,271.3,0.461,0.6,0.4067,,fits,,A,1670.1,2607.5,0.7683,0.7615,2,False,,,0.3644,,V2
narrow-40x125,empty_nest.latino,maximum,V4,2,2305.0,2100.1,204.9,0.461,0.6,0.42,,fits,,A,1581.0,2541.1,0.7683,0.7399,3,False,,,0.3644,,
narrow-40x125,empty_nest.latino,accessible,V0,1,1461.6,1461.6,0,0.2923,0.6,0.2923,,fits,,A,2438.1,3328.4,0.4872,0.9048,1,True,only_feasible,,0.2348,,
narrow-40x125,empty_nest.latino,staged_final,V0,1,1431.8,1431.8,0,0.2863,0.6,0.2863,,fits,,A,2478.2,3358.2,0.4773,0.9079,1,True,only_feasible,,0.2288,,
narrow-40x125,empty_nest.anglo,minimum,V0,1,1155.8,1155.8,0,0.2311,0.6,0.2311,,fits,,A,2848.7,3634.2,0.3852,0.9328,1,True,stair_independence,V1,0.1736,,
narrow-40x125,empty_nest.anglo,minimum,V1,2,1275.8,979.6,296.1,0.2551,0.6,0.1959,,fits,,A,3085.1,3810.4,0.4253,0.8539,2,False,,,0.1976,,
narrow-40x125,empty_nest.anglo,optimum,V0,1,1558.2,1558.2,0,0.3116,0.6,0.3116,,fits,,A,2308.4,3231.8,0.5194,0.896,1,True,only_feasible,,0.2541,,
narrow-40x125,empty_nest.anglo,maximum,V0,1,2277.0,2277.0,0,0.4554,0.6,0.4554,,fits,,A,1343.6,2364.2,0.759,0.7721,1,True,upper_efficiency,V1,0.3588,,
narrow-40x125,empty_nest.anglo,maximum,V1,2,2397.0,2126.2,270.8,0.4794,0.6,0.4252,,fits,,A,1546.1,2515.0,0.799,0.7505,2,False,,,0.3828,,V2
narrow-40x125,empty_nest.anglo,maximum,V4,2,2397.0,2192.4,204.6,0.4794,0.6,0.4385,,fits,,A,1457.1,2448.8,0.799,0.729,3,False,,,0.3828,,
narrow-40x125,empty_nest.anglo,accessible,V0,1,1588.1,1588.1,0,0.3176,0.6,0.3176,,fits,,A,2268.3,3201.9,0.5294,0.8927,1,True,only_feasible,,0.2601,,
narrow-40x125,empty_nest.anglo,staged_final,V0,1,1558.2,1558.2,0,0.3116,0.6,0.3116,,fits,,A,2308.4,3231.8,0.5194,0.896,1,True,only_feasible,,0.2541,,
narrow-40x125,remote_work.none,minimum,V0,1,1282.2,1282.2,0,0.2565,0.6,0.2565,,fits,,A,2678.9,3507.8,0.4274,0.9075,1,True,stair_independence,V1,0.1989,,
narrow-40x125,remote_work.none,minimum,V1,2,1402.2,990.9,411.4,0.2804,0.6,0.1982,,fits,,A,3070.0,3799.1,0.4674,0.879,2,False,,,0.223,,
narrow-40x125,remote_work.none,minimum,V2,2,1402.2,1151.1,251.1,0.2804,0.6,0.2302,,fits,,A,2854.8,3638.9,0.4674,0.8632,3,False,,,0.223,,
narrow-40x125,remote_work.none,minimum,V4,2,1402.2,1206.6,195.6,0.2804,0.6,0.2413,,fits,,A,2780.4,3583.4,0.4674,0.8447,4,False,,,0.223,,
narrow-40x125,remote_work.none,optimum,V0,1,1656.0,1656.0,0,0.3312,0.6,0.3312,,fits,,A,2177.2,3134.0,0.552,0.8617,2,False,,,0.2737,,
narrow-40x125,remote_work.none,optimum,V1,2,1776.0,1103.3,672.7,0.3552,0.6,0.2207,,fits,,A,2919.0,3686.7,0.592,0.8415,4,False,,,0.2977,,
narrow-40x125,remote_work.none,optimum,V2,2,1776.0,1394.5,381.5,0.3552,0.6,0.2789,,fits,,A,2528.2,3395.5,0.592,0.8686,1,True,open_area,V0,0.2977,,
narrow-40x125,remote_work.none,optimum,V4,2,1776.0,1449.1,326.9,0.3552,0.6,0.2898,,fits,,A,2454.9,3340.9,0.592,0.8545,3,False,,,0.2977,,
narrow-40x125,remote_work.none,maximum,V0,1,2208.0,2208.0,0,0.4416,0.6,0.4416,,fits,,A,1436.2,2582.0,0.736,0.7933,4,False,,,0.3841,,
narrow-40x125,remote_work.none,maximum,V1,2,2328.0,1236.4,1091.6,0.4656,0.6,0.2473,,fits,,A,2740.4,3553.6,0.776,0.7945,3,False,,,0.4081,,
narrow-40x125,remote_work.none,maximum,V2,2,2328.0,1743.1,584.9,0.4656,0.6,0.3486,,fits,,A,2060.2,3046.9,0.776,0.8119,1,True,open_area,V4,0.4081,,
narrow-40x125,remote_work.none,maximum,V4,2,2328.0,1809.5,518.5,0.4656,0.6,0.3619,,fits,,A,2245.8,2980.5,0.776,0.8081,2,False,,,0.4081,,
narrow-40x125,remote_work.none,accessible,V0,1,1685.9,1685.9,0,0.3372,0.6,0.3372,,fits,,A,2137.0,3104.1,0.562,0.858,1,True,upper_efficiency,V1,0.2797,,
narrow-40x125,remote_work.none,accessible,V1,2,1805.9,1479.3,326.6,0.3612,0.6,0.2959,,fits,,A,2414.4,3310.7,0.602,0.8507,2,False,,,0.3037,,"V2,V4"
narrow-40x125,remote_work.none,staged_final,V0,1,1656.0,1656.0,0,0.3312,0.6,0.3312,,fits,,A,2177.2,3134.0,0.552,0.8617,2,False,,,0.2737,,
narrow-40x125,remote_work.none,staged_final,V1,2,1776.0,1103.3,672.7,0.3552,0.6,0.2207,,fits,,A,2919.0,3686.7,0.592,0.8415,4,False,,,0.2977,,
narrow-40x125,remote_work.none,staged_final,V2,2,1776.0,1394.5,381.5,0.3552,0.6,0.2789,,fits,,A,2528.2,3395.5,0.592,0.8686,1,True,open_area,V0,0.2977,,
narrow-40x125,remote_work.none,staged_final,V4,2,1776.0,1449.1,326.9,0.3552,0.6,0.2898,,fits,,A,2454.9,3340.9,0.592,0.8545,3,False,,,0.2977,,
narrow-40x125,remote_work.latino,minimum,V0,1,1282.2,1282.2,0,0.2565,0.6,0.2565,,fits,,A,2678.9,3507.8,0.4274,0.9075,1,True,stair_independence,V1,0.1989,,
narrow-40x125,remote_work.latino,minimum,V1,2,1402.2,990.9,411.4,0.2804,0.6,0.1982,,fits,,A,3070.0,3799.1,0.4674,0.879,2,False,,,0.223,,
narrow-40x125,remote_work.latino,minimum,V2,2,1402.2,1151.1,251.1,0.2804,0.6,0.2302,,fits,,A,2854.8,3638.9,0.4674,0.8632,3,False,,,0.223,,
narrow-40x125,remote_work.latino,minimum,V4,2,1402.2,1206.6,195.6,0.2804,0.6,0.2413,,fits,,A,2780.4,3583.4,0.4674,0.8447,4,False,,,0.223,,
narrow-40x125,remote_work.latino,optimum,V0,1,1656.0,1656.0,0,0.3312,0.6,0.3312,,fits,,A,2177.2,3134.0,0.552,0.8617,2,False,,,0.2737,,
narrow-40x125,remote_work.latino,optimum,V1,2,1776.0,1103.3,672.7,0.3552,0.6,0.2207,,fits,,A,2919.0,3686.7,0.592,0.8415,4,False,,,0.2977,,
narrow-40x125,remote_work.latino,optimum,V2,2,1776.0,1394.5,381.5,0.3552,0.6,0.2789,,fits,,A,2528.2,3395.5,0.592,0.8686,1,True,open_area,V0,0.2977,,
narrow-40x125,remote_work.latino,optimum,V4,2,1776.0,1449.1,326.9,0.3552,0.6,0.2898,,fits,,A,2454.9,3340.9,0.592,0.8545,3,False,,,0.2977,,
narrow-40x125,remote_work.latino,maximum,V0,1,2432.2,2432.2,0,0.4864,0.6,0.4864,,fits,,A,1135.2,2357.8,0.8107,0.7656,4,False,,,0.4289,,
narrow-40x125,remote_work.latino,maximum,V1,2,2552.2,1465.3,1086.9,0.5104,0.6,0.2931,,fits,,A,2433.2,3324.7,0.8507,0.7768,3,False,,,0.453,,
narrow-40x125,remote_work.latino,maximum,V2,2,2552.2,1969.8,582.5,0.5104,0.6,0.394,,fits,,A,2055.0,2820.2,0.8507,0.784,1,True,open_area,V4,0.453,,
narrow-40x125,remote_work.latino,maximum,V4,2,2552.2,2035.8,516.4,0.5104,0.6,0.4072,,fits,,A,1667.3,2754.2,0.8507,0.7802,2,False,,,0.453,,
narrow-40x125,remote_work.latino,accessible,V0,1,1685.9,1685.9,0,0.3372,0.6,0.3372,,fits,,A,2137.0,3104.1,0.562,0.858,1,True,upper_efficiency,V1,0.2797,,
narrow-40x125,remote_work.latino,accessible,V1,2,1805.9,1479.3,326.6,0.3612,0.6,0.2959,,fits,,A,2414.4,3310.7,0.602,0.8507,2,False,,,0.3037,,"V2,V4"
narrow-40x125,remote_work.latino,staged_final,V0,1,1656.0,1656.0,0,0.3312,0.6,0.3312,,fits,,A,2177.2,3134.0,0.552,0.8617,2,False,,,0.2737,,
narrow-40x125,remote_work.latino,staged_final,V1,2,1776.0,1103.3,672.7,0.3552,0.6,0.2207,,fits,,A,2919.0,3686.7,0.592,0.8415,4,False,,,0.2977,,
narrow-40x125,remote_work.latino,staged_final,V2,2,1776.0,1394.5,381.5,0.3552,0.6,0.2789,,fits,,A,2528.2,3395.5,0.592,0.8686,1,True,open_area,V0,0.2977,,
narrow-40x125,remote_work.latino,staged_final,V4,2,1776.0,1449.1,326.9,0.3552,0.6,0.2898,,fits,,A,2454.9,3340.9,0.592,0.8545,3,False,,,0.2977,,
narrow-40x125,remote_work.anglo,minimum,V0,1,1282.2,1282.2,0,0.2565,0.6,0.2565,,fits,,A,2678.9,3507.8,0.4274,0.9119,1,True,stair_independence,V1,0.1989,,
narrow-40x125,remote_work.anglo,minimum,V1,2,1402.2,972.4,429.9,0.2804,0.6,0.1945,,fits,,A,3094.8,3817.6,0.4674,0.8823,2,False,,,0.223,,
narrow-40x125,remote_work.anglo,minimum,V2,2,1402.2,1151.1,251.1,0.2804,0.6,0.2302,,fits,,A,2854.8,3638.9,0.4674,0.8697,3,False,,,0.223,,
narrow-40x125,remote_work.anglo,minimum,V4,2,1402.2,1206.6,195.6,0.2804,0.6,0.2413,,fits,,A,2780.4,3583.4,0.4674,0.8521,4,False,,,0.223,,
narrow-40x125,remote_work.anglo,optimum,V0,1,1736.5,1736.5,0,0.3473,0.6,0.3473,,fits,,A,2069.1,3053.5,0.5788,0.8527,2,False,,,0.2898,,
narrow-40x125,remote_work.anglo,optimum,V1,2,1856.5,1167.2,689.3,0.3713,0.6,0.2334,,fits,,A,2833.2,3622.8,0.6188,0.8419,4,False,,,0.3138,,
narrow-40x125,remote_work.anglo,optimum,V2,2,1856.5,1475.8,380.7,0.3713,0.6,0.2952,,fits,,A,2419.0,3314.2,0.6188,0.8628,1,True,open_area,V0,0.3138,,
narrow-40x125,remote_work.anglo,optimum,V4,2,1856.5,1530.3,326.2,0.3713,0.6,0.3061,,fits,,A,2345.9,3259.7,0.6188,0.8484,3,False,,,0.3138,,
narrow-40x125,remote_work.anglo,maximum,V0,1,2317.2,2317.2,0,0.4634,0.6,0.4634,,fits,,A,1289.6,2472.8,0.7724,0.7763,4,False,,,0.4059,,
narrow-40x125,remote_work.anglo,maximum,V1,2,2437.2,1324.0,1113.3,0.4874,0.6,0.2648,,fits,,A,2622.9,3466.0,0.8124,0.7937,3,False,,,0.4299,,
narrow-40x125,remote_work.anglo,maximum,V2,2,2437.2,1853.6,583.6,0.4874,0.6,0.3707,,fits,,A,2193.3,2936.4,0.8124,0.8002,1,True,open_area,V4,0.4299,,
narrow-40x125,remote_work.anglo,maximum,V4,2,2437.2,1919.8,517.4,0.4874,0.6,0.384,,fits,,A,2114.5,2870.2,0.8124,0.7957,2,False,,,0.4299,,
narrow-40x125,remote_work.anglo,accessible,V0,1,1766.4,1766.4,0,0.3533,0.6,0.3533,,fits,,A,2029.0,3023.6,0.5888,0.8488,1,True,upper_efficiency,V1,0.2958,,
narrow-40x125,remote_work.anglo,accessible,V1,2,1886.4,1560.4,326.0,0.3773,0.6,0.3121,,fits,,A,2305.5,3229.6,0.6288,0.8444,2,False,,,0.3198,,"V2,V4"
narrow-40x125,remote_work.anglo,staged_final,V0,1,1736.5,1736.5,0,0.3473,0.6,0.3473,,fits,,A,2069.1,3053.5,0.5788,0.8527,2,False,,,0.2898,,
narrow-40x125,remote_work.anglo,staged_final,V1,2,1856.5,1167.2,689.3,0.3713,0.6,0.2334,,fits,,A,2833.2,3622.8,0.6188,0.8419,4,False,,,0.3138,,
narrow-40x125,remote_work.anglo,staged_final,V2,2,1856.5,1475.8,380.7,0.3713,0.6,0.2952,,fits,,A,2419.0,3314.2,0.6188,0.8628,1,True,open_area,V0,0.3138,,
narrow-40x125,remote_work.anglo,staged_final,V4,2,1856.5,1530.3,326.2,0.3713,0.6,0.3061,,fits,,A,2345.9,3259.7,0.6188,0.8484,3,False,,,0.3138,,
narrow-40x125,shared_adults.none,minimum,V0,1,1506.5,1506.5,0,0.3013,0.6,0.3013,,fits,,A,2377.9,3283.5,0.5022,0.8002,2,False,,,0.2438,,
narrow-40x125,shared_adults.none,minimum,V1,2,1626.5,981.0,645.5,0.3253,0.6,0.1962,,fits,,A,3083.3,3809.0,0.5422,0.8951,1,True,separation,V0,0.2678,,
narrow-40x125,shared_adults.none,optimum,V0,1,1736.5,1736.5,0,0.3473,0.6,0.3473,,fits,,A,2069.1,3053.5,0.5788,0.7743,2,False,,,0.2898,,
narrow-40x125,shared_adults.none,optimum,V1,2,1856.5,1161.2,695.3,0.3713,0.6,0.2322,,fits,,A,2841.3,3628.8,0.6188,0.8811,1,True,separation,V0,0.3138,,
narrow-40x125,shared_adults.none,maximum,V0,1,2420.8,2420.8,0,0.4842,0.6,0.4842,,fits,,A,1150.7,2220.4,0.8069,0.6486,2,False,,,0.3876,,
narrow-40x125,shared_adults.none,maximum,V1,2,2540.7,1597.7,943.0,0.5081,0.6,0.3195,,fits,,A,2255.4,3043.5,0.8469,0.775,1,True,separation,V0,0.4115,,
narrow-40x125,shared_adults.none,maximum,V4,2,2540.8,2336.6,204.2,0.5081,0.6,0.4673,,fits,,A,1263.6,2304.6,0.8469,0.5985,3,False,,,0.4116,,
narrow-40x125,shared_adults.none,accessible,V0,1,1766.4,1766.4,0,0.3533,0.6,0.3533,,fits,,A,2029.0,3023.6,0.5888,0.7709,2,False,,,0.2958,,
narrow-40x125,shared_adults.none,accessible,V1,2,1886.4,1403.2,483.2,0.3773,0.6,0.2806,,fits,,A,2516.5,3386.8,0.6288,0.8412,1,True,separation,V0,0.3198,,
narrow-40x125,shared_adults.none,staged_final,V0,1,1736.5,1736.5,0,0.3473,0.6,0.3473,,fits,,A,2069.1,3053.5,0.5788,0.7743,2,False,,,0.2898,,
narrow-40x125,shared_adults.none,staged_final,V1,2,1856.5,1161.2,695.3,0.3713,0.6,0.2322,,fits,,A,2841.3,3628.8,0.6188,0.8811,1,True,separation,V0,0.3138,,
narrow-40x125,shared_adults.latino,minimum,V0,1,1506.5,1506.5,0,0.3013,0.6,0.3013,,fits,,A,2377.9,3283.5,0.5022,0.8002,2,False,,,0.2438,,
narrow-40x125,shared_adults.latino,minimum,V1,2,1626.5,981.0,645.5,0.3253,0.6,0.1962,,fits,,A,3083.3,3809.0,0.5422,0.8951,1,True,separation,V0,0.2678,,
narrow-40x125,shared_adults.latino,optimum,V0,1,1736.5,1736.5,0,0.3473,0.6,0.3473,,fits,,A,2069.1,3053.5,0.5788,0.7743,2,False,,,0.2898,,
narrow-40x125,shared_adults.latino,optimum,V1,2,1856.5,1161.2,695.3,0.3713,0.6,0.2322,,fits,,A,2841.3,3628.8,0.6188,0.8811,1,True,separation,V0,0.3138,,
narrow-40x125,shared_adults.latino,maximum,V0,1,2472.5,2472.5,0,0.4945,0.6,0.4945,,fits,,A,1081.2,2168.7,0.8242,0.6428,2,False,,,0.3979,,
narrow-40x125,shared_adults.latino,maximum,V1,2,2592.5,1650.3,942.2,0.5185,0.6,0.3301,,fits,,A,2184.8,2990.9,0.8642,0.7692,1,True,separation,V0,0.4219,,
narrow-40x125,shared_adults.latino,maximum,V4,2,2592.5,2388.5,204.0,0.5185,0.6,0.4777,,fits,,A,1194.0,2252.7,0.8642,0.5926,3,False,,,0.4219,,
narrow-40x125,shared_adults.latino,accessible,V0,1,1766.4,1766.4,0,0.3533,0.6,0.3533,,fits,,A,2029.0,3023.6,0.5888,0.7709,2,False,,,0.2958,,
narrow-40x125,shared_adults.latino,accessible,V1,2,1886.4,1403.2,483.2,0.3773,0.6,0.2806,,fits,,A,2516.5,3386.8,0.6288,0.8412,1,True,separation,V0,0.3198,,
narrow-40x125,shared_adults.latino,staged_final,V0,1,1736.5,1736.5,0,0.3473,0.6,0.3473,,fits,,A,2069.1,3053.5,0.5788,0.7743,2,False,,,0.2898,,
narrow-40x125,shared_adults.latino,staged_final,V1,2,1856.5,1161.2,695.3,0.3713,0.6,0.2322,,fits,,A,2841.3,3628.8,0.6188,0.8811,1,True,separation,V0,0.3138,,
narrow-40x125,shared_adults.anglo,minimum,V0,1,1506.5,1506.5,0,0.3013,0.6,0.3013,,fits,,A,2377.9,3283.5,0.5022,0.8062,2,False,,,0.2438,,
narrow-40x125,shared_adults.anglo,minimum,V1,2,1626.5,962.7,663.8,0.3253,0.6,0.1925,,fits,,A,3107.8,3827.3,0.5422,0.8968,1,True,separation,V0,0.2678,,
narrow-40x125,shared_adults.anglo,optimum,V0,1,1863.0,1863.0,0,0.3726,0.6,0.3726,,fits,,A,2182.1,2927.0,0.621,0.7634,2,False,,,0.3151,,
narrow-40x125,shared_adults.anglo,optimum,V1,2,1983.0,1223.6,759.4,0.3966,0.6,0.2447,,fits,,A,2757.6,3566.4,0.661,0.8727,1,True,separation,V0,0.3391,,
narrow-40x125,shared_adults.anglo,maximum,V0,1,2472.5,2472.5,0,0.4945,0.6,0.4945,,fits,,A,1081.2,2168.7,0.8242,0.6418,2,False,,,0.3979,,
narrow-40x125,shared_adults.anglo,maximum,V1,2,2592.5,1566.3,1026.2,0.5185,0.6,0.3133,,fits,,A,2297.6,3074.9,0.8642,0.7714,1,True,separation,V0,0.4219,,
narrow-40x125,shared_adults.anglo,maximum,V4,2,2592.5,2388.5,204.0,0.5185,0.6,0.4777,,fits,,A,1194.0,2252.7,0.8642,0.5949,3,False,,,0.4219,,
narrow-40x125,shared_adults.anglo,accessible,V0,1,1892.9,1892.9,0,0.3786,0.6,0.3786,,fits,,A,2146.5,2897.1,0.631,0.7598,2,False,,,0.3211,,
narrow-40x125,shared_adults.anglo,accessible,V1,2,2012.9,1464.9,548.0,0.4026,0.6,0.293,,fits,,A,2433.7,3325.1,0.671,0.8292,1,True,separation,V0,0.3451,,
narrow-40x125,shared_adults.anglo,staged_final,V0,1,1863.0,1863.0,0,0.3726,0.6,0.3726,,fits,,A,2182.1,2927.0,0.621,0.7634,2,False,,,0.3151,,
narrow-40x125,shared_adults.anglo,staged_final,V1,2,1983.0,1223.6,759.4,0.3966,0.6,0.2447,,fits,,A,2757.6,3566.4,0.661,0.8727,1,True,separation,V0,0.3391,,
hillside-50x100,young_couple.none,minimum,V0,1,1282.2,1282.2,0,0.2565,0.6,0.2565,0.5,fits,,A,2606.1,3507.8,0.4274,0.9288,1,True,stair_independence,V1,0.1989,,
hillside-50x100,young_couple.none,minimum,V1,2,1402.2,990.9,411.4,0.2804,0.6,0.1982,0.5,fits,,A,2979.7,3799.1,0.4674,0.905,2,False,,,0.223,,
hillside-50x100,young_couple.none,minimum,V2,2,1402.2,1151.1,251.1,0.2804,0.6,0.2302,0.5,fits,,A,2774.2,3638.9,0.4674,0.8918,3,False,,,0.223,,
hillside-50x100,young_couple.none,minimum,V4,2,1402.2,1206.6,195.6,0.2804,0.6,0.2413,0.5,fits,,A,2703.0,3583.4,0.4674,0.8764,4,False,,,0.223,,
hillside-50x100,young_couple.none,minimum,V5,2,1402.2,787.4,614.8,0.2804,0.6,0.1575,0.5,fits,,A,3240.5,4002.6,0.4674,0.858,5,False,,,0.223,,
hillside-50x100,young_couple.none,optimum,V0,1,1604.2,1604.2,0,0.3208,0.6,0.3208,0.5,fits,,A,2193.3,3185.8,0.5347,0.8959,1,True,stair_independence,V1,0.2633,,
hillside-50x100,young_couple.none,optimum,V1,2,1724.2,1184.2,540.1,0.3448,0.6,0.2368,0.5,fits,,A,2731.8,3605.8,0.5747,0.879,2,False,,,0.2873,,
hillside-50x100,young_couple.none,optimum,V2,2,1724.2,1475.9,248.4,0.3448,0.6,0.2952,0.5,fits,,A,2357.9,3314.1,0.5747,0.8643,3,False,,,0.2873,,
hillside-50x100,young_couple.none,optimum,V4,2,1724.2,1530.6,193.7,0.3448,0.6,0.3061,0.5,fits,,A,2287.7,3259.4,0.5747,0.8466,5,False,,,0.2873,,
hillside-50x100,young_couple.none,optimum,V5,2,1724.2,1020.1,704.1,0.3448,0.6,0.204,0.5,fits,,A,2942.2,3769.9,0.5747,0.8477,4,False,,,0.2873,,
hillside-50x100,young_couple.none,maximum,V0,1,2334.5,2334.5,0,0.4669,0.6,0.4669,0.5,fits,,A,1257.1,2305.5,0.7782,0.8051,3,False,,,0.3703,,
hillside-50x100,young_couple.none,maximum,V1,2,2454.5,1522.1,932.4,0.4909,0.6,0.3044,0.5,fits,,A,2298.6,3117.9,0.8182,0.8035,4,False,,,0.3943,,
hillside-50x100,young_couple.none,maximum,V2,2,2454.5,2027.5,427.0,0.4909,0.6,0.4055,0.5,fits,,A,1650.7,2612.5,0.8182,0.813,1,True,open_area,V4,0.3943,,
hillside-50x100,young_couple.none,maximum,V4,2,2454.5,2093.7,360.8,0.4909,0.6,0.4187,0.5,fits,,A,1565.8,2546.3,0.8182,0.8099,2,False,,,0.3943,,
hillside-50x100,young_couple.none,maximum,V5,2,2454.5,1648.4,806.1,0.4909,0.6,0.3297,0.5,fits,,A,2136.6,2991.6,0.8182,0.7914,5,False,,,0.3943,,
hillside-50x100,young_couple.none,accessible,V0,1,1634.1,1634.1,0,0.3268,0.6,0.3268,0.5,fits,,A,2154.9,3155.9,0.5447,0.8928,1,True,stair_independence,V5,0.2693,,
hillside-50x100,young_couple.none,accessible,V1,2,1754.1,1560.6,193.5,0.3508,0.6,0.3121,0.5,fits,,A,2249.2,3229.4,0.5847,0.8434,3,False,,,0.2933,,"V2,V4"
hillside-50x100,young_couple.none,accessible,V5,2,1754.1,1050.7,703.5,0.3508,0.6,0.2101,0.5,fits,,A,2903.0,3739.3,0.5847,0.847,2,False,,,0.2933,,
hillside-50x100,young_couple.none,staged_final,V0,1,1782.5,1782.5,0,0.3565,0.6,0.3565,0.5,fits,,A,2128.0,3007.5,0.5942,0.8775,2,False,,,0.299,,
hillside-50x100,young_couple.none,staged_final,V1,2,1902.5,1208.1,694.4,0.3805,0.6,0.2416,0.5,fits,,A,2701.2,3581.9,0.6342,0.8699,3,False,,,0.323,,
hillside-50x100,young_couple.none,staged_final,V2,2,1902.5,1498.1,404.4,0.3805,0.6,0.2996,0.5,fits,,A,2329.4,3291.9,0.6342,0.8844,1,True,open_area,V0,0.323,,
hillside-50x100,young_couple.none,staged_final,V4,2,1902.5,1709.6,192.9,0.3805,0.6,0.3419,0.5,fits,,A,2058.2,3080.4,0.6342,0.8279,5,False,,,0.323,,
hillside-50x100,young_couple.none,staged_final,V5,2,1902.5,1202.0,700.5,0.3805,0.6,0.2404,0.5,fits,,A,2709.0,3588.0,0.6342,0.8396,4,False,,,0.323,,
hillside-50x100,young_couple.latino,minimum,V0,1,1282.2,1282.2,0,0.2565,0.6,0.2565,0.5,fits,,A,2606.1,3507.8,0.4274,0.9288,1,True,stair_independence,V1,0.1989,,
hillside-50x100,young_couple.latino,minimum,V1,2,1402.2,990.9,411.4,0.2804,0.6,0.1982,0.5,fits,,A,2979.7,3799.1,0.4674,0.905,2,False,,,0.223,,
hillside-50x100,young_couple.latino,minimum,V2,2,1402.2,1151.1,251.1,0.2804,0.6,0.2302,0.5,fits,,A,2774.2,3638.9,0.4674,0.8918,3,False,,,0.223,,
hillside-50x100,young_couple.latino,minimum,V4,2,1402.2,1206.6,195.6,0.2804,0.6,0.2413,0.5,fits,,A,2703.0,3583.4,0.4674,0.8764,4,False,,,0.223,,
hillside-50x100,young_couple.latino,minimum,V5,2,1402.2,787.4,614.8,0.2804,0.6,0.1575,0.5,fits,,A,3240.5,4002.6,0.4674,0.858,5,False,,,0.223,,
hillside-50x100,young_couple.latino,optimum,V0,1,1604.2,1604.2,0,0.3208,0.6,0.3208,0.5,fits,,A,2193.3,3185.8,0.5347,0.8959,1,True,stair_independence,V1,0.2633,,
hillside-50x100,young_couple.latino,optimum,V1,2,1724.2,1184.2,540.1,0.3448,0.6,0.2368,0.5,fits,,A,2731.8,3605.8,0.5747,0.879,2,False,,,0.2873,,
hillside-50x100,young_couple.latino,optimum,V2,2,1724.2,1475.9,248.4,0.3448,0.6,0.2952,0.5,fits,,A,2357.9,3314.1,0.5747,0.8643,3,False,,,0.2873,,
hillside-50x100,young_couple.latino,optimum,V4,2,1724.2,1530.6,193.7,0.3448,0.6,0.3061,0.5,fits,,A,2287.7,3259.4,0.5747,0.8466,5,False,,,0.2873,,
hillside-50x100,young_couple.latino,optimum,V5,2,1724.2,1020.1,704.1,0.3448,0.6,0.204,0.5,fits,,A,2942.2,3769.9,0.5747,0.8477,4,False,,,0.2873,,
hillside-50x100,young_couple.latino,maximum,V0,1,2386.2,2386.2,0,0.4773,0.6,0.4773,0.5,fits,,A,1190.7,2253.8,0.7954,0.7998,3,False,,,0.3806,,
hillside-50x100,young_couple.latino,maximum,V1,2,2506.2,1574.7,931.6,0.5012,0.6,0.3149,0.5,fits,,A,2231.2,3065.3,0.8354,0.7995,4,False,,,0.4046,,
hillside-50x100,young_couple.latino,maximum,V2,2,2506.2,2079.6,426.7,0.5012,0.6,0.4159,0.5,fits,,A,1583.9,2560.4,0.8354,0.8077,1,True,open_area,V4,0.4047,,
hillside-50x100,young_couple.latino,maximum,V4,2,2506.2,2145.7,360.5,0.5012,0.6,0.4291,0.5,fits,,A,1499.1,2494.3,0.8354,0.8045,2,False,,,0.4046,,
hillside-50x100,young_couple.latino,maximum,V5,2,2506.2,1646.8,859.4,0.5012,0.6,0.3294,0.5,fits,,A,2138.7,2993.2,0.8354,0.7871,5,False,,,0.4047,,
hillside-50x100,young_couple.latino,accessible,V0,1,1634.1,1634.1,0,0.3268,0.6,0.3268,0.5,fits,,A,2154.9,3155.9,0.5447,0.8928,1,True,stair_independence,V5,0.2693,,
hillside-50x100,young_couple.latino,accessible,V1,2,1754.1,1560.6,193.5,0.3508,0.6,0.3121,0.5,fits,,A,2249.2,3229.4,0.5847,0.8434,3,False,,,0.2933,,"V2,V4"
hillside-50x100,young_couple.latino,accessible,V5,2,1754.1,1050.7,703.5,0.3508,0.6,0.2101,0.5,fits,,A,2903.0,3739.3,0.5847,0.847,2,False,,,0.2933,,
hillside-50x100,young_couple.latino,staged_final,V0,1,1782.5,1782.5,0,0.3565,0.6,0.3565,0.5,fits,,A,2128.0,3007.5,0.5942,0.8775,2,False,,,0.299,,
hillside-50x100,young_couple.latino,staged_final,V1,2,1902.5,1208.1,694.4,0.3805,0.6,0.2416,0.5,fits,,A,2701.2,3581.9,0.6342,0.8699,3,False,,,0.323,,
hillside-50x100,young_couple.latino,staged_final,V2,2,1902.5,1498.1,404.4,0.3805,0.6,0.2996,0.5,fits,,A,2329.4,3291.9,0.6342,0.8844,1,True,open_area,V0,0.323,,
hillside-50x100,young_couple.latino,staged_final,V4,2,1902.5,1709.6,192.9,0.3805,0.6,0.3419,0.5,fits,,A,2058.2,3080.4,0.6342,0.8279,5,False,,,0.323,,
hillside-50x100,young_couple.latino,staged_final,V5,2,1902.5,1202.0,700.5,0.3805,0.6,0.2404,0.5,fits,,A,2709.0,3588.0,0.6342,0.8396,4,False,,,0.323,,
hillside-50x100,young_couple.anglo,minimum,V0,1,1282.2,1282.2,0,0.2565,0.6,0.2565,0.5,fits,,A,2606.1,3507.8,0.4274,0.9316,1,True,stair_independence,V1,0.1989,,
hillside-50x100,young_couple.anglo,minimum,V1,2,1402.2,972.4,429.9,0.2804,0.6,0.1945,0.5,fits,,A,3003.4,3817.6,0.4674,0.9068,2,False,,,0.223,,
hillside-50x100,young_couple.anglo,minimum,V2,2,1402.2,1151.1,251.1,0.2804,0.6,0.2302,0.5,fits,,A,2774.2,3638.9,0.4674,0.8962,3,False,,,0.223,,
hillside-50x100,young_couple.anglo,minimum,V4,2,1402.2,1206.6,195.6,0.2804,0.6,0.2413,0.5,fits,,A,2703.0,3583.4,0.4674,0.8814,4,False,,,0.223,,
hillside-50x100,young_couple.anglo,minimum,V5,2,1402.2,787.4,614.8,0.2804,0.6,0.1575,0.5,fits,,A,3240.5,4002.6,0.4674,0.8637,5,False,,,0.223,,
hillside-50x100,young_couple.anglo,optimum,V0,1,1684.7,1684.7,0,0.3369,0.6,0.3369,0.5,fits,,A,2090.1,3105.2,0.5616,0.8876,1,True,stair_independence,V1,0.2794,,
hillside-50x100,young_couple.anglo,optimum,V1,2,1804.7,1247.8,556.9,0.3609,0.6,0.2496,0.5,fits,,A,2650.2,3542.2,0.6016,0.878,2,False,,,0.3034,,
hillside-50x100,young_couple.anglo,optimum,V2,2,1804.8,1556.9,247.9,0.3609,0.6,0.3114,0.5,fits,,A,2254.0,3233.1,0.6016,0.8586,3,False,,,0.3034,,
hillside-50x100,young_couple.anglo,optimum,V4,2,1804.7,1611.4,193.3,0.3609,0.6,0.3223,0.5,fits,,A,2184.1,3178.6,0.6016,0.8409,5,False,,,0.3034,,
hillside-50x100,young_couple.anglo,optimum,V5,2,1804.8,1017.5,787.2,0.3609,0.6,0.2035,0.5,fits,,A,2945.5,3772.5,0.6016,0.8495,4,False,,,0.3034,,
hillside-50x100,young_couple.anglo,maximum,V0,1,2426.5,2426.5,0,0.4853,0.6,0.4853,0.5,fits,,A,1139.1,2213.5,0.8088,0.7891,4,False,,,0.3887,,
hillside-50x100,young_couple.anglo,maximum,V1,2,2546.5,1591.6,954.9,0.5093,0.6,0.3183,0.5,fits,,A,2209.5,3048.4,0.8488,0.7965,2,False,,,0.4127,,
hillside-50x100,young_couple.anglo,maximum,V2,2,2546.5,2120.1,426.4,0.5093,0.6,0.424,0.5,fits,,A,1531.9,2519.9,0.8488,0.8002,1,True,stair_independence,V1,0.4127,,
hillside-50x100,young_couple.anglo,maximum,V4,2,2546.5,2186.2,360.3,0.5093,0.6,0.4372,0.5,fits,,A,1447.2,2453.8,0.8488,0.7964,3,False,,,0.4127,,
hillside-50x100,young_couple.anglo,maximum,V5,2,2546.5,1645.6,900.9,0.5093,0.6,0.3291,0.5,fits,,A,2140.2,2994.4,0.8488,0.7891,5,False,,,0.4127,,
hillside-50x100,young_couple.anglo,accessible,V0,1,1714.6,1714.6,0,0.3429,0.6,0.3429,0.5,fits,,A,2051.7,3075.4,0.5716,0.8843,1,True,stair_independence,V5,0.2854,,
hillside-50x100,young_couple.anglo,accessible,V1,2,1834.6,1641.4,193.2,0.3669,0.6,0.3283,0.5,fits,,A,2145.6,3148.6,0.6115,0.8376,3,False,,,0.3094,,"V2,V4"
hillside-50x100,young_couple.anglo,accessible,V5,2,1834.6,1048.1,786.5,0.3669,0.6,0.2096,0.5,fits,,A,2906.3,3741.9,0.6115,0.8488,2,False,,,0.3094,,
hillside-50x100,young_couple.anglo,staged_final,V0,1,1782.5,1782.5,0,0.3565,0.6,0.3565,0.5,fits,,A,2128.0,3007.5,0.5942,0.8768,2,False,,,0.299,,
hillside-50x100,young_couple.anglo,staged_final,V1,2,1902.5,1226.2,676.3,0.3805,0.6,0.2452,0.5,fits,,A,2678.0,3563.8,0.6342,0.8762,3,False,,,0.323,,
hillside-50x100,young_couple.anglo,staged_final,V2,2,1902.5,1498.1,404.4,0.3805,0.6,0.2996,0.5,fits,,A,2329.4,3291.9,0.6342,0.8866,1,True,open_area,V0,0.323,,
hillside-50x100,young_couple.anglo,staged_final,V4,2,1902.5,1709.6,192.9,0.3805,0.6,0.3419,0.5,fits,,A,2058.2,3080.4,0.6342,0.83,5,False,,,0.323,,
hillside-50x100,young_couple.anglo,staged_final,V5,2,1902.5,1117.4,785.1,0.3805,0.6,0.2235,0.5,fits,,A,2817.4,3672.6,0.6342,0.8409,4,False,,,0.323,,
hillside-50x100,early_childhood.none,minimum,V0,1,1305.2,1305.2,0,0.2611,0.6,0.2611,0.5,fits,,A,2576.6,3484.8,0.4351,0.9295,1,True,stair_independence,V1,0.2036,,
hillside-50x100,early_childhood.none,minimum,V1,2,1425.2,989.7,435.6,0.285,0.6,0.1979,0.5,fits,,A,2981.2,3800.3,0.4751,0.9076,2,False,,,0.2275,,
hillside-50x100,early_childhood.none,minimum,V2,2,1425.2,1149.8,275.5,0.2851,0.6,0.23,0.5,fits,,A,2775.9,3640.2,0.4751,0.5815,4,False,,,0.2276,,
hillside-50x100,early_childhood.none,minimum,V5,2,1425.2,811.1,614.1,0.2851,0.6,0.1622,0.5,fits,,A,3210.1,3978.9,0.4751,0.8624,3,False,,,0.2276,,
hillside-50x100,early_childhood.none,optimum,V0,1,1610.0,1610.0,0,0.322,0.6,0.322,0.5,fits,,A,2185.9,3180.0,0.5367,0.8958,1,True,stair_independence,V1,0.2645,,
hillside-50x100,early_childhood.none,optimum,V1,2,1730.0,1165.7,564.3,0.346,0.6,0.2331,0.5,fits,,A,2755.5,3624.3,0.5767,0.8843,2,False,,,0.2885,,
hillside-50x100,early_childhood.none,optimum,V2,2,1730.0,1457.4,272.6,0.346,0.6,0.2915,0.5,fits,,A,2381.6,3332.6,0.5767,0.5549,4,False,,,0.2885,,
hillside-50x100,early_childhood.none,optimum,V5,2,1730.0,1026.0,704.0,0.346,0.6,0.2052,0.5,fits,,A,2934.6,3764.0,0.5767,0.8552,3,False,,,0.2885,,
hillside-50x100,early_childhood.none,maximum,V0,1,2829.0,2829.0,0,0.5658,0.6,0.5658,0.5,exceeds_coverage,exceeds_coverage,,0.0,2171.0,0.943,,,False,,,0.4692,,
hillside-50x100,early_childhood.none,maximum,V1,2,2949.0,1999.7,949.3,0.5898,0.6,0.3999,0.5,fits,,A,1686.3,2640.3,0.983,0.7611,1,True,stair_independence,V5,0.4932,,
hillside-50x100,early_childhood.none,maximum,V2,2,2949.0,2501.1,447.9,0.5898,0.6,0.5002,0.5,exceeds_coverage,exceeds_coverage,,0.0,2498.9,0.983,,,False,,,0.4932,,
hillside-50x100,early_childhood.none,maximum,V4,2,2949.0,2745.8,203.2,0.5898,0.6,0.5492,0.5,exceeds_coverage,exceeds_coverage,,0.0,2254.2,0.983,,,False,,,0.4932,,
hillside-50x100,early_childhood.none,maximum,V5,2,2949.0,1695.3,1253.7,0.5898,0.6,0.3391,0.5,fits,,A,2076.5,2944.7,0.983,0.7584,2,False,,,0.4932,,
hillside-50x100,early_childhood.none,accessible,V0,1,1639.9,1639.9,0,0.328,0.6,0.328,0.5,fits,,A,2147.6,3150.1,0.5466,0.8925,1,True,stair_independence,V5,0.2705,,
hillside-50x100,early_childhood.none,accessible,V1,2,1759.9,1542.1,217.8,0.352,0.6,0.3084,0.5,fits,,A,2272.9,3247.9,0.5866,0.5338,3,False,,,0.2945,,V2
hillside-50x100,early_childhood.none,accessible,V5,2,1759.9,1056.6,703.3,0.352,0.6,0.2113,0.5,fits,,A,2895.4,3733.4,0.5866,0.8544,2,False,,,0.2945,,
hillside-50x100,early_childhood.none,staged_final,V0,1,1656.0,1656.0,0,0.3312,0.6,0.3312,0.5,fits,,A,2126.9,3134.0,0.552,0.8908,1,True,stair_independence,V1,0.2737,,
hillside-50x100,early_childhood.none,staged_final,V1,2,1776.0,1212.5,563.5,0.3552,0.6,0.2425,0.5,fits,,A,2695.5,3577.5,0.592,0.8818,2,False,,,0.2977,,
hillside-50x100,early_childhood.none,staged_final,V2,2,1776.0,1503.7,272.3,0.3552,0.6,0.3007,0.5,fits,,A,2322.2,3286.3,0.592,0.5497,4,False,,,0.2977,,
hillside-50x100,early_childhood.none,staged_final,V5,2,1776.0,1073.0,703.0,0.3552,0.6,0.2146,0.5,fits,,A,2874.3,3717.0,0.592,0.8528,3,False,,,0.2977,,
hillside-50x100,early_childhood.latino,minimum,V0,1,1305.2,1305.2,0,0.2611,0.6,0.2611,0.5,fits,,A,2576.6,3484.8,0.4351,0.9295,1,True,stair_independence,V1,0.2036,,
hillside-50x100,early_childhood.latino,minimum,V1,2,1425.2,989.7,435.6,0.285,0.6,0.1979,0.5,fits,,A,2981.2,3800.3,0.4751,0.9076,2,False,,,0.2275,,
hillside-50x100,early_childhood.latino,minimum,V2,2,1425.2,1149.8,275.5,0.2851,0.6,0.23,0.5,fits,,A,2775.9,3640.2,0.4751,0.5815,4,False,,,0.2276,,
hillside-50x100,early_childhood.latino,minimum,V5,2,1425.2,811.1,614.1,0.2851,0.6,0.1622,0.5,fits,,A,3210.1,3978.9,0.4751,0.8624,3,False,,,0.2276,,
hillside-50x100,early_childhood.latino,optimum,V0,1,1610.0,1610.0,0,0.322,0.6,0.322,0.5,fits,,A,2185.9,3180.0,0.5367,0.8958,1,True,stair_independence,V1,0.2645,,
hillside-50x100,early_childhood.latino,optimum,V1,2,1730.0,1165.7,564.3,0.346,0.6,0.2331,0.5,fits,,A,2755.5,3624.3,0.5767,0.8843,2,False,,,0.2885,,
hillside-50x100,early_childhood.latino,optimum,V2,2,1730.0,1457.4,272.6,0.346,0.6,0.2915,0.5,fits,,A,2381.6,3332.6,0.5767,0.5549,4,False,,,0.2885,,
hillside-50x100,early_childhood.latino,optimum,V5,2,1730.0,1026.0,704.0,0.346,0.6,0.2052,0.5,fits,,A,2934.6,3764.0,0.5767,0.8552,3,False,,,0.2885,,
hillside-50x100,early_childhood.latino,maximum,V0,1,2880.8,2880.8,0,0.5762,0.6,0.5762,0.5,exceeds_coverage,exceeds_coverage,,0.0,2119.2,0.9602,,,False,,,0.4795,,
hillside-50x100,early_childhood.latino,maximum,V1,2,2655.8,1702.5,953.2,0.5312,0.6,0.3405,0.5,fits,,A,2067.3,2937.5,0.8852,0.7881,1,True,stair_independence,V5,0.4345,,
hillside-50x100,early_childhood.latino,maximum,V2,2,2655.7,2206.1,449.7,0.5311,0.6,0.4412,0.5,fits,,A,1421.7,2433.9,0.8852,0.4694,4,False,,,0.4345,,
hillside-50x100,early_childhood.latino,maximum,V4,2,2655.7,2451.9,203.9,0.5311,0.6,0.4904,0.5,fits,,A,1106.6,2188.1,0.8852,0.7338,3,False,,,0.4345,,
hillside-50x100,early_childhood.latino,maximum,V5,2,2655.8,1702.5,953.2,0.5312,0.6,0.3405,0.5,fits,,A,2067.3,2937.5,0.8852,0.7799,2,False,,,0.4345,,
hillside-50x100,early_childhood.latino,accessible,V0,1,1639.9,1639.9,0,0.328,0.6,0.328,0.5,fits,,A,2147.6,3150.1,0.5466,0.8925,1,True,stair_independence,V5,0.2705,,
hillside-50x100,early_childhood.latino,accessible,V1,2,1759.9,1542.1,217.8,0.352,0.6,0.3084,0.5,fits,,A,2272.9,3247.9,0.5866,0.5338,3,False,,,0.2945,,V2
hillside-50x100,early_childhood.latino,accessible,V5,2,1759.9,1056.6,703.3,0.352,0.6,0.2113,0.5,fits,,A,2895.4,3733.4,0.5866,0.8544,2,False,,,0.2945,,
hillside-50x100,early_childhood.latino,staged_final,V0,1,1610.0,1610.0,0,0.322,0.6,0.322,0.5,fits,,A,2185.9,3180.0,0.5367,0.8958,1,True,stair_independence,V1,0.2645,,
hillside-50x100,early_childhood.latino,staged_final,V1,2,1730.0,1165.7,564.3,0.346,0.6,0.2331,0.5,fits,,A,2755.5,3624.3,0.5767,0.8843,2,False,,,0.2885,,
hillside-50x100,early_childhood.latino,staged_final,V2,2,1730.0,1457.4,272.6,0.346,0.6,0.2915,0.5,fits,,A,2381.6,3332.6,0.5767,0.5549,4,False,,,0.2885,,
hillside-50x100,early_childhood.latino,staged_final,V5,2,1730.0,1026.0,704.0,0.346,0.6,0.2052,0.5,fits,,A,2934.6,3764.0,0.5767,0.8552,3,False,,,0.2885,,
hillside-50x100,early_childhood.anglo,minimum,V0,1,1305.2,1305.2,0,0.2611,0.6,0.2611,0.5,fits,,A,2576.6,3484.8,0.4351,0.9295,1,True,stair_independence,V1,0.2036,,
hillside-50x100,early_childhood.anglo,minimum,V1,2,1425.2,971.2,454.0,0.2851,0.6,0.1942,0.5,fits,,A,3004.9,3818.8,0.4751,0.9055,2,False,,,0.2276,,
hillside-50x100,early_childhood.anglo,minimum,V2,2,1425.2,1149.8,275.5,0.2851,0.6,0.23,0.5,fits,,A,2775.9,3640.2,0.4751,0.5815,4,False,,,0.2276,,
hillside-50x100,early_childhood.anglo,minimum,V5,2,1425.2,811.1,614.1,0.2851,0.6,0.1622,0.5,fits,,A,3210.1,3978.9,0.4751,0.8624,3,False,,,0.2276,,
hillside-50x100,early_childhood.anglo,optimum,V0,1,1736.5,1736.5,0,0.3473,0.6,0.3473,0.5,fits,,A,2023.7,3053.5,0.5788,0.8819,1,True,stair_independence,V1,0.2898,,
hillside-50x100,early_childhood.anglo,optimum,V1,2,1856.5,1227.8,628.7,0.3713,0.6,0.2456,0.5,fits,,A,2676.0,3562.2,0.6188,0.8735,2,False,,,0.3138,,
hillside-50x100,early_childhood.anglo,optimum,V2,2,1856.5,1584.7,271.8,0.3713,0.6,0.3169,0.5,fits,,A,2218.3,3205.3,0.6188,0.5406,4,False,,,0.3138,,
hillside-50x100,early_childhood.anglo,optimum,V5,2,1856.5,1070.4,786.1,0.3713,0.6,0.2141,0.5,fits,,A,2877.6,3719.6,0.6188,0.8485,3,False,,,0.3138,,
hillside-50x100,early_childhood.anglo,maximum,V0,1,2829.0,2829.0,0,0.5658,0.6,0.5658,0.5,exceeds_coverage,exceeds_coverage,,0.0,2171.0,0.943,,,False,,,0.4692,,
hillside-50x100,early_childhood.anglo,maximum,V1,2,2949.0,1916.2,1032.8,0.5898,0.6,0.3832,0.5,fits,,A,1793.4,2723.8,0.983,0.7629,1,True,stair_independence,V5,0.4932,,
hillside-50x100,early_childhood.anglo,maximum,V2,2,2949.0,2501.1,447.9,0.5898,0.6,0.5002,0.5,exceeds_coverage,exceeds_coverage,,0.0,2498.9,0.983,,,False,,,0.4932,,
hillside-50x100,early_childhood.anglo,maximum,V4,2,2949.0,2745.8,203.2,0.5898,0.6,0.5492,0.5,exceeds_coverage,exceeds_coverage,,0.0,2254.2,0.983,,,False,,,0.4932,,
hillside-50x100,early_childhood.anglo,maximum,V5,2,2949.0,1695.3,1253.7,0.5898,0.6,0.3391,0.5,fits,,A,2076.5,2944.7,0.983,0.7584,2,False,,,0.4932,,
hillside-50x100,early_childhood.anglo,accessible,V0,1,1766.4,1766.4,0,0.3533,0.6,0.3533,0.5,fits,,A,2147.1,3023.6,0.5888,0.8786,1,True,stair_independence,V5,0.2958,,
hillside-50x100,early_childhood.anglo,accessible,V1,2,1886.4,1669.2,217.2,0.3773,0.6,0.3338,0.5,fits,,A,2110.0,3120.8,0.6288,0.5196,3,False,,,0.3198,,V2
hillside-50x100,early_childhood.anglo,accessible,V5,2,1886.4,1101.0,785.4,0.3773,0.6,0.2202,0.5,fits,,A,2838.5,3689.0,0.6288,0.8477,2,False,,,0.3198,,
hillside-50x100,early_childhood.anglo,staged_final,V0,1,1736.5,1736.5,0,0.3473,0.6,0.3473,0.5,fits,,A,2023.7,3053.5,0.5788,0.8819,1,True,stair_independence,V1,0.2898,,
hillside-50x100,early_childhood.anglo,staged_final,V1,2,1856.5,1227.8,628.7,0.3713,0.6,0.2456,0.5,fits,,A,2676.0,3562.2,0.6188,0.8735,2,False,,,0.3138,,
hillside-50x100,early_childhood.anglo,staged_final,V2,2,1856.5,1584.7,271.8,0.3713,0.6,0.3169,0.5,fits,,A,2218.3,3205.3,0.6188,0.5406,4,False,,,0.3138,,
hillside-50x100,early_childhood.anglo,staged_final,V5,2,1856.5,1070.4,786.1,0.3713,0.6,0.2141,0.5,fits,,A,2877.6,3719.6,0.6188,0.8485,3,False,,,0.3138,,
hillside-50x100,teens_family.none,minimum,V0,1,1454.8,1454.8,0,0.2909,0.6,0.2909,0.5,fits,,A,2384.9,3335.2,0.4849,0.7215,2,False,,,0.2334,,
hillside-50x100,teens_family.none,minimum,V1,2,1574.8,983.0,591.8,0.315,0.6,0.1966,0.5,fits,,A,2989.8,3807.0,0.5249,0.7041,3,False,,,0.2575,,
hillside-50x100,teens_family.none,minimum,V2,2,1574.7,1141.9,432.9,0.3149,0.6,0.2284,0.5,fits,,A,2786.0,3648.1,0.5249,0.9046,1,True,separation,V0,0.2574,,
hillside-50x100,teens_family.none,minimum,V5,2,1574.7,964.6,610.1,0.3149,0.6,0.1929,0.5,fits,,A,3013.3,3825.4,0.5249,0.6528,4,False,,,0.2574,,
hillside-50x100,teens_family.none,optimum,V0,1,1805.5,1805.5,0,0.3611,0.6,0.3611,0.5,fits,,A,2100.6,2984.5,0.6018,0.682,2,False,,,0.3036,,
hillside-50x100,teens_family.none,optimum,V1,2,1925.5,1207.3,718.2,0.3851,0.6,0.2415,0.5,fits,,A,2702.2,3582.7,0.6418,0.6748,3,False,,,0.3276,,
hillside-50x100,teens_family.none,optimum,V2,2,1925.5,1497.2,428.3,0.3851,0.6,0.2994,0.5,fits,,A,2330.6,3292.8,0.6418,0.8725,1,True,separation,V0,0.3276,,
hillside-50x100,teens_family.none,optimum,V5,2,1925.5,1225.4,700.1,0.3851,0.6,0.2451,0.5,fits,,A,2678.9,3564.6,0.6418,0.6418,4,False,,,0.3276,,
hillside-50x100,teens_family.none,maximum,V0,1,2857.8,2857.8,0,0.5716,0.6,0.5716,0.5,exceeds_coverage,exceeds_coverage,,0.0,2142.2,0.9526,,,False,,,0.4749,,
hillside-50x100,teens_family.none,maximum,V1,2,2977.8,1861.8,1116.0,0.5956,0.6,0.3724,0.5,fits,,A,2033.6,2778.2,0.9926,0.5609,2,False,,,0.499,,
hillside-50x100,teens_family.none,maximum,V2,2,2977.8,2362.9,614.8,0.5956,0.6,0.4726,0.5,fits,,A,1220.6,2277.1,0.9926,0.7469,1,True,separation,V1,0.499,,
hillside-50x100,teens_family.none,maximum,V4,2,2977.7,2786.5,191.3,0.5955,0.6,0.5573,0.5,exceeds_coverage,exceeds_coverage,,0.0,2213.5,0.9926,,,False,,,0.4989,,
hillside-50x100,teens_family.none,maximum,V5,2,2977.8,1861.8,1116.0,0.5956,0.6,0.3724,0.5,fits,,A,2033.6,2778.2,0.9926,0.5431,3,False,,,0.499,,
hillside-50x100,teens_family.none,accessible,V0,1,1835.4,1835.4,0,0.3671,0.6,0.3671,0.5,fits,,A,2065.0,2954.6,0.6118,0.6786,2,False,,,0.3096,,
hillside-50x100,teens_family.none,accessible,V1,2,1955.4,1581.7,373.7,0.3911,0.6,0.3163,0.5,fits,,A,2222.2,3208.3,0.6518,0.8663,1,True,separation,V0,0.3336,,V2
hillside-50x100,teens_family.none,accessible,V5,2,1955.4,1255.8,699.6,0.3911,0.6,0.2512,0.5,fits,,A,2639.9,3534.2,0.6518,0.6409,3,False,,,0.3336,,
hillside-50x100,teens_family.none,staged_final,V0,1,1656.0,1656.0,0,0.3312,0.6,0.3312,0.5,fits,,A,2126.9,3134.0,0.552,0.6988,2,False,,,0.2737,,
hillside-50x100,teens_family.none,staged_final,V1,2,1776.0,1212.5,563.5,0.3552,0.6,0.2425,0.5,fits,,A,2695.5,3577.5,0.592,0.6839,3,False,,,0.2977,,
hillside-50x100,teens_family.none,staged_final,V2,2,1776.0,1503.7,272.3,0.3552,0.6,0.3007,0.5,fits,,A,2322.2,3286.3,0.592,0.8547,1,True,separation,V0,0.2977,,
hillside-50x100,teens_family.none,staged_final,V5,2,1776.0,1073.0,703.0,0.3552,0.6,0.2146,0.5,fits,,A,2874.3,3717.0,0.592,0.6509,4,False,,,0.2977,,
hillside-50x100,teens_family.latino,minimum,V0,1,1454.8,1454.8,0,0.2909,0.6,0.2909,0.5,fits,,A,2384.9,3335.2,0.4849,0.7215,2,False,,,0.2334,,
hillside-50x100,teens_family.latino,minimum,V1,2,1574.8,983.0,591.8,0.315,0.6,0.1966,0.5,fits,,A,2989.8,3807.0,0.5249,0.7041,3,False,,,0.2575,,
hillside-50x100,teens_family.latino,minimum,V2,2,1574.7,1141.9,432.9,0.3149,0.6,0.2284,0.5,fits,,A,2786.0,3648.1,0.5249,0.9046,1,True,separation,V0,0.2574,,
hillside-50x100,teens_family.latino,minimum,V5,2,1574.7,964.6,610.1,0.3149,0.6,0.1929,0.5,fits,,A,3013.3,3825.4,0.5249,0.6528,4,False,,,0.2574,,
hillside-50x100,teens_family.latino,optimum,V0,1,1805.5,1805.5,0,0.3611,0.6,0.3611,0.5,fits,,A,2100.6,2984.5,0.6018,0.682,2,False,,,0.3036,,
hillside-50x100,teens_family.latino,optimum,V1,2,1925.5,1207.3,718.2,0.3851,0.6,0.2415,0.5,fits,,A,2702.2,3582.7,0.6418,0.6748,3,False,,,0.3276,,
hillside-50x100,teens_family.latino,optimum,V2,2,1925.5,1497.2,428.3,0.3851,0.6,0.2994,0.5,fits,,A,2330.6,3292.8,0.6418,0.8725,1,True,separation,V0,0.3276,,
hillside-50x100,teens_family.latino,optimum,V5,2,1925.5,1225.4,700.1,0.3851,0.6,0.2451,0.5,fits,,A,2678.9,3564.6,0.6418,0.6418,4,False,,,0.3276,,
hillside-50x100,teens_family.latino,maximum,V0,1,2857.8,2857.8,0,0.5716,0.6,0.5716,0.5,exceeds_coverage,exceeds_coverage,,0.0,2142.2,0.9526,,,False,,,0.4749,,
hillside-50x100,teens_family.latino,maximum,V1,2,2977.8,1861.8,1116.0,0.5956,0.6,0.3724,0.5,fits,,A,2033.6,2778.2,0.9926,0.5609,2,False,,,0.499,,
hillside-50x100,teens_family.latino,maximum,V2,2,2977.8,2362.9,614.8,0.5956,0.6,0.4726,0.5,fits,,A,1220.6,2277.1,0.9926,0.7469,1,True,separation,V1,0.499,,
hillside-50x100,teens_family.latino,maximum,V4,2,2977.7,2786.5,191.3,0.5955,0.6,0.5573,0.5,exceeds_coverage,exceeds_coverage,,0.0,2213.5,0.9926,,,False,,,0.4989,,
hillside-50x100,teens_family.latino,maximum,V5,2,2977.8,1861.8,1116.0,0.5956,0.6,0.3724,0.5,fits,,A,2033.6,2778.2,0.9926,0.5431,3,False,,,0.499,,
hillside-50x100,teens_family.latino,accessible,V0,1,1835.4,1835.4,0,0.3671,0.6,0.3671,0.5,fits,,A,2065.0,2954.6,0.6118,0.6786,2,False,,,0.3096,,
hillside-50x100,teens_family.latino,accessible,V1,2,1955.4,1581.7,373.7,0.3911,0.6,0.3163,0.5,fits,,A,2222.2,3208.3,0.6518,0.8663,1,True,separation,V0,0.3336,,V2
hillside-50x100,teens_family.latino,accessible,V5,2,1955.4,1255.8,699.6,0.3911,0.6,0.2512,0.5,fits,,A,2639.9,3534.2,0.6518,0.6409,3,False,,,0.3336,,
hillside-50x100,teens_family.latino,staged_final,V0,1,1656.0,1656.0,0,0.3312,0.6,0.3312,0.5,fits,,A,2126.9,3134.0,0.552,0.6988,2,False,,,0.2737,,
hillside-50x100,teens_family.latino,staged_final,V1,2,1776.0,1212.5,563.5,0.3552,0.6,0.2425,0.5,fits,,A,2695.5,3577.5,0.592,0.6839,3,False,,,0.2977,,
hillside-50x100,teens_family.latino,staged_final,V2,2,1776.0,1503.7,272.3,0.3552,0.6,0.3007,0.5,fits,,A,2322.2,3286.3,0.592,0.8547,1,True,separation,V0,0.2977,,
hillside-50x100,teens_family.latino,staged_final,V5,2,1776.0,1073.0,703.0,0.3552,0.6,0.2146,0.5,fits,,A,2874.3,3717.0,0.592,0.6509,4,False,,,0.2977,,
hillside-50x100,teens_family.anglo,minimum,V0,1,1454.8,1454.8,0,0.2909,0.6,0.2909,0.5,fits,,A,2384.9,3335.2,0.4849,0.7315,2,False,,,0.2334,,
hillside-50x100,teens_family.anglo,minimum,V1,2,1574.7,964.6,610.1,0.3149,0.6,0.1929,0.5,fits,,A,3013.3,3825.4,0.5249,0.7147,3,False,,,0.2574,,
hillside-50x100,teens_family.anglo,minimum,V2,2,1574.7,1123.6,451.2,0.3149,0.6,0.2247,0.5,fits,,A,2809.5,3666.4,0.5249,0.9065,1,True,separation,V0,0.2574,,
hillside-50x100,teens_family.anglo,minimum,V5,2,1574.7,964.6,610.1,0.3149,0.6,0.1929,0.5,fits,,A,3013.3,3825.4,0.5249,0.6679,4,False,,,0.2574,,
hillside-50x100,teens_family.anglo,optimum,V0,1,1886.0,1886.0,0,0.3772,0.6,0.3772,0.5,fits,,A,2004.8,2904.0,0.6287,0.6797,3,False,,,0.3197,,
hillside-50x100,teens_family.anglo,optimum,V1,2,2006.0,1222.9,783.1,0.4012,0.6,0.2446,0.5,fits,,A,2682.1,3567.1,0.6687,0.6799,2,False,,,0.3437,,
hillside-50x100,teens_family.anglo,optimum,V2,2,2006.0,1512.2,493.8,0.4012,0.6,0.3024,0.5,fits,,A,2311.3,3277.8,0.6687,0.8655,1,True,separation,V1,0.3437,,
hillside-50x100,teens_family.anglo,optimum,V5,2,2006.0,1222.9,783.1,0.4012,0.6,0.2446,0.5,fits,,A,2682.1,3567.1,0.6687,0.6527,4,False,,,0.3437,,
hillside-50x100,teens_family.anglo,maximum,V0,1,2938.2,2938.2,0,0.5877,0.6,0.5877,0.5,exceeds_coverage,exceeds_coverage,,0.0,2061.8,0.9794,,,False,,,0.491,,
hillside-50x100,teens_family.anglo,maximum,V1,2,2972.0,1714.3,1257.7,0.5944,0.6,0.3429,0.5,fits,,A,2052.2,2925.7,0.9907,0.5765,2,False,,,0.4978,,
hillside-50x100,teens_family.anglo,maximum,V2,2,2972.0,2295.4,676.6,0.5944,0.6,0.4591,0.5,fits,,A,1307.2,2344.6,0.9907,0.7473,1,True,separation,V1,0.4978,,
hillside-50x100,teens_family.anglo,maximum,V4,2,2972.0,2781.6,190.4,0.5944,0.6,0.5563,0.5,exceeds_coverage,exceeds_coverage,,0.0,2218.4,0.9907,,,False,,,0.4978,,
hillside-50x100,teens_family.anglo,maximum,V5,2,2972.0,1898.1,1073.9,0.5944,0.6,0.3796,0.5,fits,,A,1816.6,2741.9,0.9907,0.5527,3,False,,,0.4978,,
hillside-50x100,teens_family.anglo,accessible,V0,1,1915.9,1915.9,0,0.3832,0.6,0.3832,0.5,fits,,A,1793.7,2874.1,0.6386,0.6761,2,False,,,0.3257,,
hillside-50x100,teens_family.anglo,accessible,V1,2,2035.9,1662.8,373.1,0.4072,0.6,0.3326,0.5,fits,,A,2118.2,3127.2,0.6786,0.8588,1,True,separation,V0,0.3497,,V2
hillside-50x100,teens_family.anglo,accessible,V5,2,2035.9,1253.4,782.5,0.4072,0.6,0.2507,0.5,fits,,A,2643.1,3536.6,0.6786,0.6519,3,False,,,0.3497,,
hillside-50x100,teens_family.anglo,staged_final,V0,1,1736.5,1736.5,0,0.3473,0.6,0.3473,0.5,fits,,A,2023.7,3053.5,0.5788,0.6977,2,False,,,0.2898,,
hillside-50x100,teens_family.anglo,staged_final,V1,2,1856.5,1227.8,628.7,0.3713,0.6,0.2456,0.5,fits,,A,2676.0,3562.2,0.6188,0.6886,3,False,,,0.3138,,
hillside-50x100,teens_family.anglo,staged_final,V2,2,1856.5,1584.7,271.8,0.3713,0.6,0.3169,0.5,fits,,A,2218.3,3205.3,0.6188,0.8485,1,True,separation,V0,0.3138,,
hillside-50x100,teens_family.anglo,staged_final,V5,2,1856.5,1070.4,786.1,0.3713,0.6,0.2141,0.5,fits,,A,2877.6,3719.6,0.6188,0.6614,4,False,,,0.3138,,
hillside-50x100,multigenerational.none,minimum,V0,1,1523.7,1523.7,0,0.3047,0.6,0.3047,0.5,fits,,A,2296.5,3266.2,0.5079,0.8971,1,True,stair_independence,V1,0.2472,,
hillside-50x100,multigenerational.none,minimum,V1,2,1643.8,1212.0,431.8,0.3287,0.6,0.2424,0.5,fits,,A,2696.2,3578.0,0.5479,0.8908,2,False,,,0.2712,,V3
hillside-50x100,multigenerational.none,minimum,V2,2,1643.8,1370.4,273.3,0.3287,0.6,0.2741,0.5,fits,,A,2493.0,3419.6,0.5479,0.8746,3,False,,,0.2712,,
hillside-50x100,multigenerational.none,optimum,V0,1,1811.2,1811.2,0,0.3622,0.6,0.3622,0.5,fits,,A,2093.8,2978.8,0.6037,0.8626,1,True,stair_independence,V1,0.3047,,
hillside-50x100,multigenerational.none,optimum,V1,2,1931.2,1370.1,561.1,0.3862,0.6,0.274,0.5,fits,,A,2493.4,3419.9,0.6437,0.862,2,False,,,0.3287,,V3
hillside-50x100,multigenerational.none,optimum,V2,2,1931.2,1659.9,271.3,0.3862,0.6,0.332,0.5,fits,,A,2121.9,3130.1,0.6437,0.8394,3,False,,,0.3287,,
hillside-50x100,multigenerational.none,maximum,V0,1,2949.7,2949.7,0,0.5899,0.6,0.5899,0.5,exceeds_coverage,exceeds_coverage,,0.0,2050.3,0.9832,,,False,,,0.4933,,
hillside-50x100,multigenerational.none,maximum,V1,2,2983.5,2004.6,978.9,0.5967,0.6,0.4009,0.5,fits,,A,1680.0,2635.4,0.9945,0.7414,1,True,open_area,V2,0.5001,,
hillside-50x100,multigenerational.none,maximum,V2,2,2983.5,2431.4,552.1,0.5967,0.6,0.4863,0.5,fits,,A,1132.8,2208.6,0.9945,0.7381,2,False,,,0.5001,,
hillside-50x100,multigenerational.none,maximum,V3,2,2983.5,2135.0,848.5,0.5967,0.6,0.427,0.5,fits,,A,1512.8,2505.0,0.9945,0.7333,3,False,,,0.5001,,
hillside-50x100,multigenerational.none,maximum,V4,2,2983.5,2793.1,190.4,0.5967,0.6,0.5586,0.5,exceeds_coverage,exceeds_coverage,,0.0,2206.9,0.9945,,,False,,,0.5001,,
hillside-50x100,multigenerational.none,accessible,V0,1,1841.1,1841.1,0,0.3682,0.6,0.3682,0.5,fits,,A,2058.2,2948.9,0.6137,0.859,1,True,stair_independence,V1,0.3107,,
hillside-50x100,multigenerational.none,accessible,V1,2,1961.1,1400.4,560.7,0.3922,0.6,0.2801,0.5,fits,,A,2454.6,3389.6,0.6537,0.859,2,False,,,0.3347,,V3
hillside-50x100,multigenerational.none,accessible,V2,2,1961.2,1690.0,271.1,0.3922,0.6,0.338,0.5,fits,,A,2083.3,3100.0,0.6537,0.8357,3,False,,,0.3347,,
hillside-50x100,multigenerational.none,staged_final,V0,1,1960.7,1960.7,0,0.3921,0.6,0.3921,0.5,fits,,A,1736.2,2829.2,0.6536,0.6708,3,False,,,0.3346,,
hillside-50x100,multigenerational.none,staged_final,V1,2,2080.8,1365.2,715.6,0.4162,0.6,0.273,0.5,fits,,A,2499.8,3424.8,0.6936,0.6797,2,False,,,0.3587,,V3
hillside-50x100,multigenerational.none,staged_final,V2,2,2080.8,1653.9,426.9,0.4162,0.6,0.3308,0.5,fits,,A,2129.7,3136.1,0.6936,0.8568,1,True,separation,V1,0.3587,,
hillside-50x100,multigenerational.latino,minimum,V0,1,1523.7,1523.7,0,0.3047,0.6,0.3047,0.5,fits,,A,2296.5,3266.2,0.5079,0.8971,1,True,stair_independence,V1,0.2472,,
hillside-50x100,multigenerational.latino,minimum,V1,2,1643.8,1212.0,431.8,0.3287,0.6,0.2424,0.5,fits,,A,2696.2,3578.0,0.5479,0.8908,2,False,,,0.2712,,V3
hillside-50x100,multigenerational.latino,minimum,V2,2,1643.8,1370.4,273.3,0.3287,0.6,0.2741,0.5,fits,,A,2493.0,3419.6,0.5479,0.8746,3,False,,,0.2712,,
hillside-50x100,multigenerational.latino,optimum,V0,1,1811.2,1811.2,0,0.3622,0.6,0.3622,0.5,fits,,A,2093.8,2978.8,0.6037,0.8626,1,True,stair_independence,V1,0.3047,,
hillside-50x100,multigenerational.latino,optimum,V1,2,1931.2,1370.1,561.1,0.3862,0.6,0.274,0.5,fits,,A,2493.4,3419.9,0.6437,0.862,2,False,,,0.3287,,V3
hillside-50x100,multigenerational.latino,optimum,V2,2,1931.2,1659.9,271.3,0.3862,0.6,0.332,0.5,fits,,A,2121.9,3130.1,0.6437,0.8394,3,False,,,0.3287,,
hillside-50x100,multigenerational.latino,maximum,V0,1,2972.7,2972.7,0,0.5945,0.6,0.5945,0.5,exceeds_coverage,exceeds_coverage,,0.0,2027.3,0.9909,,,False,,,0.4979,,
hillside-50x100,multigenerational.latino,maximum,V1,2,2983.5,2004.6,978.9,0.5967,0.6,0.4009,0.5,fits,,A,1680.0,2635.4,0.9945,0.7414,1,True,open_area,V2,0.5001,,
hillside-50x100,multigenerational.latino,maximum,V2,2,2983.5,2431.4,552.1,0.5967,0.6,0.4863,0.5,fits,,A,1132.8,2208.6,0.9945,0.7381,2,False,,,0.5001,,
hillside-50x100,multigenerational.latino,maximum,V3,2,2983.5,2135.0,848.5,0.5967,0.6,0.427,0.5,fits,,A,1512.8,2505.0,0.9945,0.7333,3,False,,,0.5001,,
hillside-50x100,multigenerational.latino,maximum,V4,2,2983.5,2793.1,190.4,0.5967,0.6,0.5586,0.5,exceeds_coverage,exceeds_coverage,,0.0,2206.9,0.9945,,,False,,,0.5001,,
hillside-50x100,multigenerational.latino,accessible,V0,1,1841.1,1841.1,0,0.3682,0.6,0.3682,0.5,fits,,A,2058.2,2948.9,0.6137,0.859,1,True,stair_independence,V1,0.3107,,
hillside-50x100,multigenerational.latino,accessible,V1,2,1961.1,1400.4,560.7,0.3922,0.6,0.2801,0.5,fits,,A,2454.6,3389.6,0.6537,0.859,2,False,,,0.3347,,V3
hillside-50x100,multigenerational.latino,accessible,V2,2,1961.2,1690.0,271.1,0.3922,0.6,0.338,0.5,fits,,A,2083.3,3100.0,0.6537,0.8357,3,False,,,0.3347,,
hillside-50x100,multigenerational.latino,staged_final,V0,1,1960.7,1960.7,0,0.3921,0.6,0.3921,0.5,fits,,A,1736.2,2829.2,0.6536,0.6708,3,False,,,0.3346,,
hillside-50x100,multigenerational.latino,staged_final,V1,2,2080.8,1365.2,715.6,0.4162,0.6,0.273,0.5,fits,,A,2499.8,3424.8,0.6936,0.6797,2,False,,,0.3587,,V3
hillside-50x100,multigenerational.latino,staged_final,V2,2,2080.8,1653.9,426.9,0.4162,0.6,0.3308,0.5,fits,,A,2129.7,3136.1,0.6936,0.8568,1,True,separation,V1,0.3587,,
hillside-50x100,multigenerational.anglo,minimum,V0,1,1523.7,1523.7,0,0.3047,0.6,0.3047,0.5,fits,,A,2296.5,3266.2,0.5079,0.8971,1,True,stair_independence,V1,0.2472,,
hillside-50x100,multigenerational.anglo,minimum,V1,2,1643.7,1193.7,450.1,0.3287,0.6,0.2387,0.5,fits,,A,2719.7,3596.3,0.5479,0.8891,2,False,,,0.2712,,V3
hillside-50x100,multigenerational.anglo,minimum,V2,2,1643.8,1370.4,273.3,0.3287,0.6,0.2741,0.5,fits,,A,2493.0,3419.6,0.5479,0.8746,3,False,,,0.2712,,
hillside-50x100,multigenerational.anglo,optimum,V0,1,2001.0,2001.0,0,0.4002,0.6,0.4002,0.5,fits,,A,1684.6,2789.0,0.667,0.8398,1,True,stair_independence,V1,0.3427,,
hillside-50x100,multigenerational.anglo,optimum,V1,2,2121.0,1496.2,624.8,0.4242,0.6,0.2992,0.5,fits,,A,2331.9,3293.8,0.707,0.8395,2,False,,,0.3667,,V3
hillside-50x100,multigenerational.anglo,optimum,V2,2,2121.0,1850.7,270.3,0.4242,0.6,0.3701,0.5,fits,,A,2046.8,2939.3,0.707,0.8162,3,False,,,0.3667,,
hillside-50x100,multigenerational.anglo,maximum,V0,1,2978.5,2978.5,0,0.5957,0.6,0.5957,0.5,exceeds_coverage,exceeds_coverage,,0.0,2021.5,0.9928,,,False,,,0.4991,,
hillside-50x100,multigenerational.anglo,maximum,V1,2,2937.5,1815.0,1122.5,0.5875,0.6,0.363,0.5,fits,,A,2089.3,2975.0,0.9792,0.7706,1,True,open_area,V2,0.53,,
hillside-50x100,multigenerational.anglo,maximum,V2,2,2937.5,2328.3,609.2,0.5875,0.6,0.4657,0.5,fits,,A,1265.0,2461.7,0.9792,0.7652,2,False,,,0.53,,
hillside-50x100,multigenerational.anglo,maximum,V3,2,2937.5,1946.3,991.2,0.5875,0.6,0.3893,0.5,fits,,A,1754.8,2843.7,0.9792,0.7624,3,False,,,0.53,,
hillside-50x100,multigenerational.anglo,maximum,V4,2,2937.5,2746.2,191.3,0.5875,0.6,0.5492,0.5,exceeds_coverage,exceeds_coverage,,0.0,2253.8,0.9792,,,False,,,0.53,,
hillside-50x100,multigenerational.anglo,accessible,V0,1,2030.9,2030.9,0,0.4062,0.6,0.4062,0.5,fits,,A,1646.3,2759.1,0.677,0.8362,2,False,,,0.3487,,
hillside-50x100,multigenerational.anglo,accessible,V1,2,2150.9,1526.4,624.5,0.4302,0.6,0.3053,0.5,fits,,A,2293.0,3263.6,0.717,0.8366,1,True,open_area,V0,0.3727,,V3
hillside-50x100,multigenerational.anglo,accessible,V2,2,2150.9,1880.7,270.2,0.4302,0.6,0.3761,0.5,fits,,A,2011.0,2909.3,0.717,0.8126,3,False,,,0.3727,,
hillside-50x100,multigenerational.anglo,staged_final,V0,1,2150.5,2150.5,0,0.4301,0.6,0.4301,0.5,fits,,A,1492.9,2639.5,0.7168,0.648,3,False,,,0.3726,,
hillside-50x100,multigenerational.anglo,staged_final,V1,2,2270.5,1491.7,778.8,0.4541,0.6,0.2983,0.5,fits,,A,2337.6,3298.3,0.7568,0.6572,2,False,,,0.3966,,V3
hillside-50x100,multigenerational.anglo,staged_final,V2,2,2270.5,1845.1,425.4,0.4541,0.6,0.369,0.5,fits,,A,2053.5,2944.9,0.7568,0.8339,1,True,separation,V1,0.3966,,
hillside-50x100,empty_nest.none,minimum,V0,1,1155.8,1155.8,0,0.2311,0.6,0.2311,0.5,fits,,A,2768.3,3634.2,0.3852,0.9358,1,True,stair_independence,V1,0.1736,,
hillside-50x100,empty_nest.none,minimum,V1,2,1275.8,998.3,277.5,0.2551,0.6,0.1997,0.5,fits,,A,2970.2,3791.7,0.4253,0.8549,2,False,,,0.1976,,
hillside-50x100,empty_nest.none,minimum,V5,2,1275.8,656.5,619.2,0.2551,0.6,0.1313,0.5,fits,,A,3408.3,4133.5,0.4253,0.7368,3,False,,,0.1976,,
hillside-50x100,empty_nest.none,optimum,V0,1,1431.8,1431.8,0,0.2863,0.6,0.2863,0.5,fits,,A,2414.4,3358.2,0.4773,0.9137,1,True,stair_independence,V5,0.2288,,
hillside-50x100,empty_nest.none,optimum,V5,2,1551.8,843.2,708.6,0.3104,0.6,0.1686,0.5,fits,,A,3169.0,3946.8,0.5172,0.7444,2,False,,,0.2529,,
hillside-50x100,empty_nest.none,maximum,V0,1,2133.2,2133.2,0,0.4266,0.6,0.4266,0.5,fits,,A,1515.1,2506.8,0.7111,0.8259,1,True,upper_efficiency,V1,0.3301,,
hillside-50x100,empty_nest.none,maximum,V1,2,2253.2,1981.7,271.5,0.4506,0.6,0.3963,0.5,fits,,A,1709.3,2658.3,0.7511,0.8018,2,False,,,0.354,,V2
hillside-50x100,empty_nest.none,maximum,V4,2,2253.2,2048.2,205.0,0.4506,0.6,0.4096,0.5,fits,,A,1624.1,2591.8,0.7511,0.7802,3,False,,,0.354,,
hillside-50x100,empty_nest.none,maximum,V5,2,2253.2,1443.9,809.4,0.4506,0.6,0.2888,0.5,fits,,A,2398.9,3196.1,0.7511,0.7161,4,False,,,0.354,,
hillside-50x100,empty_nest.none,accessible,V0,1,1461.6,1461.6,0,0.2923,0.6,0.2923,0.5,fits,,A,2376.1,3328.4,0.4872,0.9106,1,True,stair_independence,V5,0.2348,,
hillside-50x100,empty_nest.none,accessible,V5,2,1581.6,873.9,707.7,0.3163,0.6,0.1748,0.5,fits,,A,3129.6,3916.1,0.5272,0.7454,2,False,,,0.2588,,
hillside-50x100,empty_nest.none,staged_final,V0,1,1431.8,1431.8,0,0.2863,0.6,0.2863,0.5,fits,,A,2414.4,3358.2,0.4773,0.9137,1,True,stair_independence,V5,0.2288,,
hillside-50x100,empty_nest.none,staged_final,V5,2,1551.8,843.2,708.6,0.3104,0.6,0.1686,0.5,fits,,A,3169.0,3946.8,0.5172,0.7444,2,False,,,0.2529,,
hillside-50x100,empty_nest.latino,minimum,V0,1,1155.8,1155.8,0,0.2311,0.6,0.2311,0.5,fits,,A,2768.3,3634.2,0.3852,0.9358,1,True,stair_independence,V1,0.1736,,
hillside-50x100,empty_nest.latino,minimum,V1,2,1275.8,998.3,277.5,0.2551,0.6,0.1997,0.5,fits,,A,2970.2,3791.7,0.4253,0.8549,2,False,,,0.1976,,
hillside-50x100,empty_nest.latino,minimum,V5,2,1275.8,656.5,619.2,0.2551,0.6,0.1313,0.5,fits,,A,3408.3,4133.5,0.4253,0.7368,3,False,,,0.1976,,
hillside-50x100,empty_nest.latino,optimum,V0,1,1431.8,1431.8,0,0.2863,0.6,0.2863,0.5,fits,,A,2414.4,3358.2,0.4773,0.9137,1,True,stair_independence,V5,0.2288,,
hillside-50x100,empty_nest.latino,optimum,V5,2,1551.8,843.2,708.6,0.3104,0.6,0.1686,0.5,fits,,A,3169.0,3946.8,0.5172,0.7444,2,False,,,0.2529,,
hillside-50x100,empty_nest.latino,maximum,V0,1,2185.0,2185.0,0,0.437,0.6,0.437,0.5,fits,,A,1448.7,2455.0,0.7283,0.8205,1,True,upper_efficiency,V1,0.3404,,
hillside-50x100,empty_nest.latino,maximum,V1,2,2305.0,2033.7,271.3,0.461,0.6,0.4067,0.5,fits,,A,1642.6,2606.3,0.7683,0.7964,2,False,,,0.3644,,V2
hillside-50x100,empty_nest.latino,maximum,V4,2,2305.0,2100.1,204.9,0.461,0.6,0.42,0.5,fits,,A,1557.5,2539.9,0.7683,0.7748,3,False,,,0.3644,,
hillside-50x100,empty_nest.latino,maximum,V5,2,2305.0,1442.2,862.8,0.461,0.6,0.2884,0.5,fits,,A,2401.0,3197.8,0.7683,0.7089,4,False,,,0.3644,,
hillside-50x100,empty_nest.latino,accessible,V0,1,1461.6,1461.6,0,0.2923,0.6,0.2923,0.5,fits,,A,2376.1,3328.4,0.4872,0.9106,1,True,stair_independence,V5,0.2348,,
hillside-50x100,empty_nest.latino,accessible,V5,2,1581.6,873.9,707.7,0.3163,0.6,0.1748,0.5,fits,,A,3129.6,3916.1,0.5272,0.7454,2,False,,,0.2588,,
hillside-50x100,empty_nest.latino,staged_final,V0,1,1431.8,1431.8,0,0.2863,0.6,0.2863,0.5,fits,,A,2414.4,3358.2,0.4773,0.9137,1,True,stair_independence,V5,0.2288,,
hillside-50x100,empty_nest.latino,staged_final,V5,2,1551.8,843.2,708.6,0.3104,0.6,0.1686,0.5,fits,,A,3169.0,3946.8,0.5172,0.7444,2,False,,,0.2529,,
hillside-50x100,empty_nest.anglo,minimum,V0,1,1155.8,1155.8,0,0.2311,0.6,0.2311,0.5,fits,,A,2768.3,3634.2,0.3852,0.9384,1,True,stair_independence,V1,0.1736,,
hillside-50x100,empty_nest.anglo,minimum,V1,2,1275.8,979.6,296.1,0.2551,0.6,0.1959,0.5,fits,,A,2994.1,3810.4,0.4253,0.8595,2,False,,,0.1976,,
hillside-50x100,empty_nest.anglo,minimum,V5,2,1275.8,656.5,619.2,0.2551,0.6,0.1313,0.5,fits,,A,3408.3,4133.5,0.4253,0.7473,3,False,,,0.1976,,
hillside-50x100,empty_nest.anglo,optimum,V0,1,1558.2,1558.2,0,0.3116,0.6,0.3116,0.5,fits,,A,2252.2,3231.8,0.5194,0.9016,1,True,stair_independence,V5,0.2541,,
hillside-50x100,empty_nest.anglo,optimum,V5,2,1678.2,887.8,790.4,0.3357,0.6,0.1776,0.5,fits,,A,3111.8,3902.2,0.5594,0.7479,2,False,,,0.2782,,
hillside-50x100,empty_nest.anglo,maximum,V0,1,2277.0,2277.0,0,0.4554,0.6,0.4554,0.5,fits,,A,1330.8,2363.0,0.759,0.8056,1,True,upper_efficiency,V1,0.3588,,
hillside-50x100,empty_nest.anglo,maximum,V1,2,2397.0,2126.2,270.8,0.4794,0.6,0.4252,0.5,fits,,A,1524.1,2513.8,0.799,0.784,2,False,,,0.3828,,V2
hillside-50x100,empty_nest.anglo,maximum,V4,2,2397.0,2192.4,204.6,0.4794,0.6,0.4385,0.5,fits,,A,1439.2,2447.6,0.799,0.7626,3,False,,,0.3828,,
hillside-50x100,empty_nest.anglo,maximum,V5,2,2397.0,1493.7,903.3,0.4794,0.6,0.2987,0.5,fits,,A,2335.0,3146.3,0.799,0.7135,4,False,,,0.3828,,
hillside-50x100,empty_nest.anglo,accessible,V0,1,1588.1,1588.1,0,0.3176,0.6,0.3176,0.5,fits,,A,2213.9,3201.9,0.5294,0.8983,1,True,stair_independence,V5,0.2601,,
hillside-50x100,empty_nest.anglo,accessible,V5,2,1708.1,918.5,789.6,0.3416,0.6,0.1837,0.5,fits,,A,3072.4,3871.5,0.5694,0.7488,2,False,,,0.2841,,
hillside-50x100,empty_nest.anglo,staged_final,V0,1,1558.2,1558.2,0,0.3116,0.6,0.3116,0.5,fits,,A,2252.2,3231.8,0.5194,0.9016,1,True,stair_independence,V5,0.2541,,
hillside-50x100,empty_nest.anglo,staged_final,V5,2,1678.2,887.8,790.4,0.3357,0.6,0.1776,0.5,fits,,A,3111.8,3902.2,0.5594,0.7479,2,False,,,0.2782,,
hillside-50x100,remote_work.none,minimum,V0,1,1282.2,1282.2,0,0.2565,0.6,0.2565,0.5,fits,,A,2606.1,3507.8,0.4274,0.9145,1,True,stair_independence,V1,0.1989,,
hillside-50x100,remote_work.none,minimum,V1,2,1402.2,990.9,411.4,0.2804,0.6,0.1982,0.5,fits,,A,2979.7,3799.1,0.4674,0.886,2,False,,,0.223,,
hillside-50x100,remote_work.none,minimum,V2,2,1402.2,1151.1,251.1,0.2804,0.6,0.2302,0.5,fits,,A,2774.2,3638.9,0.4674,0.8702,3,False,,,0.223,,
hillside-50x100,remote_work.none,minimum,V4,2,1402.2,1206.6,195.6,0.2804,0.6,0.2413,0.5,fits,,A,2703.0,3583.4,0.4674,0.8517,4,False,,,0.223,,
hillside-50x100,remote_work.none,minimum,V5,2,1402.2,787.4,614.8,0.2804,0.6,0.1575,0.5,fits,,A,3240.5,4002.6,0.4674,0.8296,5,False,,,0.223,,
hillside-50x100,remote_work.none,optimum,V0,1,1656.0,1656.0,0,0.3312,0.6,0.3312,0.5,fits,,A,2126.9,3134.0,0.552,0.8687,2,False,,,0.2737,,
hillside-50x100,remote_work.none,optimum,V1,2,1776.0,1103.3,672.7,0.3552,0.6,0.2207,0.5,fits,,A,2835.5,3686.7,0.592,0.8485,4,False,,,0.2977,,
hillside-50x100,remote_work.none,optimum,V2,2,1776.0,1394.5,381.5,0.3552,0.6,0.2789,0.5,fits,,A,2462.2,3395.5,0.592,0.8756,1,True,open_area,V0,0.2977,,
hillside-50x100,remote_work.none,optimum,V4,2,1776.0,1449.1,326.9,0.3552,0.6,0.2898,0.5,fits,,A,2392.2,3340.9,0.592,0.8615,3,False,,,0.2977,,
hillside-50x100,remote_work.none,optimum,V5,2,1776.0,1151.9,624.1,0.3552,0.6,0.2304,0.5,fits,,A,2773.2,3638.1,0.592,0.8169,5,False,,,0.2977,,
hillside-50x100,remote_work.none,maximum,V0,1,2208.0,2208.0,0,0.4416,0.6,0.4416,0.5,fits,,A,1419.2,2582.0,0.736,0.8003,4,False,,,0.3841,,
hillside-50x100,remote_work.none,maximum,V1,2,2328.0,1236.4,1091.6,0.4656,0.6,0.2473,0.5,fits,,A,2664.9,3553.6,0.776,0.8015,3,False,,,0.4081,,
hillside-50x100,remote_work.none,maximum,V2,2,2328.0,1743.1,584.9,0.4656,0.6,0.3486,0.5,fits,,A,2015.2,3046.9,0.776,0.8189,1,True,open_area,V4,0.4081,,
hillside-50x100,remote_work.none,maximum,V4,2,2328.0,1809.5,518.5,0.4656,0.6,0.3619,0.5,fits,,A,2095.8,2980.5,0.776,0.8151,2,False,,,0.4081,,
hillside-50x100,remote_work.none,maximum,V5,2,2328.0,1604.4,723.6,0.4656,0.6,0.3209,0.5,fits,,A,2193.1,3185.6,0.776,0.7722,5,False,,,0.4081,,
hillside-50x100,remote_work.none,accessible,V0,1,1685.9,1685.9,0,0.3372,0.6,0.3372,0.5,fits,,A,2088.6,3104.1,0.562,0.865,1,True,upper_efficiency,V1,0.2797,,
hillside-50x100,remote_work.none,accessible,V1,2,1805.9,1479.3,326.6,0.3612,0.6,0.2959,0.5,fits,,A,2353.5,3310.7,0.602,0.8577,2,False,,,0.3037,,"V2,V4"
hillside-50x100,remote_work.none,accessible,V5,2,1805.9,1182.3,623.6,0.3612,0.6,0.2365,0.5,fits,,A,2734.2,3607.7,0.602,0.816,3,False,,,0.3037,,
hillside-50x100,remote_work.none,staged_final,V0,1,1656.0,1656.0,0,0.3312,0.6,0.3312,0.5,fits,,A,2126.9,3134.0,0.552,0.8687,2,False,,,0.2737,,
hillside-50x100,remote_work.none,staged_final,V1,2,1776.0,1103.3,672.7,0.3552,0.6,0.2207,0.5,fits,,A,2835.5,3686.7,0.592,0.8485,4,False,,,0.2977,,
hillside-50x100,remote_work.none,staged_final,V2,2,1776.0,1394.5,381.5,0.3552,0.6,0.2789,0.5,fits,,A,2462.2,3395.5,0.592,0.8756,1,True,open_area,V0,0.2977,,
hillside-50x100,remote_work.none,staged_final,V4,2,1776.0,1449.1,326.9,0.3552,0.6,0.2898,0.5,fits,,A,2392.2,3340.9,0.592,0.8615,3,False,,,0.2977,,
hillside-50x100,remote_work.none,staged_final,V5,2,1776.0,1151.9,624.1,0.3552,0.6,0.2304,0.5,fits,,A,2773.2,3638.1,0.592,0.8169,5,False,,,0.2977,,
hillside-50x100,remote_work.latino,minimum,V0,1,1282.2,1282.2,0,0.2565,0.6,0.2565,0.5,fits,,A,2606.1,3507.8,0.4274,0.9145,1,True,stair_independence,V1,0.1989,,
hillside-50x100,remote_work.latino,minimum,V1,2,1402.2,990.9,411.4,0.2804,0.6,0.1982,0.5,fits,,A,2979.7,3799.1,0.4674,0.886,2,False,,,0.223,,
hillside-50x100,remote_work.latino,minimum,V2,2,1402.2,1151.1,251.1,0.2804,0.6,0.2302,0.5,fits,,A,2774.2,3638.9,0.4674,0.8702,3,False,,,0.223,,
hillside-50x100,remote_work.latino,minimum,V4,2,1402.2,1206.6,195.6,0.2804,0.6,0.2413,0.5,fits,,A,2703.0,3583.4,0.4674,0.8517,4,False,,,0.223,,
hillside-50x100,remote_work.latino,minimum,V5,2,1402.2,787.4,614.8,0.2804,0.6,0.1575,0.5,fits,,A,3240.5,4002.6,0.4674,0.8296,5,False,,,0.223,,
hillside-50x100,remote_work.latino,optimum,V0,1,1656.0,1656.0,0,0.3312,0.6,0.3312,0.5,fits,,A,2126.9,3134.0,0.552,0.8687,2,False,,,0.2737,,
hillside-50x100,remote_work.latino,optimum,V1,2,1776.0,1103.3,672.7,0.3552,0.6,0.2207,0.5,fits,,A,2835.5,3686.7,0.592,0.8485,4,False,,,0.2977,,
hillside-50x100,remote_work.latino,optimum,V2,2,1776.0,1394.5,381.5,0.3552,0.6,0.2789,0.5,fits,,A,2462.2,3395.5,0.592,0.8756,1,True,open_area,V0,0.2977,,
hillside-50x100,remote_work.latino,optimum,V4,2,1776.0,1449.1,326.9,0.3552,0.6,0.2898,0.5,fits,,A,2392.2,3340.9,0.592,0.8615,3,False,,,0.2977,,
hillside-50x100,remote_work.latino,optimum,V5,2,1776.0,1151.9,624.1,0.3552,0.6,0.2304,0.5,fits,,A,2773.2,3638.1,0.592,0.8169,5,False,,,0.2977,,
hillside-50x100,remote_work.latino,maximum,V0,1,2432.2,2432.2,0,0.4864,0.6,0.4864,0.5,fits,,A,1131.7,2357.8,0.8107,0.7726,4,False,,,0.4289,,
hillside-50x100,remote_work.latino,maximum,V1,2,2552.2,1465.3,1086.9,0.5104,0.6,0.2931,0.5,fits,,A,2371.4,3324.7,0.8507,0.7838,3,False,,,0.453,,
hillside-50x100,remote_work.latino,maximum,V2,2,2552.2,1969.8,582.5,0.5104,0.6,0.394,0.5,fits,,A,1724.7,2820.2,0.8507,0.791,1,True,open_area,V4,0.453,,
hillside-50x100,remote_work.latino,maximum,V4,2,2552.2,2035.8,516.4,0.5104,0.6,0.4072,0.5,fits,,A,1640.0,2754.2,0.8507,0.7872,2,False,,,0.453,,
hillside-50x100,remote_work.latino,maximum,V5,2,2552.2,1597.4,954.8,0.5104,0.6,0.3195,0.5,fits,,A,2202.0,3192.6,0.8507,0.7501,5,False,,,0.453,,
hillside-50x100,remote_work.latino,accessible,V0,1,1685.9,1685.9,0,0.3372,0.6,0.3372,0.5,fits,,A,2088.6,3104.1,0.562,0.865,1,True,upper_efficiency,V1,0.2797,,
hillside-50x100,remote_work.latino,accessible,V1,2,1805.9,1479.3,326.6,0.3612,0.6,0.2959,0.5,fits,,A,2353.5,3310.7,0.602,0.8577,2,False,,,0.3037,,"V2,V4"
hillside-50x100,remote_work.latino,accessible,V5,2,1805.9,1182.3,623.6,0.3612,0.6,0.2365,0.5,fits,,A,2734.2,3607.7,0.602,0.816,3,False,,,0.3037,,
hillside-50x100,remote_work.latino,staged_final,V0,1,1656.0,1656.0,0,0.3312,0.6,0.3312,0.5,fits,,A,2126.9,3134.0,0.552,0.8687,2,False,,,0.2737,,
hillside-50x100,remote_work.latino,staged_final,V1,2,1776.0,1103.3,672.7,0.3552,0.6,0.2207,0.5,fits,,A,2835.5,3686.7,0.592,0.8485,4,False,,,0.2977,,
hillside-50x100,remote_work.latino,staged_final,V2,2,1776.0,1394.5,381.5,0.3552,0.6,0.2789,0.5,fits,,A,2462.2,3395.5,0.592,0.8756,1,True,open_area,V0,0.2977,,
hillside-50x100,remote_work.latino,staged_final,V4,2,1776.0,1449.1,326.9,0.3552,0.6,0.2898,0.5,fits,,A,2392.2,3340.9,0.592,0.8615,3,False,,,0.2977,,
hillside-50x100,remote_work.latino,staged_final,V5,2,1776.0,1151.9,624.1,0.3552,0.6,0.2304,0.5,fits,,A,2773.2,3638.1,0.592,0.8169,5,False,,,0.2977,,
hillside-50x100,remote_work.anglo,minimum,V0,1,1282.2,1282.2,0,0.2565,0.6,0.2565,0.5,fits,,A,2606.1,3507.8,0.4274,0.9186,1,True,stair_independence,V1,0.1989,,
hillside-50x100,remote_work.anglo,minimum,V1,2,1402.2,972.4,429.9,0.2804,0.6,0.1945,0.5,fits,,A,3003.4,3817.6,0.4674,0.889,2,False,,,0.223,,
hillside-50x100,remote_work.anglo,minimum,V2,2,1402.2,1151.1,251.1,0.2804,0.6,0.2302,0.5,fits,,A,2774.2,3638.9,0.4674,0.8764,3,False,,,0.223,,
hillside-50x100,remote_work.anglo,minimum,V4,2,1402.2,1206.6,195.6,0.2804,0.6,0.2413,0.5,fits,,A,2703.0,3583.4,0.4674,0.8588,4,False,,,0.223,,
hillside-50x100,remote_work.anglo,minimum,V5,2,1402.2,787.4,614.8,0.2804,0.6,0.1575,0.5,fits,,A,3240.5,4002.6,0.4674,0.8377,5,False,,,0.223,,
hillside-50x100,remote_work.anglo,optimum,V0,1,1736.5,1736.5,0,0.3473,0.6,0.3473,0.5,fits,,A,2023.7,3053.5,0.5788,0.8594,2,False,,,0.2898,,
hillside-50x100,remote_work.anglo,optimum,V1,2,1856.5,1167.2,689.3,0.3713,0.6,0.2334,0.5,fits,,A,2753.5,3622.8,0.6188,0.8486,4,False,,,0.3138,,
hillside-50x100,remote_work.anglo,optimum,V2,2,1856.5,1475.8,380.7,0.3713,0.6,0.2952,0.5,fits,,A,2357.9,3314.2,0.6188,0.8695,1,True,open_area,V0,0.3138,,
hillside-50x100,remote_work.anglo,optimum,V4,2,1856.5,1530.3,326.2,0.3713,0.6,0.3061,0.5,fits,,A,2288.1,3259.7,0.6188,0.8551,3,False,,,0.3138,,
hillside-50x100,remote_work.anglo,optimum,V5,2,1856.5,1149.1,707.4,0.3713,0.6,0.2298,0.5,fits,,A,2776.8,3640.9,0.6188,0.8205,5,False,,,0.3138,,
hillside-50x100,remote_work.anglo,maximum,V0,1,2317.2,2317.2,0,0.4634,0.6,0.4634,0.5,fits,,A,1279.2,2472.8,0.7724,0.783,4,False,,,0.4059,,
hillside-50x100,remote_work.anglo,maximum,V1,2,2437.2,1324.0,1113.3,0.4874,0.6,0.2648,0.5,fits,,A,2552.6,3466.0,0.8124,0.8004,3,False,,,0.4299,,
hillside-50x100,remote_work.anglo,maximum,V2,2,2437.2,1853.6,583.6,0.4874,0.6,0.3707,0.5,fits,,A,2043.3,2936.4,0.8124,0.8069,1,True,open_area,V4,0.4299,,
hillside-50x100,remote_work.anglo,maximum,V4,2,2437.2,1919.8,517.4,0.4874,0.6,0.384,0.5,fits,,A,1788.7,2870.2,0.8124,0.8024,2,False,,,0.4299,,
hillside-50x100,remote_work.anglo,maximum,V5,2,2437.2,1600.8,836.4,0.4874,0.6,0.3202,0.5,fits,,A,2197.7,3189.2,0.8124,0.7714,5,False,,,0.4299,,
hillside-50x100,remote_work.anglo,accessible,V0,1,1766.4,1766.4,0,0.3533,0.6,0.3533,0.5,fits,,A,2147.1,3023.6,0.5888,0.8554,1,True,upper_efficiency,V1,0.2958,,
hillside-50x100,remote_work.anglo,accessible,V1,2,1886.4,1560.4,326.0,0.3773,0.6,0.3121,0.5,fits,,A,2249.5,3229.6,0.6288,0.851,2,False,,,0.3198,,"V2,V4"
hillside-50x100,remote_work.anglo,accessible,V5,2,1886.4,1179.6,706.8,0.3773,0.6,0.2359,0.5,fits,,A,2737.7,3610.4,0.6288,0.8196,3,False,,,0.3198,,
hillside-50x100,remote_work.anglo,staged_final,V0,1,1736.5,1736.5,0,0.3473,0.6,0.3473,0.5,fits,,A,2023.7,3053.5,0.5788,0.8594,2,False,,,0.2898,,
hillside-50x100,remote_work.anglo,staged_final,V1,2,1856.5,1167.2,689.3,0.3713,0.6,0.2334,0.5,fits,,A,2753.5,3622.8,0.6188,0.8486,4,False,,,0.3138,,
hillside-50x100,remote_work.anglo,staged_final,V2,2,1856.5,1475.8,380.7,0.3713,0.6,0.2952,0.5,fits,,A,2357.9,3314.2,0.6188,0.8695,1,True,open_area,V0,0.3138,,
hillside-50x100,remote_work.anglo,staged_final,V4,2,1856.5,1530.3,326.2,0.3713,0.6,0.3061,0.5,fits,,A,2288.1,3259.7,0.6188,0.8551,3,False,,,0.3138,,
hillside-50x100,remote_work.anglo,staged_final,V5,2,1856.5,1149.1,707.4,0.3713,0.6,0.2298,0.5,fits,,A,2776.8,3640.9,0.6188,0.8205,5,False,,,0.3138,,
hillside-50x100,shared_adults.none,minimum,V0,1,1506.5,1506.5,0,0.3013,0.6,0.3013,0.5,fits,,A,2318.6,3283.5,0.5022,0.8065,3,False,,,0.2438,,
hillside-50x100,shared_adults.none,minimum,V1,2,1626.5,981.0,645.5,0.3253,0.6,0.1962,0.5,fits,,A,2992.3,3809.0,0.5422,0.9014,1,True,stair_independence,V5,0.2678,,
hillside-50x100,shared_adults.none,minimum,V5,2,1626.5,1017.6,608.9,0.3253,0.6,0.2035,0.5,fits,,A,2945.4,3772.4,0.5422,0.8134,2,False,,,0.2678,,
hillside-50x100,shared_adults.none,optimum,V0,1,1736.5,1736.5,0,0.3473,0.6,0.3473,0.5,fits,,A,2023.7,3053.5,0.5788,0.7807,3,False,,,0.2898,,
hillside-50x100,shared_adults.none,optimum,V1,2,1856.5,1161.2,695.3,0.3713,0.6,0.2322,0.5,fits,,A,2761.3,3628.8,0.6188,0.8875,1,True,stair_independence,V5,0.3138,,
hillside-50x100,shared_adults.none,optimum,V5,2,1856.5,1155.1,701.4,0.3713,0.6,0.231,0.5,fits,,A,2769.0,3634.9,0.6188,0.8031,2,False,,,0.3138,,
hillside-50x100,shared_adults.none,maximum,V0,1,2420.8,2420.8,0,0.4842,0.6,0.4842,0.5,fits,,A,1146.5,2219.2,0.8069,0.6868,3,False,,,0.3876,,
hillside-50x100,shared_adults.none,maximum,V1,2,2540.7,1597.7,943.0,0.5081,0.6,0.3195,0.5,fits,,A,2201.6,3042.3,0.8469,0.8131,1,True,stair_independence,V5,0.4115,,
hillside-50x100,shared_adults.none,maximum,V4,2,2540.8,2336.6,204.2,0.5081,0.6,0.4673,0.5,fits,,A,1254.4,2303.4,0.8469,0.6366,4,False,,,0.4116,,
hillside-50x100,shared_adults.none,maximum,V5,2,2540.8,1639.8,901.0,0.5081,0.6,0.328,0.5,fits,,A,2147.7,3000.2,0.8469,0.7361,2,False,,,0.4116,,
hillside-50x100,shared_adults.none,accessible,V0,1,1766.4,1766.4,0,0.3533,0.6,0.3533,0.5,fits,,A,2147.1,3023.6,0.5888,0.7773,3,False,,,0.2958,,
hillside-50x100,shared_adults.none,accessible,V1,2,1886.4,1403.2,483.2,0.3773,0.6,0.2806,0.5,fits,,A,2451.0,3386.8,0.6288,0.8475,1,True,stair_independence,V5,0.3198,,
hillside-50x100,shared_adults.none,accessible,V5,2,1886.4,1185.6,700.8,0.3773,0.6,0.2371,0.5,fits,,A,2730.0,3604.4,0.6288,0.8013,2,False,,,0.3198,,
hillside-50x100,shared_adults.none,staged_final,V0,1,1736.5,1736.5,0,0.3473,0.6,0.3473,0.5,fits,,A,2023.7,3053.5,0.5788,0.7807,3,False,,,0.2898,,
hillside-50x100,shared_adults.none,staged_final,V1,2,1856.5,1161.2,695.3,0.3713,0.6,0.2322,0.5,fits,,A,2761.3,3628.8,0.6188,0.8875,1,True,stair_independence,V5,0.3138,,
hillside-50x100,shared_adults.none,staged_final,V5,2,1856.5,1155.1,701.4,0.3713,0.6,0.231,0.5,fits,,A,2769.0,3634.9,0.6188,0.8031,2,False,,,0.3138,,
hillside-50x100,shared_adults.latino,minimum,V0,1,1506.5,1506.5,0,0.3013,0.6,0.3013,0.5,fits,,A,2318.6,3283.5,0.5022,0.8065,3,False,,,0.2438,,
hillside-50x100,shared_adults.latino,minimum,V1,2,1626.5,981.0,645.5,0.3253,0.6,0.1962,0.5,fits,,A,2992.3,3809.0,0.5422,0.9014,1,True,stair_independence,V5,0.2678,,
hillside-50x100,shared_adults.latino,minimum,V5,2,1626.5,1017.6,608.9,0.3253,0.6,0.2035,0.5,fits,,A,2945.4,3772.4,0.5422,0.8134,2,False,,,0.2678,,
hillside-50x100,shared_adults.latino,optimum,V0,1,1736.5,1736.5,0,0.3473,0.6,0.3473,0.5,fits,,A,2023.7,3053.5,0.5788,0.7807,3,False,,,0.2898,,
hillside-50x100,shared_adults.latino,optimum,V1,2,1856.5,1161.2,695.3,0.3713,0.6,0.2322,0.5,fits,,A,2761.3,3628.8,0.6188,0.8875,1,True,stair_independence,V5,0.3138,,
hillside-50x100,shared_adults.latino,optimum,V5,2,1856.5,1155.1,701.4,0.3713,0.6,0.231,0.5,fits,,A,2769.0,3634.9,0.6188,0.8031,2,False,,,0.3138,,
hillside-50x100,shared_adults.latino,maximum,V0,1,2472.5,2472.5,0,0.4945,0.6,0.4945,0.5,fits,,A,1080.1,2167.5,0.8242,0.6809,3,False,,,0.3979,,
hillside-50x100,shared_adults.latino,maximum,V1,2,2592.5,1650.3,942.2,0.5185,0.6,0.3301,0.5,fits,,A,2134.2,2989.7,0.8642,0.8073,1,True,stair_independence,V5,0.4219,,
hillside-50x100,shared_adults.latino,maximum,V4,2,2592.5,2388.5,204.0,0.5185,0.6,0.4777,0.5,fits,,A,1187.9,2251.5,0.8642,0.6308,4,False,,,0.4219,,
hillside-50x100,shared_adults.latino,maximum,V5,2,2592.5,1638.3,954.2,0.5185,0.6,0.3277,0.5,fits,,A,2149.6,3001.7,0.8642,0.7326,2,False,,,0.4219,,
hillside-50x100,shared_adults.latino,accessible,V0,1,1766.4,1766.4,0,0.3533,0.6,0.3533,0.5,fits,,A,2147.1,3023.6,0.5888,0.7773,3,False,,,0.2958,,
hillside-50x100,shared_adults.latino,accessible,V1,2,1886.4,1403.2,483.2,0.3773,0.6,0.2806,0.5,fits,,A,2451.0,3386.8,0.6288,0.8475,1,True,stair_independence,V5,0.3198,,
hillside-50x100,shared_adults.latino,accessible,V5,2,1886.4,1185.6,700.8,0.3773,0.6,0.2371,0.5,fits,,A,2730.0,3604.4,0.6288,0.8013,2,False,,,0.3198,,
hillside-50x100,shared_adults.latino,staged_final,V0,1,1736.5,1736.5,0,0.3473,0.6,0.3473,0.5,fits,,A,2023.7,3053.5,0.5788,0.7807,3,False,,,0.2898,,
hillside-50x100,shared_adults.latino,staged_final,V1,2,1856.5,1161.2,695.3,0.3713,0.6,0.2322,0.5,fits,,A,2761.3,3628.8,0.6188,0.8875,1,True,stair_independence,V5,0.3138,,
hillside-50x100,shared_adults.latino,staged_final,V5,2,1856.5,1155.1,701.4,0.3713,0.6,0.231,0.5,fits,,A,2769.0,3634.9,0.6188,0.8031,2,False,,,0.3138,,
hillside-50x100,shared_adults.anglo,minimum,V0,1,1506.5,1506.5,0,0.3013,0.6,0.3013,0.5,fits,,A,2318.6,3283.5,0.5022,0.8123,3,False,,,0.2438,,
hillside-50x100,shared_adults.anglo,minimum,V1,2,1626.5,962.7,663.8,0.3253,0.6,0.1925,0.5,fits,,A,3015.8,3827.3,0.5422,0.9029,1,True,stair_independence,V5,0.2678,,
hillside-50x100,shared_adults.anglo,minimum,V5,2,1626.5,1017.6,608.9,0.3253,0.6,0.2035,0.5,fits,,A,2945.4,3772.4,0.5422,0.8216,2,False,,,0.2678,,
hillside-50x100,shared_adults.anglo,optimum,V0,1,1863.0,1863.0,0,0.3726,0.6,0.3726,0.5,fits,,A,2032.1,2927.0,0.621,0.7695,3,False,,,0.3151,,
hillside-50x100,shared_adults.anglo,optimum,V1,2,1983.0,1223.6,759.4,0.3966,0.6,0.2447,0.5,fits,,A,2681.3,3566.4,0.661,0.8788,1,True,stair_independence,V5,0.3391,,
hillside-50x100,shared_adults.anglo,optimum,V5,2,1983.0,1199.5,783.5,0.3966,0.6,0.2399,0.5,fits,,A,2712.2,3590.5,0.661,0.8044,2,False,,,0.3391,,
hillside-50x100,shared_adults.anglo,maximum,V0,1,2472.5,2472.5,0,0.4945,0.6,0.4945,0.5,fits,,A,1080.1,2167.5,0.8242,0.6783,3,False,,,0.3979,,
hillside-50x100,shared_adults.anglo,maximum,V1,2,2592.5,1566.3,1026.2,0.5185,0.6,0.3133,0.5,fits,,A,2241.9,3073.7,0.8642,0.8078,1,True,stair_independence,V5,0.4219,,
hillside-50x100,shared_adults.anglo,maximum,V4,2,2592.5,2388.5,204.0,0.5185,0.6,0.4777,0.5,fits,,A,1187.9,2251.5,0.8642,0.6313,4,False,,,0.4219,,
hillside-50x100,shared_adults.anglo,maximum,V5,2,2592.5,1692.3,900.2,0.5185,0.6,0.3385,0.5,fits,,A,2080.3,2947.7,0.8642,0.7351,2,False,,,0.4219,,
hillside-50x100,shared_adults.anglo,accessible,V0,1,1892.9,1892.9,0,0.3786,0.6,0.3786,0.5,fits,,A,1823.2,2897.1,0.631,0.7659,3,False,,,0.3211,,
hillside-50x100,shared_adults.anglo,accessible,V1,2,2012.9,1464.9,548.0,0.4026,0.6,0.293,0.5,fits,,A,2371.9,3325.1,0.671,0.8353,1,True,stair_independence,V5,0.3451,,
hillside-50x100,shared_adults.anglo,accessible,V5,2,2012.9,1230.0,782.9,0.4026,0.6,0.246,0.5,fits,,A,2673.1,3560.0,0.671,0.8026,2,False,,,0.3451,,
hillside-50x100,shared_adults.anglo,staged_final,V0,1,1863.0,1863.0,0,0.3726,0.6,0.3726,0.5,fits,,A,2032.1,2927.0,0.621,0.7695,3,False,,,0.3151,,
hillside-50x100,shared_adults.anglo,staged_final,V1,2,1983.0,1223.6,759.4,0.3966,0.6,0.2447,0.5,fits,,A,2681.3,3566.4,0.661,0.8788,1,True,stair_independence,V5,0.3391,,
hillside-50x100,shared_adults.anglo,staged_final,V5,2,1983.0,1199.5,783.5,0.3966,0.6,0.2399,0.5,fits,,A,2712.2,3590.5,0.661,0.8044,2,False,,,0.3391,,
fan-cul-de-sac-35-80x100,young_couple.none,minimum,V0,1,1282.2,1282.2,0,0.223,0.59,0.223,,fits,,A,3286.0,4270.6,0.378,0.9285,1,True,stair_independence,V1,0.173,,
fan-cul-de-sac-35-80x100,young_couple.none,minimum,V1,2,1402.2,990.9,411.4,0.2439,0.59,0.1723,,fits,,A,3786.9,4561.9,0.4133,0.9056,2,False,,,0.1939,,
fan-cul-de-sac-35-80x100,young_couple.none,minimum,V2,2,1402.2,1151.1,251.1,0.2439,0.59,0.2002,,fits,,A,3515.7,4401.7,0.4133,0.8924,3,False,,,0.1939,,
fan-cul-de-sac-35-80x100,young_couple.none,minimum,V4,2,1402.2,1206.6,195.6,0.2439,0.59,0.2098,,fits,,A,3419.4,4346.2,0.4133,0.877,4,False,,,0.1939,,
fan-cul-de-sac-35-80x100,young_couple.none,optimum,V0,1,1604.2,1604.2,0,0.279,0.59,0.279,,fits,,A,2691.6,3948.6,0.4729,0.9096,1,True,stair_independence,V1,0.229,,
fan-cul-de-sac-35-80x100,young_couple.none,optimum,V1,2,1724.2,1184.2,540.1,0.2999,0.59,0.2059,,fits,,A,3458.5,4368.6,0.5083,0.8816,2,False,,,0.2499,,
fan-cul-de-sac-35-80x100,young_couple.none,optimum,V2,2,1724.2,1475.9,248.4,0.2999,0.59,0.2567,,fits,,A,2933.8,4076.9,0.5083,0.8758,3,False,,,0.2499,,
fan-cul-de-sac-35-80x100,young_couple.none,optimum,V4,2,1724.2,1530.6,193.7,0.2999,0.59,0.2662,,fits,,A,2831.4,4022.2,0.5083,0.8605,4,False,,,0.2499,,
fan-cul-de-sac-35-80x100,young_couple.none,maximum,V0,1,2334.5,2334.5,0,0.406,0.59,0.406,,fits,,A,1184.6,3081.1,0.6881,0.8003,3,False,,,0.322,,
fan-cul-de-sac-35-80x100,young_couple.none,maximum,V1,2,2454.5,1522.1,932.4,0.4269,0.59,0.2647,,fits,,A,2556.4,3903.6,0.7235,0.7948,4,False,,,0.3429,,
fan-cul-de-sac-35-80x100,young_couple.none,maximum,V2,2,2454.5,2027.5,427.0,0.4269,0.59,0.3526,,fits,,A,1412.9,3398.2,0.7235,0.8075,1,True,open_area,V4,0.3429,,
fan-cul-de-sac-35-80x100,young_couple.none,maximum,V4,2,2454.5,2093.7,360.8,0.4269,0.59,0.3641,,fits,,A,1253.7,3332.0,0.7235,0.8048,2,False,,,0.3429,,
fan-cul-de-sac-35-80x100,young_couple.none,accessible,V0,1,1634.1,1634.1,0,0.2842,0.59,0.2842,,fits,,A,2634.3,3918.7,0.4817,0.9069,1,True,upper_efficiency,V1,0.2342,,
fan-cul-de-sac-35-80x100,young_couple.none,accessible,V1,2,1754.1,1560.6,193.5,0.3051,0.59,0.2714,,fits,,A,2774.7,3992.2,0.5171,0.8578,2,False,,,0.2551,,"V2,V4"
fan-cul-de-sac-35-80x100,young_couple.none,staged_final,V0,1,1782.5,1782.5,0,0.31,0.59,0.31,,fits,,A,2344.1,3770.3,0.5254,0.8934,2,False,,,0.26,,
fan-cul-de-sac-35-80x100,young_couple.none,staged_final,V1,2,1902.5,1208.1,694.4,0.3309,0.59,0.2101,,fits,,A,3416.9,4344.7,0.5608,0.8737,3,False,,,0.2809,,
fan-cul-de-sac-35-80x100,young_couple.none,staged_final,V2,2,1902.5,1498.1,404.4,0.3309,0.59,0.2605,,fits,,A,2892.3,4054.7,0.5608,0.8981,1,True,open_area,V0,0.2809,,
fan-cul-de-sac-35-80x100,young_couple.none,staged_final,V4,2,1902.5,1709.6,192.9,0.3309,0.59,0.2973,,fits,,A,2487.9,3843.2,0.5608,0.8441,4,False,,,0.2809,,
fan-cul-de-sac-35-80x100,young_couple.latino,minimum,V0,1,1282.2,1282.2,0,0.223,0.59,0.223,,fits,,A,3286.0,4270.6,0.378,0.9285,1,True,stair_independence,V1,0.173,,
fan-cul-de-sac-35-80x100,young_couple.latino,minimum,V1,2,1402.2,990.9,411.4,0.2439,0.59,0.1723,,fits,,A,3786.9,4561.9,0.4133,0.9056,2,False,,,0.1939,,
fan-cul-de-sac-35-80x100,young_couple.latino,minimum,V2,2,1402.2,1151.1,251.1,0.2439,0.59,0.2002,,fits,,A,3515.7,4401.7,0.4133,0.8924,3,False,,,0.1939,,
fan-cul-de-sac-35-80x100,young_couple.latino,minimum,V4,2,1402.2,1206.6,195.6,0.2439,0.59,0.2098,,fits,,A,3419.4,4346.2,0.4133,0.877,4,False,,,0.1939,,
fan-cul-de-sac-35-80x100,young_couple.latino,optimum,V0,1,1604.2,1604.2,0,0.279,0.59,0.279,,fits,,A,2691.6,3948.6,0.4729,0.9096,1,True,stair_independence,V1,0.229,,
fan-cul-de-sac-35-80x100,young_couple.latino,optimum,V1,2,1724.2,1184.2,540.1,0.2999,0.59,0.2059,,fits,,A,3458.5,4368.6,0.5083,0.8816,2,False,,,0.2499,,
fan-cul-de-sac-35-80x100,young_couple.latino,optimum,V2,2,1724.2,1475.9,248.4,0.2999,0.59,0.2567,,fits,,A,2933.8,4076.9,0.5083,0.8758,3,False,,,0.2499,,
fan-cul-de-sac-35-80x100,young_couple.latino,optimum,V4,2,1724.2,1530.6,193.7,0.2999,0.59,0.2662,,fits,,A,2831.4,4022.2,0.5083,0.8605,4,False,,,0.2499,,
fan-cul-de-sac-35-80x100,young_couple.latino,maximum,V0,1,2386.2,2386.2,0,0.415,0.59,0.415,,fits_small_garden,,A,1069.4,3029.3,0.7034,0.7956,3,False,,,0.331,,
fan-cul-de-sac-35-80x100,young_couple.latino,maximum,V1,2,2506.2,1574.7,931.6,0.4359,0.59,0.2739,,fits,,A,2443.3,3851.0,0.7388,0.7915,4,False,,,0.3519,,
fan-cul-de-sac-35-80x100,young_couple.latino,maximum,V2,2,2506.2,2079.6,426.7,0.4359,0.59,0.3617,,fits,,A,1287.7,3346.1,0.7388,0.8028,1,True,open_area,V4,0.3519,,
fan-cul-de-sac-35-80x100,young_couple.latino,maximum,V4,2,2506.2,2145.7,360.5,0.4359,0.59,0.3732,,fits_small_garden,,A,1127.0,3280.0,0.7388,0.8001,2,False,,,0.3519,,
fan-cul-de-sac-35-80x100,young_couple.latino,accessible,V0,1,1634.1,1634.1,0,0.2842,0.59,0.2842,,fits,,A,2634.3,3918.7,0.4817,0.9069,1,True,upper_efficiency,V1,0.2342,,
fan-cul-de-sac-35-80x100,young_couple.latino,accessible,V1,2,1754.1,1560.6,193.5,0.3051,0.59,0.2714,,fits,,A,2774.7,3992.2,0.5171,0.8578,2,False,,,0.2551,,"V2,V4"
fan-cul-de-sac-35-80x100,young_couple.latino,staged_final,V0,1,1782.5,1782.5,0,0.31,0.59,0.31,,fits,,A,2344.1,3770.3,0.5254,0.8934,2,False,,,0.26,,
fan-cul-de-sac-35-80x100,young_couple.latino,staged_final,V1,2,1902.5,1208.1,694.4,0.3309,0.59,0.2101,,fits,,A,3416.9,4344.7,0.5608,0.8737,3,False,,,0.2809,,
fan-cul-de-sac-35-80x100,young_couple.latino,staged_final,V2,2,1902.5,1498.1,404.4,0.3309,0.59,0.2605,,fits,,A,2892.3,4054.7,0.5608,0.8981,1,True,open_area,V0,0.2809,,
fan-cul-de-sac-35-80x100,young_couple.latino,staged_final,V4,2,1902.5,1709.6,192.9,0.3309,0.59,0.2973,,fits,,A,2487.9,3843.2,0.5608,0.8441,4,False,,,0.2809,,
fan-cul-de-sac-35-80x100,young_couple.anglo,minimum,V0,1,1282.2,1282.2,0,0.223,0.59,0.223,,fits,,A,3286.0,4270.6,0.378,0.9314,1,True,stair_independence,V1,0.173,,
fan-cul-de-sac-35-80x100,young_couple.anglo,minimum,V1,2,1402.2,972.4,429.9,0.2439,0.59,0.1691,,fits,,A,3817.5,4580.4,0.4133,0.9073,2,False,,,0.1939,,
fan-cul-de-sac-35-80x100,young_couple.anglo,minimum,V2,2,1402.2,1151.1,251.1,0.2439,0.59,0.2002,,fits,,A,3515.7,4401.7,0.4133,0.8967,3,False,,,0.1939,,
fan-cul-de-sac-35-80x100,young_couple.anglo,minimum,V4,2,1402.2,1206.6,195.6,0.2439,0.59,0.2098,,fits,,A,3419.4,4346.2,0.4133,0.8819,4,False,,,0.1939,,
fan-cul-de-sac-35-80x100,young_couple.anglo,optimum,V0,1,1684.7,1684.7,0,0.293,0.59,0.293,,fits,,A,2536.3,3868.1,0.4966,0.9046,1,True,stair_independence,V1,0.243,,
fan-cul-de-sac-35-80x100,young_couple.anglo,optimum,V1,2,1804.7,1247.8,556.9,0.3139,0.59,0.217,,fits,,A,3347.1,4305.0,0.532,0.881,2,False,,,0.2639,,
fan-cul-de-sac-35-80x100,young_couple.anglo,optimum,V2,2,1804.8,1556.9,247.9,0.3139,0.59,0.2708,,fits,,A,2781.8,3995.9,0.532,0.8754,3,False,,,0.2639,,
fan-cul-de-sac-35-80x100,young_couple.anglo,optimum,V4,2,1804.7,1611.4,193.3,0.3139,0.59,0.2802,,fits,,A,2677.9,3941.4,0.532,0.8582,4,False,,,0.2639,,
fan-cul-de-sac-35-80x100,young_couple.anglo,maximum,V0,1,2426.5,2426.5,0,0.422,0.59,0.422,,site_fails,site_fails,,,3323.5,0.7153,,,False,,,0.338,,
fan-cul-de-sac-35-80x100,young_couple.anglo,maximum,V1,2,2546.5,1591.6,954.9,0.4429,0.59,0.2768,,fits,,A,2406.8,3834.1,0.7506,0.7924,3,False,,,0.3589,,
fan-cul-de-sac-35-80x100,young_couple.anglo,maximum,V2,2,2546.5,2120.1,426.4,0.4429,0.59,0.3687,,fits,,A,1189.5,3305.6,0.7506,0.8,1,True,open_area,V4,0.3589,,
fan-cul-de-sac-35-80x100,young_couple.anglo,maximum,V4,2,2546.5,2186.2,360.3,0.4429,0.59,0.3802,,fits_small_garden,,A,1027.5,3239.5,0.7506,0.7967,2,False,,,0.3589,,
fan-cul-de-sac-35-80x100,young_couple.anglo,accessible,V0,1,1714.6,1714.6,0,0.2982,0.59,0.2982,,fits,,A,2478.0,3838.2,0.5054,0.9017,1,True,upper_efficiency,V1,0.2482,,
fan-cul-de-sac-35-80x100,young_couple.anglo,accessible,V1,2,1834.6,1641.4,193.2,0.3191,0.59,0.2855,,fits,,A,2620.2,3911.4,0.5408,0.8552,2,False,,,0.2691,,"V2,V4"
fan-cul-de-sac-35-80x100,young_couple.anglo,staged_final,V0,1,1782.5,1782.5,0,0.31,0.59,0.31,,fits,,A,2344.1,3770.3,0.5254,0.8952,2,False,,,0.26,,
fan-cul-de-sac-35-80x100,young_couple.anglo,staged_final,V1,2,1902.5,1226.2,676.3,0.3309,0.59,0.2132,,fits,,A,3385.1,4326.6,0.5608,0.8798,3,False,,,0.2809,,
fan-cul-de-sac-35-80x100,young_couple.anglo,staged_final,V2,2,1902.5,1498.1,404.4,0.3309,0.59,0.2605,,fits,,A,2892.3,4054.7,0.5608,0.9022,1,True,open_area,V0,0.2809,,
fan-cul-de-sac-35-80x100,young_couple.anglo,staged_final,V4,2,1902.5,1709.6,192.9,0.3309,0.59,0.2973,,fits,,A,2487.9,3843.2,0.5608,0.8486,4,False,,,0.2809,,
fan-cul-de-sac-35-80x100,early_childhood.none,minimum,V0,1,1305.2,1305.2,0,0.227,0.59,0.227,,fits,,A,3245.0,4247.6,0.3847,0.9303,1,True,stair_independence,V1,0.177,,
fan-cul-de-sac-35-80x100,early_childhood.none,minimum,V1,2,1425.2,989.7,435.6,0.2479,0.59,0.1721,,fits,,A,3788.9,4563.1,0.4201,0.9083,2,False,,,0.1979,,
fan-cul-de-sac-35-80x100,early_childhood.none,minimum,V2,2,1425.2,1149.8,275.5,0.2479,0.59,0.2,,fits,,A,3518.1,4403.0,0.4201,0.5821,3,False,,,0.1979,,
fan-cul-de-sac-35-80x100,early_childhood.none,optimum,V0,1,1610.0,1610.0,0,0.28,0.59,0.28,,fits,,A,2680.6,3942.8,0.4746,0.9119,1,True,stair_independence,V1,0.23,,
fan-cul-de-sac-35-80x100,early_childhood.none,optimum,V1,2,1730.0,1165.7,564.3,0.3009,0.59,0.2027,,fits,,A,3490.5,4387.1,0.5099,0.8868,2,False,,,0.2509,,
fan-cul-de-sac-35-80x100,early_childhood.none,optimum,V2,2,1730.0,1457.4,272.6,0.3009,0.59,0.2535,,fits,,A,2968.1,4095.4,0.5099,0.567,3,False,,,0.2509,,
fan-cul-de-sac-35-80x100,early_childhood.none,maximum,V0,1,2829.0,2829.0,0,0.492,0.59,0.492,,site_fails,site_fails,,,2921.0,0.8339,,,False,,,0.408,,
fan-cul-de-sac-35-80x100,early_childhood.none,maximum,V1,2,2949.0,1999.7,949.3,0.5129,0.59,0.3478,,fits,,A,1479.1,3426.0,0.8693,0.7625,1,True,only_feasible,,0.4289,,
fan-cul-de-sac-35-80x100,early_childhood.none,maximum,V2,2,2949.0,2501.1,447.9,0.5129,0.59,0.435,,site_fails,site_fails,,,3248.9,0.8693,,,False,,,0.4289,,
fan-cul-de-sac-35-80x100,early_childhood.none,maximum,V4,2,2949.0,2745.8,203.2,0.5129,0.59,0.4775,,site_fails,site_fails,,,3004.2,0.8693,,,False,,,0.4289,,
fan-cul-de-sac-35-80x100,early_childhood.none,accessible,V0,1,1639.9,1639.9,0,0.2852,0.59,0.2852,,fits,,A,2623.2,3912.9,0.4834,0.909,1,True,supervision,V1,0.2352,,
fan-cul-de-sac-35-80x100,early_childhood.none,accessible,V1,2,1759.9,1542.1,217.8,0.3061,0.59,0.2682,,fits,,A,2809.7,4010.7,0.5188,0.5502,2,False,,,0.2561,,V2
fan-cul-de-sac-35-80x100,early_childhood.none,staged_final,V0,1,1656.0,1656.0,0,0.288,0.59,0.288,,fits,,A,2592.1,3896.8,0.4881,0.9074,1,True,stair_independence,V1,0.238,,
fan-cul-de-sac-35-80x100,early_childhood.none,staged_final,V1,2,1776.0,1212.5,563.5,0.3089,0.59,0.2109,,fits,,A,3409.1,4340.3,0.5235,0.8847,2,False,,,0.2589,,
fan-cul-de-sac-35-80x100,early_childhood.none,staged_final,V2,2,1776.0,1503.7,272.3,0.3089,0.59,0.2615,,fits,,A,2881.9,4049.1,0.5235,0.5647,3,False,,,0.2589,,
fan-cul-de-sac-35-80x100,early_childhood.latino,minimum,V0,1,1305.2,1305.2,0,0.227,0.59,0.227,,fits,,A,3245.0,4247.6,0.3847,0.9303,1,True,stair_independence,V1,0.177,,
fan-cul-de-sac-35-80x100,early_childhood.latino,minimum,V1,2,1425.2,989.7,435.6,0.2479,0.59,0.1721,,fits,,A,3788.9,4563.1,0.4201,0.9083,2,False,,,0.1979,,
fan-cul-de-sac-35-80x100,early_childhood.latino,minimum,V2,2,1425.2,1149.8,275.5,0.2479,0.59,0.2,,fits,,A,3518.1,4403.0,0.4201,0.5821,3,False,,,0.1979,,
fan-cul-de-sac-35-80x100,early_childhood.latino,optimum,V0,1,1610.0,1610.0,0,0.28,0.59,0.28,,fits,,A,2680.6,3942.8,0.4746,0.9119,1,True,stair_independence,V1,0.23,,
fan-cul-de-sac-35-80x100,early_childhood.latino,optimum,V1,2,1730.0,1165.7,564.3,0.3009,0.59,0.2027,,fits,,A,3490.5,4387.1,0.5099,0.8868,2,False,,,0.2509,,
fan-cul-de-sac-35-80x100,early_childhood.latino,optimum,V2,2,1730.0,1457.4,272.6,0.3009,0.59,0.2535,,fits,,A,2968.1,4095.4,0.5099,0.567,3,False,,,0.2509,,
fan-cul-de-sac-35-80x100,early_childhood.latino,maximum,V0,1,2880.8,2880.8,0,0.501,0.59,0.501,,site_fails,site_fails,,,2869.2,0.8492,,,False,,,0.417,,
fan-cul-de-sac-35-80x100,early_childhood.latino,maximum,V1,2,3000.8,2052.1,948.7,0.5219,0.59,0.3569,,fits,,A,1354.0,3373.6,0.8845,0.7582,1,True,only_feasible,,0.4379,,
fan-cul-de-sac-35-80x100,early_childhood.latino,maximum,V2,2,3000.7,2553.1,447.7,0.5219,0.59,0.444,,site_fails,site_fails,,,3196.9,0.8845,,,False,,,0.4379,,
fan-cul-de-sac-35-80x100,early_childhood.latino,maximum,V4,2,3000.8,2797.6,203.1,0.5219,0.59,0.4865,,site_fails,site_fails,,,2952.4,0.8845,,,False,,,0.4379,,
fan-cul-de-sac-35-80x100,early_childhood.latino,accessible,V0,1,1639.9,1639.9,0,0.2852,0.59,0.2852,,fits,,A,2623.2,3912.9,0.4834,0.909,1,True,supervision,V1,0.2352,,
fan-cul-de-sac-35-80x100,early_childhood.latino,accessible,V1,2,1759.9,1542.1,217.8,0.3061,0.59,0.2682,,fits,,A,2809.7,4010.7,0.5188,0.5502,2,False,,,0.2561,,V2
fan-cul-de-sac-35-80x100,early_childhood.latino,staged_final,V0,1,1656.0,1656.0,0,0.288,0.59,0.288,,fits,,A,2592.1,3896.8,0.4881,0.9074,1,True,stair_independence,V1,0.238,,
fan-cul-de-sac-35-80x100,early_childhood.latino,staged_final,V1,2,1776.0,1212.5,563.5,0.3089,0.59,0.2109,,fits,,A,3409.1,4340.3,0.5235,0.8847,2,False,,,0.2589,,
fan-cul-de-sac-35-80x100,early_childhood.latino,staged_final,V2,2,1776.0,1503.7,272.3,0.3089,0.59,0.2615,,fits,,A,2881.9,4049.1,0.5235,0.5647,3,False,,,0.2589,,
fan-cul-de-sac-35-80x100,early_childhood.anglo,minimum,V0,1,1305.2,1305.2,0,0.227,0.59,0.227,,fits,,A,3245.0,4247.6,0.3847,0.9303,1,True,stair_independence,V1,0.177,,
fan-cul-de-sac-35-80x100,early_childhood.anglo,minimum,V1,2,1425.2,971.2,454.0,0.2479,0.59,0.1689,,fits,,A,3819.4,4581.6,0.4201,0.9062,2,False,,,0.1979,,
fan-cul-de-sac-35-80x100,early_childhood.anglo,minimum,V2,2,1425.2,1149.8,275.5,0.2479,0.59,0.2,,fits,,A,3518.1,4403.0,0.4201,0.5821,3,False,,,0.1979,,
fan-cul-de-sac-35-80x100,early_childhood.anglo,optimum,V0,1,1736.5,1736.5,0,0.302,0.59,0.302,,fits,,A,2435.1,3816.3,0.5119,0.8996,1,True,stair_independence,V1,0.252,,
fan-cul-de-sac-35-80x100,early_childhood.anglo,optimum,V1,2,1856.5,1227.8,628.7,0.3229,0.59,0.2135,,fits,,A,3382.4,4325.0,0.5472,0.8768,2,False,,,0.2729,,
fan-cul-de-sac-35-80x100,early_childhood.anglo,optimum,V2,2,1856.5,1584.7,271.8,0.3229,0.59,0.2756,,fits,,A,2728.9,3968.1,0.5472,0.558,3,False,,,0.2729,,
fan-cul-de-sac-35-80x100,early_childhood.anglo,maximum,V0,1,2829.0,2829.0,0,0.492,0.59,0.492,,site_fails,site_fails,,,2921.0,0.8339,,,False,,,0.408,,
fan-cul-de-sac-35-80x100,early_childhood.anglo,maximum,V1,2,2949.0,1916.2,1032.8,0.5129,0.59,0.3332,,fits,,A,1675.8,3509.5,0.8693,0.7637,1,True,only_feasible,,0.4289,,
fan-cul-de-sac-35-80x100,early_childhood.anglo,maximum,V2,2,2949.0,2501.1,447.9,0.5129,0.59,0.435,,site_fails,site_fails,,,3248.9,0.8693,,,False,,,0.4289,,
fan-cul-de-sac-35-80x100,early_childhood.anglo,maximum,V4,2,2949.0,2745.8,203.2,0.5129,0.59,0.4775,,site_fails,site_fails,,,3004.2,0.8693,,,False,,,0.4289,,
fan-cul-de-sac-35-80x100,early_childhood.anglo,accessible,V0,1,1766.4,1766.4,0,0.3072,0.59,0.3072,,fits,,A,2376.1,3786.4,0.5207,0.8967,1,True,supervision,V1,0.2572,,
fan-cul-de-sac-35-80x100,early_childhood.anglo,accessible,V1,2,1886.4,1669.2,217.2,0.3281,0.59,0.2903,,fits,,A,2566.5,3883.6,0.5561,0.5378,2,False,,,0.2781,,V2
fan-cul-de-sac-35-80x100,early_childhood.anglo,staged_final,V0,1,1788.2,1788.2,0,0.311,0.59,0.311,,fits,,A,2332.7,3764.6,0.5271,0.8946,1,True,stair_independence,V1,0.261,,
fan-cul-de-sac-35-80x100,early_childhood.anglo,staged_final,V1,2,1908.2,1226.0,682.3,0.3319,0.59,0.2132,,fits,,A,3385.5,4326.8,0.5625,0.8744,2,False,,,0.2819,,
fan-cul-de-sac-35-80x100,early_childhood.anglo,staged_final,V2,2,1908.2,1582.4,325.8,0.3319,0.59,0.2752,,fits,,A,2733.3,3970.4,0.5625,0.5701,3,False,,,0.2819,,
fan-cul-de-sac-35-80x100,teens_family.none,minimum,V0,1,1454.8,1454.8,0,0.253,0.59,0.253,,fits,,A,2972.9,4098.1,0.4288,0.731,2,False,,,0.203,,
fan-cul-de-sac-35-80x100,teens_family.none,minimum,V1,2,1574.8,983.0,591.8,0.2739,0.59,0.171,,fits,,A,3800.0,4569.8,0.4642,0.7059,3,False,,,0.2239,,
fan-cul-de-sac-35-80x100,teens_family.none,minimum,V2,2,1574.7,1141.9,432.9,0.2739,0.59,0.1986,,fits,,A,3531.7,4410.9,0.4642,0.9064,1,True,separation,V0,0.2239,,
fan-cul-de-sac-35-80x100,teens_family.none,optimum,V0,1,1805.5,1805.5,0,0.314,0.59,0.314,,fits,,A,2298.3,3747.3,0.5322,0.6996,2,False,,,0.264,,
fan-cul-de-sac-35-80x100,teens_family.none,optimum,V1,2,1925.5,1207.3,718.2,0.3349,0.59,0.21,,fits,,A,3418.2,4345.5,0.5676,0.6791,3,False,,,0.2849,,
fan-cul-de-sac-35-80x100,teens_family.none,optimum,V2,2,1925.5,1497.2,428.3,0.3349,0.59,0.2604,,fits,,A,2894.1,4055.6,0.5676,0.8876,1,True,separation,V0,0.2849,,
fan-cul-de-sac-35-80x100,teens_family.none,maximum,V0,1,3156.7,3156.7,0,0.549,0.59,0.549,,site_fails,site_fails,,,2593.3,0.9305,,,False,,,0.465,,
fan-cul-de-sac-35-80x100,teens_family.none,maximum,V1,2,3276.8,2128.8,1147.9,0.5699,0.59,0.3702,,fits,,A,1168.2,3296.9,0.9659,0.5337,1,True,only_feasible,,0.4859,,
fan-cul-de-sac-35-80x100,teens_family.none,maximum,V2,2,3276.8,2628.2,648.5,0.5699,0.59,0.4571,,site_fails,site_fails,,,3121.8,0.9659,,,False,,,0.4859,,
fan-cul-de-sac-35-80x100,teens_family.none,maximum,V4,2,3276.8,3050.3,226.5,0.5699,0.59,0.5305,,site_fails,site_fails,,,2699.7,0.9659,,,False,,,0.4859,,
fan-cul-de-sac-35-80x100,teens_family.none,accessible,V0,1,1835.4,1835.4,0,0.3192,0.59,0.3192,,fits,,A,2238.5,3717.4,0.541,0.6967,2,False,,,0.2692,,
fan-cul-de-sac-35-80x100,teens_family.none,accessible,V1,2,1955.4,1581.7,373.7,0.3401,0.59,0.2751,,fits,,A,2734.7,3971.1,0.5764,0.8835,1,True,separation,V0,0.2901,,V2
fan-cul-de-sac-35-80x100,teens_family.none,staged_final,V0,1,1656.0,1656.0,0,0.288,0.59,0.288,,fits,,A,2592.1,3896.8,0.4881,0.7144,2,False,,,0.238,,
fan-cul-de-sac-35-80x100,teens_family.none,staged_final,V1,2,1776.0,1212.5,563.5,0.3089,0.59,0.2109,,fits,,A,3409.1,4340.3,0.5235,0.6871,3,False,,,0.2589,,
fan-cul-de-sac-35-80x100,teens_family.none,staged_final,V2,2,1776.0,1503.7,272.3,0.3089,0.59,0.2615,,fits,,A,2881.9,4049.1,0.5235,0.869,1,True,separation,V0,0.2589,,
fan-cul-de-sac-35-80x100,teens_family.latino,minimum,V0,1,1454.8,1454.8,0,0.253,0.59,0.253,,fits,,A,2972.9,4098.1,0.4288,0.731,2,False,,,0.203,,
fan-cul-de-sac-35-80x100,teens_family.latino,minimum,V1,2,1574.8,983.0,591.8,0.2739,0.59,0.171,,fits,,A,3800.0,4569.8,0.4642,0.7059,3,False,,,0.2239,,
fan-cul-de-sac-35-80x100,teens_family.latino,minimum,V2,2,1574.7,1141.9,432.9,0.2739,0.59,0.1986,,fits,,A,3531.7,4410.9,0.4642,0.9064,1,True,separation,V0,0.2239,,
fan-cul-de-sac-35-80x100,teens_family.latino,optimum,V0,1,1805.5,1805.5,0,0.314,0.59,0.314,,fits,,A,2298.3,3747.3,0.5322,0.6996,2,False,,,0.264,,
fan-cul-de-sac-35-80x100,teens_family.latino,optimum,V1,2,1925.5,1207.3,718.2,0.3349,0.59,0.21,,fits,,A,3418.2,4345.5,0.5676,0.6791,3,False,,,0.2849,,
fan-cul-de-sac-35-80x100,teens_family.latino,optimum,V2,2,1925.5,1497.2,428.3,0.3349,0.59,0.2604,,fits,,A,2894.1,4055.6,0.5676,0.8876,1,True,separation,V0,0.2849,,
fan-cul-de-sac-35-80x100,teens_family.latino,maximum,V0,1,3214.2,3214.2,0,0.559,0.59,0.559,,site_fails,site_fails,,,2535.8,0.9475,,,False,,,0.475,,
fan-cul-de-sac-35-80x100,teens_family.latino,maximum,V1,2,3334.2,2187.0,1147.3,0.5799,0.59,0.3803,,fits_small_garden,,A,1025.5,3238.7,0.9828,0.5288,1,True,only_feasible,,0.4959,,
fan-cul-de-sac-35-80x100,teens_family.latino,maximum,V2,2,3334.2,2686.1,648.2,0.5799,0.59,0.4671,,site_fails,site_fails,,,3063.9,0.9828,,,False,,,0.4959,,
fan-cul-de-sac-35-80x100,teens_family.latino,maximum,V4,2,3334.2,3107.9,226.4,0.5799,0.59,0.5405,,site_fails,site_fails,,,2642.1,0.9828,,,False,,,0.4959,,
fan-cul-de-sac-35-80x100,teens_family.latino,accessible,V0,1,1835.4,1835.4,0,0.3192,0.59,0.3192,,fits,,A,2238.5,3717.4,0.541,0.6967,2,False,,,0.2692,,
fan-cul-de-sac-35-80x100,teens_family.latino,accessible,V1,2,1955.4,1581.7,373.7,0.3401,0.59,0.2751,,fits,,A,2734.7,3971.1,0.5764,0.8835,1,True,separation,V0,0.2901,,V2
fan-cul-de-sac-35-80x100,teens_family.latino,staged_final,V0,1,1656.0,1656.0,0,0.288,0.59,0.288,,fits,,A,2592.1,3896.8,0.4881,0.7144,2,False,,,0.238,,
fan-cul-de-sac-35-80x100,teens_family.latino,staged_final,V1,2,1776.0,1212.5,563.5,0.3089,0.59,0.2109,,fits,,A,3409.1,4340.3,0.5235,0.6871,3,False,,,0.2589,,
fan-cul-de-sac-35-80x100,teens_family.latino,staged_final,V2,2,1776.0,1503.7,272.3,0.3089,0.59,0.2615,,fits,,A,2881.9,4049.1,0.5235,0.869,1,True,separation,V0,0.2589,,
fan-cul-de-sac-35-80x100,teens_family.anglo,minimum,V0,1,1454.8,1454.8,0,0.253,0.59,0.253,,fits,,A,2972.9,4098.1,0.4288,0.7427,2,False,,,0.203,,
fan-cul-de-sac-35-80x100,teens_family.anglo,minimum,V1,2,1574.7,964.6,610.1,0.2739,0.59,0.1678,,fits,,A,3830.3,4588.2,0.4642,0.7165,3,False,,,0.2239,,
fan-cul-de-sac-35-80x100,teens_family.anglo,minimum,V2,2,1574.7,1123.6,451.2,0.2739,0.59,0.1954,,fits,,A,3563.2,4429.2,0.4642,0.9082,1,True,separation,V0,0.2239,,
fan-cul-de-sac-35-80x100,teens_family.anglo,optimum,V0,1,1937.7,1937.7,0,0.337,0.59,0.337,,fits,,A,2030.8,3615.1,0.5712,0.6958,2,False,,,0.287,,
fan-cul-de-sac-35-80x100,teens_family.anglo,optimum,V1,2,2057.8,1221.4,836.3,0.3579,0.59,0.2124,,fits,,A,3393.5,4331.4,0.6066,0.6819,3,False,,,0.3079,,
fan-cul-de-sac-35-80x100,teens_family.anglo,optimum,V2,2,2057.8,1510.3,547.4,0.3579,0.59,0.2627,,fits,,A,2869.5,4042.5,0.6066,0.8813,1,True,separation,V0,0.3079,,
fan-cul-de-sac-35-80x100,teens_family.anglo,maximum,V0,1,3220.0,3220.0,0,0.56,0.59,0.56,,site_fails,site_fails,,,2530.0,0.9492,,,False,,,0.476,,
fan-cul-de-sac-35-80x100,teens_family.anglo,maximum,V1,2,3340.0,2044.3,1295.7,0.5809,0.59,0.3555,,fits,,A,1372.7,3381.4,0.9845,0.5444,1,True,only_feasible,,0.4969,,
fan-cul-de-sac-35-80x100,teens_family.anglo,maximum,V2,2,3340.0,2626.5,713.5,0.5809,0.59,0.4568,,site_fails,site_fails,,,3123.5,0.9845,,,False,,,0.4969,,
fan-cul-de-sac-35-80x100,teens_family.anglo,maximum,V4,2,3340.0,3113.7,226.3,0.5809,0.59,0.5415,,site_fails,site_fails,,,2636.3,0.9845,,,False,,,0.4969,,
fan-cul-de-sac-35-80x100,teens_family.anglo,accessible,V0,1,1967.6,1967.6,0,0.3422,0.59,0.3422,,fits,,A,1969.3,3585.2,0.58,0.6926,2,False,,,0.2922,,
fan-cul-de-sac-35-80x100,teens_family.anglo,accessible,V1,2,2087.6,1660.8,426.8,0.3631,0.59,0.2888,,fits,,A,2582.8,3892.0,0.6154,0.877,1,True,separation,V0,0.3131,,V2
fan-cul-de-sac-35-80x100,teens_family.anglo,staged_final,V0,1,1736.5,1736.5,0,0.302,0.59,0.302,,fits,,A,2435.1,3816.3,0.5119,0.717,2,False,,,0.252,,
fan-cul-de-sac-35-80x100,teens_family.anglo,staged_final,V1,2,1856.5,1227.8,628.7,0.3229,0.59,0.2135,,fits,,A,3382.4,4325.0,0.5472,0.6922,3,False,,,0.2729,,
fan-cul-de-sac-35-80x100,teens_family.anglo,staged_final,V2,2,1856.5,1584.7,271.8,0.3229,0.59,0.2756,,fits,,A,2728.9,3968.1,0.5472,0.8674,1,True,separation,V0,0.2729,,
fan-cul-de-sac-35-80x100,multigenerational.none,minimum,V0,1,1523.7,1523.7,0,0.265,0.59,0.265,,fits,,A,2844.2,4029.1,0.4492,0.9131,1,True,stair_independence,V1,0.215,,
fan-cul-de-sac-35-80x100,multigenerational.none,minimum,V1,2,1643.8,1212.0,431.8,0.2859,0.59,0.2108,,fits,,A,3410.1,4340.8,0.4845,0.893,2,False,,,0.2359,,V3
fan-cul-de-sac-35-80x100,multigenerational.none,minimum,V2,2,1643.8,1370.4,273.3,0.2859,0.59,0.2383,,fits,,A,3127.5,4182.4,0.4845,0.8818,3,False,,,0.2359,,
fan-cul-de-sac-35-80x100,multigenerational.none,optimum,V0,1,1857.2,1857.2,0,0.323,0.59,0.323,,fits,,A,2194.5,3695.6,0.5475,0.8782,1,True,stair_independence,V1,0.273,,
fan-cul-de-sac-35-80x100,multigenerational.none,optimum,V1,2,1977.2,1416.8,560.5,0.3439,0.59,0.2464,,fits,,A,3042.9,4136.0,0.5828,0.8688,2,False,,,0.2939,,V3
fan-cul-de-sac-35-80x100,multigenerational.none,optimum,V2,2,1977.2,1706.2,271.1,0.3439,0.59,0.2967,,fits,,A,2494.5,3846.6,0.5828,0.8544,3,False,,,0.2939,,
fan-cul-de-sac-35-80x100,multigenerational.none,maximum,V0,1,3110.7,3110.7,0,0.541,0.59,0.541,,site_fails,site_fails,,,2639.3,0.9169,,,False,,,0.457,,
fan-cul-de-sac-35-80x100,multigenerational.none,maximum,V1,2,3230.7,2118.0,1112.8,0.5619,0.59,0.3683,,fits,,A,1194.7,3307.7,0.9523,0.7229,1,True,open_area,V3,0.4779,,
fan-cul-de-sac-35-80x100,multigenerational.none,maximum,V2,2,3230.7,2617.6,613.2,0.5619,0.59,0.4552,,site_fails,site_fails,,,3132.4,0.9523,,,False,,,0.4779,,
fan-cul-de-sac-35-80x100,multigenerational.none,maximum,V3,2,3230.7,2248.8,981.9,0.5619,0.59,0.3911,,fits,,A,1372.8,3166.8,0.9523,0.7153,2,False,,,0.4779,,
fan-cul-de-sac-35-80x100,multigenerational.none,maximum,V4,2,3230.7,3039.9,190.9,0.5619,0.59,0.5287,,site_fails,site_fails,,,2710.1,0.9523,,,False,,,0.4779,,
fan-cul-de-sac-35-80x100,multigenerational.none,accessible,V0,1,1887.1,1887.1,0,0.3282,0.59,0.3282,,fits,,A,2134.0,3665.7,0.5563,0.875,1,True,stair_independence,V1,0.2782,,
fan-cul-de-sac-35-80x100,multigenerational.none,accessible,V1,2,2007.1,1447.0,560.1,0.3491,0.59,0.2517,,fits,,A,2987.2,4105.8,0.5916,0.8678,2,False,,,0.2991,,V3
fan-cul-de-sac-35-80x100,multigenerational.none,accessible,V2,2,2007.1,1736.3,270.9,0.3491,0.59,0.302,,fits,,A,2435.5,3816.5,0.5916,0.8512,3,False,,,0.2991,,
fan-cul-de-sac-35-80x100,multigenerational.none,staged_final,V0,1,2006.7,2006.7,0,0.349,0.59,0.349,,fits,,A,1888.3,3546.1,0.5915,0.6885,2,False,,,0.299,,
fan-cul-de-sac-35-80x100,multigenerational.none,staged_final,V1,2,2126.8,1411.9,714.9,0.3699,0.59,0.2455,,fits,,A,3051.9,4140.9,0.6269,0.6872,3,False,,,0.3199,,V3
fan-cul-de-sac-35-80x100,multigenerational.none,staged_final,V2,2,2126.8,1700.2,426.5,0.3699,0.59,0.2957,,fits,,A,2506.1,3852.6,0.6269,0.8728,1,True,separation,V0,0.3199,,
fan-cul-de-sac-35-80x100,multigenerational.latino,minimum,V0,1,1523.7,1523.7,0,0.265,0.59,0.265,,fits,,A,2844.2,4029.1,0.4492,0.9131,1,True,stair_independence,V1,0.215,,
fan-cul-de-sac-35-80x100,multigenerational.latino,minimum,V1,2,1643.8,1212.0,431.8,0.2859,0.59,0.2108,,fits,,A,3410.1,4340.8,0.4845,0.893,2,False,,,0.2359,,V3
fan-cul-de-sac-35-80x100,multigenerational.latino,minimum,V2,2,1643.8,1370.4,273.3,0.2859,0.59,0.2383,,fits,,A,3127.5,4182.4,0.4845,0.8818,3,False,,,0.2359,,
fan-cul-de-sac-35-80x100,multigenerational.latino,optimum,V0,1,1811.2,1811.2,0,0.315,0.59,0.315,,fits,,A,2286.9,3741.6,0.5339,0.883,1,True,stair_independence,V1,0.265,,
fan-cul-de-sac-35-80x100,multigenerational.latino,optimum,V1,2,1931.2,1370.1,561.1,0.3359,0.59,0.2383,,fits,,A,3128.0,4182.7,0.5693,0.8711,2,False,,,0.2859,,V3
fan-cul-de-sac-35-80x100,multigenerational.latino,optimum,V2,2,1931.2,1659.9,271.3,0.3359,0.59,0.2887,,fits,,A,2584.5,3892.9,0.5693,0.8593,3,False,,,0.2859,,
fan-cul-de-sac-35-80x100,multigenerational.latino,maximum,V0,1,3133.7,3133.7,0,0.545,0.59,0.545,,site_fails,site_fails,,,2616.3,0.9237,,,False,,,0.461,,
fan-cul-de-sac-35-80x100,multigenerational.latino,maximum,V1,2,3253.8,2141.2,1112.5,0.5659,0.59,0.3724,,fits_small_garden,,A,1137.9,3284.5,0.9591,0.7208,1,True,open_area,V3,0.4819,,
fan-cul-de-sac-35-80x100,multigenerational.latino,maximum,V2,2,3253.8,2640.7,613.0,0.5659,0.59,0.4593,,site_fails,site_fails,,,3109.3,0.9591,,,False,,,0.4819,,
fan-cul-de-sac-35-80x100,multigenerational.latino,maximum,V3,2,3253.8,2272.1,981.7,0.5659,0.59,0.3951,,fits,,A,1322.1,3143.5,0.9591,0.7132,2,False,,,0.4819,,
fan-cul-de-sac-35-80x100,multigenerational.latino,maximum,V4,2,3253.7,3062.9,190.8,0.5659,0.59,0.5327,,site_fails,site_fails,,,2687.1,0.9591,,,False,,,0.4819,,
fan-cul-de-sac-35-80x100,multigenerational.latino,accessible,V0,1,1841.1,1841.1,0,0.3202,0.59,0.3202,,fits,,A,2226.9,3711.7,0.5427,0.8799,1,True,stair_independence,V1,0.2702,,
fan-cul-de-sac-35-80x100,multigenerational.latino,accessible,V1,2,1961.1,1400.4,560.7,0.3411,0.59,0.2436,,fits,,A,3072.8,4152.4,0.5781,0.8701,2,False,,,0.2911,,V3
fan-cul-de-sac-35-80x100,multigenerational.latino,accessible,V2,2,1961.2,1690.0,271.1,0.3411,0.59,0.2939,,fits,,A,2526.1,3862.8,0.5781,0.8561,3,False,,,0.2911,,
fan-cul-de-sac-35-80x100,multigenerational.latino,staged_final,V0,1,2006.7,2006.7,0,0.349,0.59,0.349,,fits,,A,1888.3,3546.1,0.5915,0.6885,2,False,,,0.299,,
fan-cul-de-sac-35-80x100,multigenerational.latino,staged_final,V1,2,2126.8,1411.9,714.9,0.3699,0.59,0.2455,,fits,,A,3051.9,4140.9,0.6269,0.6872,3,False,,,0.3199,,V3
fan-cul-de-sac-35-80x100,multigenerational.latino,staged_final,V2,2,2126.8,1700.2,426.5,0.3699,0.59,0.2957,,fits,,A,2506.1,3852.6,0.6269,0.8728,1,True,separation,V0,0.3199,,
fan-cul-de-sac-35-80x100,multigenerational.anglo,minimum,V0,1,1523.7,1523.7,0,0.265,0.59,0.265,,fits,,A,2844.2,4029.1,0.4492,0.9131,1,True,stair_independence,V1,0.215,,
fan-cul-de-sac-35-80x100,multigenerational.anglo,minimum,V1,2,1643.7,1193.7,450.1,0.2859,0.59,0.2076,,fits,,A,3442.0,4359.1,0.4845,0.8913,2,False,,,0.2359,,V3
fan-cul-de-sac-35-80x100,multigenerational.anglo,minimum,V2,2,1643.8,1370.4,273.3,0.2859,0.59,0.2383,,fits,,A,3127.5,4182.4,0.4845,0.8818,3,False,,,0.2359,,
fan-cul-de-sac-35-80x100,multigenerational.anglo,optimum,V0,1,2001.0,2001.0,0,0.348,0.59,0.348,,fits,,A,1900.2,3551.8,0.5898,0.863,1,True,stair_independence,V1,0.298,,
fan-cul-de-sac-35-80x100,multigenerational.anglo,optimum,V1,2,2121.0,1496.2,624.8,0.3689,0.59,0.2602,,fits,,A,2896.0,4056.6,0.6252,0.8577,2,False,,,0.3189,,V3
fan-cul-de-sac-35-80x100,multigenerational.anglo,optimum,V2,2,2121.0,1850.7,270.3,0.3689,0.59,0.3219,,fits,,A,2207.7,3702.1,0.6252,0.839,3,False,,,0.3189,,
fan-cul-de-sac-35-80x100,multigenerational.anglo,maximum,V0,1,3254.5,3254.5,0,0.566,0.59,0.566,,site_fails,site_fails,,,2495.5,0.9593,,,False,,,0.482,,
fan-cul-de-sac-35-80x100,multigenerational.anglo,maximum,V1,2,3374.5,2114.8,1259.7,0.5869,0.59,0.3678,,fits,,A,1202.3,3310.9,0.9947,0.7128,1,True,open_area,V3,0.5029,,
fan-cul-de-sac-35-80x100,multigenerational.anglo,maximum,V2,2,3374.5,2696.9,677.6,0.5869,0.59,0.469,,site_fails,site_fails,,,3053.1,0.9947,,,False,,,0.5029,,
fan-cul-de-sac-35-80x100,multigenerational.anglo,maximum,V3,2,3374.5,2245.5,1129.0,0.5869,0.59,0.3905,,fits,,A,1380.1,3170.1,0.9947,0.7052,2,False,,,0.5029,,
fan-cul-de-sac-35-80x100,multigenerational.anglo,maximum,V4,2,3374.5,3183.8,190.7,0.5869,0.59,0.5537,,site_fails,site_fails,,,2566.2,0.9947,,,False,,,0.5029,,
fan-cul-de-sac-35-80x100,multigenerational.anglo,accessible,V0,1,2030.9,2030.9,0,0.3532,0.59,0.3532,,fits,,A,1838.0,3521.9,0.5986,0.8599,1,True,stair_independence,V1,0.3032,,
fan-cul-de-sac-35-80x100,multigenerational.anglo,accessible,V1,2,2150.9,1526.4,624.5,0.3741,0.59,0.2655,,fits,,A,2839.2,4026.4,0.634,0.8569,2,False,,,0.3241,,V3
fan-cul-de-sac-35-80x100,multigenerational.anglo,accessible,V2,2,2150.9,1880.7,270.2,0.3741,0.59,0.3271,,fits,,A,2147.0,3672.1,0.634,0.8358,3,False,,,0.3241,,
fan-cul-de-sac-35-80x100,multigenerational.anglo,staged_final,V0,1,2202.2,2202.2,0,0.383,0.59,0.383,,fits,,A,1473.9,3350.6,0.6492,0.6679,3,False,,,0.333,,
fan-cul-de-sac-35-80x100,multigenerational.anglo,staged_final,V1,2,2322.2,1490.3,832.0,0.4039,0.59,0.2592,,fits,,A,2906.9,4062.5,0.6845,0.6735,2,False,,,0.3539,,V3
fan-cul-de-sac-35-80x100,multigenerational.anglo,staged_final,V2,2,2322.2,1843.3,478.9,0.4039,0.59,0.3206,,fits,,A,2222.5,3709.5,0.6845,0.8551,1,True,separation,V1,0.3539,,
fan-cul-de-sac-35-80x100,empty_nest.none,minimum,V0,1,1155.8,1155.8,0,0.201,0.59,0.201,,fits,,A,3507.8,4397.1,0.3407,0.9348,1,True,stair_independence,V1,0.151,,
fan-cul-de-sac-35-80x100,empty_nest.none,minimum,V1,2,1275.8,998.3,277.5,0.2219,0.59,0.1736,,fits,,A,3774.6,4554.5,0.3761,0.8547,2,False,,,0.1719,,
fan-cul-de-sac-35-80x100,empty_nest.none,optimum,V0,1,1431.8,1431.8,0,0.249,0.59,0.249,,fits,,A,3015.4,4121.1,0.422,0.9212,1,True,only_feasible,,0.199,,
fan-cul-de-sac-35-80x100,empty_nest.none,maximum,V0,1,2133.2,2133.2,0,0.371,0.59,0.371,,fits,,A,1157.4,3292.4,0.6288,0.8189,1,True,upper_efficiency,V1,0.287,,
fan-cul-de-sac-35-80x100,empty_nest.none,maximum,V1,2,2253.2,1981.7,271.5,0.3919,0.59,0.3447,,fits,,A,1521.7,3444.0,0.6642,0.7947,2,False,,,0.3079,,V2
fan-cul-de-sac-35-80x100,empty_nest.none,maximum,V4,2,2253.2,2048.2,205.0,0.3919,0.59,0.3562,,fits,,A,1363.3,3377.5,0.6642,0.7735,3,False,,,0.3079,,
fan-cul-de-sac-35-80x100,empty_nest.none,accessible,V0,1,1461.6,1461.6,0,0.2542,0.59,0.2542,,fits,,A,2960.2,4091.2,0.4308,0.9197,1,True,only_feasible,,0.2042,,
fan-cul-de-sac-35-80x100,empty_nest.none,staged_final,V0,1,1431.8,1431.8,0,0.249,0.59,0.249,,fits,,A,3015.4,4121.1,0.422,0.9212,1,True,only_feasible,,0.199,,
fan-cul-de-sac-35-80x100,empty_nest.latino,minimum,V0,1,1155.8,1155.8,0,0.201,0.59,0.201,,fits,,A,3507.8,4397.1,0.3407,0.9348,1,True,stair_independence,V1,0.151,,
fan-cul-de-sac-35-80x100,empty_nest.latino,minimum,V1,2,1275.8,998.3,277.5,0.2219,0.59,0.1736,,fits,,A,3774.6,4554.5,0.3761,0.8547,2,False,,,0.1719,,
fan-cul-de-sac-35-80x100,empty_nest.latino,optimum,V0,1,1431.8,1431.8,0,0.249,0.59,0.249,,fits,,A,3015.4,4121.1,0.422,0.9212,1,True,only_feasible,,0.199,,
fan-cul-de-sac-35-80x100,empty_nest.latino,maximum,V0,1,2185.0,2185.0,0,0.38,0.59,0.38,,fits_small_garden,,A,1030.4,3240.7,0.6441,0.8142,1,True,upper_efficiency,V1,0.296,,
fan-cul-de-sac-35-80x100,empty_nest.latino,maximum,V1,2,2305.0,2033.7,271.3,0.4009,0.59,0.3537,,fits,,A,1398.0,3392.0,0.6794,0.7899,2,False,,,0.3169,,V2
fan-cul-de-sac-35-80x100,empty_nest.latino,maximum,V4,2,2305.0,2100.1,204.9,0.4009,0.59,0.3652,,fits,,A,1238.0,3325.6,0.6794,0.7687,3,False,,,0.3169,,
fan-cul-de-sac-35-80x100,empty_nest.latino,accessible,V0,1,1461.6,1461.6,0,0.2542,0.59,0.2542,,fits,,A,2960.2,4091.2,0.4308,0.9197,1,True,only_feasible,,0.2042,,
fan-cul-de-sac-35-80x100,empty_nest.latino,staged_final,V0,1,1431.8,1431.8,0,0.249,0.59,0.249,,fits,,A,3015.4,4121.1,0.422,0.9212,1,True,only_feasible,,0.199,,
fan-cul-de-sac-35-80x100,empty_nest.anglo,minimum,V0,1,1155.8,1155.8,0,0.201,0.59,0.201,,fits,,A,3507.8,4397.1,0.3407,0.9374,1,True,stair_independence,V1,0.151,,
fan-cul-de-sac-35-80x100,empty_nest.anglo,minimum,V1,2,1275.8,979.6,296.1,0.2219,0.59,0.1704,,fits,,A,3805.5,4573.2,0.3761,0.8593,2,False,,,0.1719,,
fan-cul-de-sac-35-80x100,empty_nest.anglo,optimum,V0,1,1558.2,1558.2,0,0.271,0.59,0.271,,fits,,A,2779.2,3994.6,0.4593,0.9169,1,True,only_feasible,,0.221,,
fan-cul-de-sac-35-80x100,empty_nest.anglo,maximum,V0,1,2277.0,2277.0,0,0.396,0.59,0.396,,fits,,A,1311.3,3138.6,0.6712,0.8044,1,True,upper_efficiency,V1,0.312,,
fan-cul-de-sac-35-80x100,empty_nest.anglo,maximum,V1,2,2397.0,2126.2,270.8,0.4169,0.59,0.3698,,fits,,A,1174.7,3299.5,0.7066,0.783,2,False,,,0.3329,,V2
fan-cul-de-sac-35-80x100,empty_nest.anglo,maximum,V4,2,2397.0,2192.4,204.6,0.4169,0.59,0.3813,,fits_small_garden,,A,1012.0,3233.3,0.7066,0.762,3,False,,,0.3329,,
fan-cul-de-sac-35-80x100,empty_nest.anglo,accessible,V0,1,1588.1,1588.1,0,0.2762,0.59,0.2762,,fits,,A,2722.4,3964.7,0.4681,0.914,1,True,only_feasible,,0.2262,,
fan-cul-de-sac-35-80x100,empty_nest.anglo,staged_final,V0,1,1558.2,1558.2,0,0.271,0.59,0.271,,fits,,A,2779.2,3994.6,0.4593,0.9169,1,True,only_feasible,,0.221,,
fan-cul-de-sac-35-80x100,remote_work.none,minimum,V0,1,1282.2,1282.2,0,0.223,0.59,0.223,,fits,,A,3286.0,4270.6,0.378,0.9143,1,True,stair_independence,V1,0.173,,
fan-cul-de-sac-35-80x100,remote_work.none,minimum,V1,2,1402.2,990.9,411.4,0.2439,0.59,0.1723,,fits,,A,3786.9,4561.9,0.4133,0.8867,2,False,,,0.1939,,
fan-cul-de-sac-35-80x100,remote_work.none,minimum,V2,2,1402.2,1151.1,251.1,0.2439,0.59,0.2002,,fits,,A,3515.7,4401.7,0.4133,0.8709,3,False,,,0.1939,,
fan-cul-de-sac-35-80x100,remote_work.none,minimum,V4,2,1402.2,1206.6,195.6,0.2439,0.59,0.2098,,fits,,A,3419.4,4346.2,0.4133,0.8524,4,False,,,0.1939,,
fan-cul-de-sac-35-80x100,remote_work.none,optimum,V0,1,1656.0,1656.0,0,0.288,0.59,0.288,,fits,,A,2592.1,3896.8,0.4881,0.8859,1,True,cost,V2,0.238,,
fan-cul-de-sac-35-80x100,remote_work.none,optimum,V1,2,1776.0,1103.3,672.7,0.3089,0.59,0.1919,,fits,,A,3597.7,4449.5,0.5235,0.8521,4,False,,,0.2589,,
fan-cul-de-sac-35-80x100,remote_work.none,optimum,V2,2,1776.0,1394.5,381.5,0.3089,0.59,0.2425,,fits,,A,3083.7,4158.3,0.5235,0.8851,2,False,,,0.2589,,
fan-cul-de-sac-35-80x100,remote_work.none,optimum,V4,2,1776.0,1449.1,326.9,0.3089,0.59,0.252,,fits,,A,2983.4,4103.7,0.5235,0.8741,3,False,,,0.2589,,
fan-cul-de-sac-35-80x100,remote_work.none,maximum,V0,1,2208.0,2208.0,0,0.384,0.59,0.384,,fits,,A,1461.5,3344.8,0.6508,0.8259,3,False,,,0.334,,
fan-cul-de-sac-35-80x100,remote_work.none,maximum,V1,2,2328.0,1236.4,1091.6,0.4049,0.59,0.215,,fits,,A,3367.2,4316.4,0.6862,0.8093,4,False,,,0.3549,,
fan-cul-de-sac-35-80x100,remote_work.none,maximum,V2,2,2328.0,1743.1,584.9,0.4049,0.59,0.3032,,fits,,A,2422.0,3809.7,0.6862,0.8419,1,True,open_area,V4,0.3549,,
fan-cul-de-sac-35-80x100,remote_work.none,maximum,V4,2,2328.0,1809.5,518.5,0.4049,0.59,0.3147,,fits,,A,2290.3,3743.3,0.6862,0.8386,2,False,,,0.3549,,
fan-cul-de-sac-35-80x100,remote_work.none,accessible,V0,1,1685.9,1685.9,0,0.2932,0.59,0.2932,,fits,,A,2534.1,3866.9,0.4969,0.8826,1,True,upper_efficiency,V1,0.2432,,
fan-cul-de-sac-35-80x100,remote_work.none,accessible,V1,2,1805.9,1479.3,326.6,0.3141,0.59,0.2573,,fits,,A,2927.5,4073.5,0.5323,0.8723,2,False,,,0.2641,,"V2,V4"
fan-cul-de-sac-35-80x100,remote_work.none,staged_final,V0,1,1656.0,1656.0,0,0.288,0.59,0.288,,fits,,A,2592.1,3896.8,0.4881,0.8859,1,True,cost,V2,0.238,,
fan-cul-de-sac-35-80x100,remote_work.none,staged_final,V1,2,1776.0,1103.3,672.7,0.3089,0.59,0.1919,,fits,,A,3597.7,4449.5,0.5235,0.8521,4,False,,,0.2589,,
fan-cul-de-sac-35-80x100,remote_work.none,staged_final,V2,2,1776.0,1394.5,381.5,0.3089,0.59,0.2425,,fits,,A,3083.7,4158.3,0.5235,0.8851,2,False,,,0.2589,,
fan-cul-de-sac-35-80x100,remote_work.none,staged_final,V4,2,1776.0,1449.1,326.9,0.3089,0.59,0.252,,fits,,A,2983.4,4103.7,0.5235,0.8741,3,False,,,0.2589,,
fan-cul-de-sac-35-80x100,remote_work.latino,minimum,V0,1,1282.2,1282.2,0,0.223,0.59,0.223,,fits,,A,3286.0,4270.6,0.378,0.9143,1,True,stair_independence,V1,0.173,,
fan-cul-de-sac-35-80x100,remote_work.latino,minimum,V1,2,1402.2,990.9,411.4,0.2439,0.59,0.1723,,fits,,A,3786.9,4561.9,0.4133,0.8867,2,False,,,0.1939,,
fan-cul-de-sac-35-80x100,remote_work.latino,minimum,V2,2,1402.2,1151.1,251.1,0.2439,0.59,0.2002,,fits,,A,3515.7,4401.7,0.4133,0.8709,3,False,,,0.1939,,
fan-cul-de-sac-35-80x100,remote_work.latino,minimum,V4,2,1402.2,1206.6,195.6,0.2439,0.59,0.2098,,fits,,A,3419.4,4346.2,0.4133,0.8524,4,False,,,0.1939,,
fan-cul-de-sac-35-80x100,remote_work.latino,optimum,V0,1,1656.0,1656.0,0,0.288,0.59,0.288,,fits,,A,2592.1,3896.8,0.4881,0.8859,1,True,cost,V2,0.238,,
fan-cul-de-sac-35-80x100,remote_work.latino,optimum,V1,2,1776.0,1103.3,672.7,0.3089,0.59,0.1919,,fits,,A,3597.7,4449.5,0.5235,0.8521,4,False,,,0.2589,,
fan-cul-de-sac-35-80x100,remote_work.latino,optimum,V2,2,1776.0,1394.5,381.5,0.3089,0.59,0.2425,,fits,,A,3083.7,4158.3,0.5235,0.8851,2,False,,,0.2589,,
fan-cul-de-sac-35-80x100,remote_work.latino,optimum,V4,2,1776.0,1449.1,326.9,0.3089,0.59,0.252,,fits,,A,2983.4,4103.7,0.5235,0.8741,3,False,,,0.2589,,
fan-cul-de-sac-35-80x100,remote_work.latino,maximum,V0,1,2432.2,2432.2,0,0.423,0.59,0.423,,fits,,B2,2489.9,3157.8,0.7169,0.795,4,False,,,0.373,,
fan-cul-de-sac-35-80x100,remote_work.latino,maximum,V1,2,2552.2,1465.3,1086.9,0.4439,0.59,0.2548,,fits,,A,2953.4,4087.5,0.7523,0.8033,3,False,,,0.3939,,
fan-cul-de-sac-35-80x100,remote_work.latino,maximum,V2,2,2552.2,1969.8,582.5,0.4439,0.59,0.3426,,fits,,A,1964.9,3583.0,0.7523,0.8174,1,True,open_area,V4,0.3939,,
fan-cul-de-sac-35-80x100,remote_work.latino,maximum,V4,2,2552.2,2035.8,516.4,0.4439,0.59,0.3541,,fits,,A,1827.7,3517.0,0.7523,0.8141,2,False,,,0.3939,,
fan-cul-de-sac-35-80x100,remote_work.latino,accessible,V0,1,1685.9,1685.9,0,0.2932,0.59,0.2932,,fits,,A,2534.1,3866.9,0.4969,0.8826,1,True,upper_efficiency,V1,0.2432,,
fan-cul-de-sac-35-80x100,remote_work.latino,accessible,V1,2,1805.9,1479.3,326.6,0.3141,0.59,0.2573,,fits,,A,2927.5,4073.5,0.5323,0.8723,2,False,,,0.2641,,"V2,V4"
fan-cul-de-sac-35-80x100,remote_work.latino,staged_final,V0,1,1656.0,1656.0,0,0.288,0.59,0.288,,fits,,A,2592.1,3896.8,0.4881,0.8859,1,True,cost,V2,0.238,,
fan-cul-de-sac-35-80x100,remote_work.latino,staged_final,V1,2,1776.0,1103.3,672.7,0.3089,0.59,0.1919,,fits,,A,3597.7,4449.5,0.5235,0.8521,4,False,,,0.2589,,
fan-cul-de-sac-35-80x100,remote_work.latino,staged_final,V2,2,1776.0,1394.5,381.5,0.3089,0.59,0.2425,,fits,,A,3083.7,4158.3,0.5235,0.8851,2,False,,,0.2589,,
fan-cul-de-sac-35-80x100,remote_work.latino,staged_final,V4,2,1776.0,1449.1,326.9,0.3089,0.59,0.252,,fits,,A,2983.4,4103.7,0.5235,0.8741,3,False,,,0.2589,,
fan-cul-de-sac-35-80x100,remote_work.anglo,minimum,V0,1,1282.2,1282.2,0,0.223,0.59,0.223,,fits,,A,3286.0,4270.6,0.378,0.9183,1,True,stair_independence,V1,0.173,,
fan-cul-de-sac-35-80x100,remote_work.anglo,minimum,V1,2,1402.2,972.4,429.9,0.2439,0.59,0.1691,,fits,,A,3817.5,4580.4,0.4133,0.8896,2,False,,,0.1939,,
fan-cul-de-sac-35-80x100,remote_work.anglo,minimum,V2,2,1402.2,1151.1,251.1,0.2439,0.59,0.2002,,fits,,A,3515.7,4401.7,0.4133,0.877,3,False,,,0.1939,,
fan-cul-de-sac-35-80x100,remote_work.anglo,minimum,V4,2,1402.2,1206.6,195.6,0.2439,0.59,0.2098,,fits,,A,3419.4,4346.2,0.4133,0.8594,4,False,,,0.1939,,
fan-cul-de-sac-35-80x100,remote_work.anglo,optimum,V0,1,1736.5,1736.5,0,0.302,0.59,0.302,,fits,,A,2435.1,3816.3,0.5119,0.8805,2,False,,,0.252,,
fan-cul-de-sac-35-80x100,remote_work.anglo,optimum,V1,2,1856.5,1167.2,689.3,0.3229,0.59,0.203,,fits,,A,3487.9,4385.6,0.5472,0.8525,4,False,,,0.2729,,
fan-cul-de-sac-35-80x100,remote_work.anglo,optimum,V2,2,1856.5,1475.8,380.7,0.3229,0.59,0.2567,,fits,,A,2933.8,4077.0,0.5472,0.8861,1,True,open_area,V0,0.2729,,
fan-cul-de-sac-35-80x100,remote_work.anglo,optimum,V4,2,1856.5,1530.3,326.2,0.3229,0.59,0.2661,,fits,,A,2832.0,4022.5,0.5472,0.8752,3,False,,,0.2729,,
fan-cul-de-sac-35-80x100,remote_work.anglo,maximum,V0,1,2317.2,2317.2,0,0.403,0.59,0.403,,fits,,A,1222.8,3235.6,0.6831,0.8135,3,False,,,0.353,,
fan-cul-de-sac-35-80x100,remote_work.anglo,maximum,V1,2,2437.2,1324.0,1113.3,0.4239,0.59,0.2303,,fits,,A,3211.5,4228.8,0.7184,0.8109,4,False,,,0.3739,,
fan-cul-de-sac-35-80x100,remote_work.anglo,maximum,V2,2,2437.2,1853.6,583.6,0.4239,0.59,0.3224,,fits,,A,2201.8,3699.2,0.7184,0.8342,1,True,open_area,V4,0.3739,,
fan-cul-de-sac-35-80x100,remote_work.anglo,maximum,V4,2,2437.2,1919.8,517.4,0.4239,0.59,0.3339,,fits,,A,2067.5,3633.0,0.7184,0.8303,2,False,,,0.3739,,
fan-cul-de-sac-35-80x100,remote_work.anglo,accessible,V0,1,1766.4,1766.4,0,0.3072,0.59,0.3072,,fits,,A,2376.1,3786.4,0.5207,0.877,1,True,upper_efficiency,V1,0.2572,,
fan-cul-de-sac-35-80x100,remote_work.anglo,accessible,V1,2,1886.4,1560.4,326.0,0.3281,0.59,0.2714,,fits,,A,2775.1,3992.4,0.5561,0.8717,2,False,,,0.2781,,"V2,V4"
fan-cul-de-sac-35-80x100,remote_work.anglo,staged_final,V0,1,1736.5,1736.5,0,0.302,0.59,0.302,,fits,,A,2435.1,3816.3,0.5119,0.8805,2,False,,,0.252,,
fan-cul-de-sac-35-80x100,remote_work.anglo,staged_final,V1,2,1856.5,1167.2,689.3,0.3229,0.59,0.203,,fits,,A,3487.9,4385.6,0.5472,0.8525,4,False,,,0.2729,,
fan-cul-de-sac-35-80x100,remote_work.anglo,staged_final,V2,2,1856.5,1475.8,380.7,0.3229,0.59,0.2567,,fits,,A,2933.8,4077.0,0.5472,0.8861,1,True,open_area,V0,0.2729,,
fan-cul-de-sac-35-80x100,remote_work.anglo,staged_final,V4,2,1856.5,1530.3,326.2,0.3229,0.59,0.2661,,fits,,A,2832.0,4022.5,0.5472,0.8752,3,False,,,0.2729,,
fan-cul-de-sac-35-80x100,shared_adults.none,minimum,V0,1,1506.5,1506.5,0,0.262,0.59,0.262,,fits,,A,2876.6,4046.3,0.4441,0.8191,2,False,,,0.212,,
fan-cul-de-sac-35-80x100,shared_adults.none,minimum,V1,2,1626.5,981.0,645.5,0.2829,0.59,0.1706,,fits,,A,3803.3,4571.8,0.4794,0.9036,1,True,separation,V0,0.2329,,
fan-cul-de-sac-35-80x100,shared_adults.none,optimum,V0,1,1736.5,1736.5,0,0.302,0.59,0.302,,fits,,A,2435.1,3816.3,0.5119,0.7974,2,False,,,0.252,,
fan-cul-de-sac-35-80x100,shared_adults.none,optimum,V1,2,1856.5,1161.2,695.3,0.3229,0.59,0.2019,,fits,,A,3498.4,4391.6,0.5472,0.8913,1,True,separation,V0,0.2729,,
fan-cul-de-sac-35-80x100,shared_adults.none,maximum,V0,1,2420.8,2420.8,0,0.421,0.59,0.421,,site_fails,site_fails,,,3329.2,0.7136,,,False,,,0.337,,
fan-cul-de-sac-35-80x100,shared_adults.none,maximum,V1,2,2540.7,1597.7,943.0,0.4419,0.59,0.2779,,fits,,A,2393.4,3828.0,0.7489,0.8048,1,True,separation,V4,0.3579,,
fan-cul-de-sac-35-80x100,shared_adults.none,maximum,V4,2,2540.8,2336.6,204.2,0.4419,0.59,0.4064,,fits,,A,1180.0,3079.0,0.7489,0.6328,2,False,,,0.3579,,
fan-cul-de-sac-35-80x100,shared_adults.none,accessible,V0,1,1766.4,1766.4,0,0.3072,0.59,0.3072,,fits,,A,2376.1,3786.4,0.5207,0.7944,2,False,,,0.2572,,
fan-cul-de-sac-35-80x100,shared_adults.none,accessible,V1,2,1886.4,1403.2,483.2,0.3281,0.59,0.244,,fits,,A,3067.7,4149.6,0.5561,0.8574,1,True,separation,V0,0.2781,,
fan-cul-de-sac-35-80x100,shared_adults.none,staged_final,V0,1,1736.5,1736.5,0,0.302,0.59,0.302,,fits,,A,2435.1,3816.3,0.5119,0.7974,2,False,,,0.252,,
fan-cul-de-sac-35-80x100,shared_adults.none,staged_final,V1,2,1856.5,1161.2,695.3,0.3229,0.59,0.2019,,fits,,A,3498.4,4391.6,0.5472,0.8913,1,True,separation,V0,0.2729,,
fan-cul-de-sac-35-80x100,shared_adults.latino,minimum,V0,1,1506.5,1506.5,0,0.262,0.59,0.262,,fits,,A,2876.6,4046.3,0.4441,0.8191,2,False,,,0.212,,
fan-cul-de-sac-35-80x100,shared_adults.latino,minimum,V1,2,1626.5,981.0,645.5,0.2829,0.59,0.1706,,fits,,A,3803.3,4571.8,0.4794,0.9036,1,True,separation,V0,0.2329,,
fan-cul-de-sac-35-80x100,shared_adults.latino,optimum,V0,1,1736.5,1736.5,0,0.302,0.59,0.302,,fits,,A,2435.1,3816.3,0.5119,0.7974,2,False,,,0.252,,
fan-cul-de-sac-35-80x100,shared_adults.latino,optimum,V1,2,1856.5,1161.2,695.3,0.3229,0.59,0.2019,,fits,,A,3498.4,4391.6,0.5472,0.8913,1,True,separation,V0,0.2729,,
fan-cul-de-sac-35-80x100,shared_adults.latino,maximum,V0,1,2472.5,2472.5,0,0.43,0.59,0.43,,site_fails,site_fails,,,3277.5,0.7288,,,False,,,0.346,,
fan-cul-de-sac-35-80x100,shared_adults.latino,maximum,V1,2,2592.5,1650.3,942.2,0.4509,0.59,0.287,,fits,,A,2278.4,3775.4,0.7642,0.7996,1,True,separation,V4,0.3669,,
fan-cul-de-sac-35-80x100,shared_adults.latino,maximum,V4,2,2592.5,2388.5,204.0,0.4509,0.59,0.4154,,fits_small_garden,,A,1064.5,3027.1,0.7642,0.6277,2,False,,,0.3669,,
fan-cul-de-sac-35-80x100,shared_adults.latino,accessible,V0,1,1766.4,1766.4,0,0.3072,0.59,0.3072,,fits,,A,2376.1,3786.4,0.5207,0.7944,2,False,,,0.2572,,
fan-cul-de-sac-35-80x100,shared_adults.latino,accessible,V1,2,1886.4,1403.2,483.2,0.3281,0.59,0.244,,fits,,A,3067.7,4149.6,0.5561,0.8574,1,True,separation,V0,0.2781,,
fan-cul-de-sac-35-80x100,shared_adults.latino,staged_final,V0,1,1736.5,1736.5,0,0.302,0.59,0.302,,fits,,A,2435.1,3816.3,0.5119,0.7974,2,False,,,0.252,,
fan-cul-de-sac-35-80x100,shared_adults.latino,staged_final,V1,2,1856.5,1161.2,695.3,0.3229,0.59,0.2019,,fits,,A,3498.4,4391.6,0.5472,0.8913,1,True,separation,V0,0.2729,,
fan-cul-de-sac-35-80x100,shared_adults.anglo,minimum,V0,1,1506.5,1506.5,0,0.262,0.59,0.262,,fits,,A,2876.6,4046.3,0.4441,0.827,2,False,,,0.212,,
fan-cul-de-sac-35-80x100,shared_adults.anglo,minimum,V1,2,1626.5,962.7,663.8,0.2829,0.59,0.1674,,fits,,A,3833.5,4590.1,0.4794,0.905,1,True,separation,V0,0.2329,,
fan-cul-de-sac-35-80x100,shared_adults.anglo,optimum,V0,1,1863.0,1863.0,0,0.324,0.59,0.324,,fits,,A,2182.9,3689.8,0.5492,0.7906,2,False,,,0.274,,
fan-cul-de-sac-35-80x100,shared_adults.anglo,optimum,V1,2,1983.0,1223.6,759.4,0.3449,0.59,0.2128,,fits,,A,3389.6,4329.2,0.5845,0.8833,1,True,separation,V0,0.2949,,
fan-cul-de-sac-35-80x100,shared_adults.anglo,maximum,V0,1,2472.5,2472.5,0,0.43,0.59,0.43,,site_fails,site_fails,,,3277.5,0.7288,,,False,,,0.346,,
fan-cul-de-sac-35-80x100,shared_adults.anglo,maximum,V1,2,2592.5,1566.3,1026.2,0.4509,0.59,0.2724,,fits,,A,2461.5,3859.4,0.7642,0.8035,1,True,separation,V4,0.3669,,
fan-cul-de-sac-35-80x100,shared_adults.anglo,maximum,V4,2,2592.5,2388.5,204.0,0.4509,0.59,0.4154,,fits_small_garden,,A,1064.5,3027.1,0.7642,0.6331,2,False,,,0.3669,,
fan-cul-de-sac-35-80x100,shared_adults.anglo,accessible,V0,1,1892.9,1892.9,0,0.3292,0.59,0.3292,,fits,,A,2122.3,3659.9,0.558,0.7875,2,False,,,0.2792,,
fan-cul-de-sac-35-80x100,shared_adults.anglo,accessible,V1,2,2012.9,1464.9,548.0,0.3501,0.59,0.2548,,fits,,A,2954.1,4087.9,0.5933,0.8509,1,True,separation,V0,0.3001,,
fan-cul-de-sac-35-80x100,shared_adults.anglo,staged_final,V0,1,1863.0,1863.0,0,0.324,0.59,0.324,,fits,,A,2182.9,3689.8,0.5492,0.7906,2,False,,,0.274,,
fan-cul-de-sac-35-80x100,shared_adults.anglo,staged_final,V1,2,1983.0,1223.6,759.4,0.3449,0.59,0.2128,,fits,,A,3389.6,4329.2,0.5845,0.8833,1,True,separation,V0,0.2949,,
fan-curve-35-80x100,young_couple.none,minimum,V0,1,1282.2,1282.2,0,0.223,0.59,0.223,,fits,,A,3250.1,4257.8,0.378,0.931,1,True,stair_independence,V1,0.173,,
fan-curve-35-80x100,young_couple.none,minimum,V1,2,1402.2,990.9,411.4,0.2439,0.59,0.1723,,fits,,A,3745.1,4549.1,0.4133,0.908,2,False,,,0.1939,,
fan-curve-35-80x100,young_couple.none,minimum,V2,2,1402.2,1151.1,251.1,0.2439,0.59,0.2002,,fits,,A,3477.0,4388.9,0.4133,0.8948,3,False,,,0.1939,,
fan-curve-35-80x100,young_couple.none,minimum,V4,2,1402.2,1206.6,195.6,0.2439,0.59,0.2098,,fits,,A,3381.8,4333.4,0.4133,0.8794,4,False,,,0.1939,,
fan-curve-35-80x100,young_couple.none,optimum,V0,1,1604.2,1604.2,0,0.279,0.59,0.279,,fits,,A,2663.6,3935.8,0.4729,0.9115,1,True,stair_independence,V1,0.229,,
fan-curve-35-80x100,young_couple.none,optimum,V1,2,1724.2,1184.2,540.1,0.2999,0.59,0.2059,,fits,,A,3420.4,4355.8,0.5083,0.884,2,False,,,0.2499,,
fan-curve-35-80x100,young_couple.none,optimum,V2,2,1724.2,1475.9,248.4,0.2999,0.59,0.2567,,fits,,A,2902.4,4064.1,0.5083,0.8782,3,False,,,0.2499,,
fan-curve-35-80x100,young_couple.none,optimum,V4,2,1724.2,1530.6,193.7,0.2999,0.59,0.2662,,fits,,A,2801.5,4009.4,0.5083,0.8624,4,False,,,0.2499,,
fan-curve-35-80x100,young_couple.none,maximum,V0,1,2334.5,2334.5,0,0.406,0.59,0.406,,site_fails,site_fails,,1179.9,3055.5,0.6881,,,False,,,0.322,,
fan-curve-35-80x100,young_couple.none,maximum,V1,2,2454.5,1522.1,932.4,0.4269,0.59,0.2647,,site_fails,site_fails,,2817.2,3867.9,0.7235,,,False,,,0.3429,,
fan-curve-35-80x100,young_couple.none,maximum,V2,2,2454.5,2027.5,427.0,0.4269,0.59,0.3526,,site_fails,site_fails,,1829.7,3362.5,0.7235,,,False,,,0.3429,,
fan-curve-35-80x100,young_couple.none,maximum,V4,2,2454.5,2093.7,360.8,0.4269,0.59,0.3641,,site_fails,site_fails,,1692.8,3296.3,0.7235,,,False,,,0.3429,,
fan-curve-35-80x100,young_couple.none,accessible,V0,1,1634.1,1634.1,0,0.2842,0.59,0.2842,,fits,,A,2607.0,3905.9,0.4817,0.9087,1,True,upper_efficiency,V1,0.2342,,
fan-curve-35-80x100,young_couple.none,accessible,V1,2,1754.1,1560.6,193.5,0.3051,0.59,0.2714,,fits,,A,2745.5,3979.4,0.5171,0.8597,2,False,,,0.2551,,"V2,V4"
fan-curve-35-80x100,young_couple.none,staged_final,V0,1,1782.5,1782.5,0,0.31,0.59,0.31,,fits,,A,2321.1,3757.5,0.5254,0.8953,2,False,,,0.26,,
fan-curve-35-80x100,young_couple.none,staged_final,V1,2,1902.5,1208.1,694.4,0.3309,0.59,0.2101,,fits,,A,3379.3,4331.9,0.5608,0.8761,3,False,,,0.2809,,
fan-curve-35-80x100,young_couple.none,staged_final,V2,2,1902.5,1498.1,404.4,0.3309,0.59,0.2605,,fits,,A,2861.5,4041.9,0.5608,0.9005,1,True,open_area,V0,0.2809,,
fan-curve-35-80x100,young_couple.none,staged_final,V4,2,1902.5,1709.6,192.9,0.3309,0.59,0.2973,,fits,,A,2462.8,3830.4,0.5608,0.846,4,False,,,0.2809,,
fan-curve-35-80x100,young_couple.latino,minimum,V0,1,1282.2,1282.2,0,0.223,0.59,0.223,,fits,,A,3250.1,4257.8,0.378,0.931,1,True,stair_independence,V1,0.173,,
fan-curve-35-80x100,young_couple.latino,minimum,V1,2,1402.2,990.9,411.4,0.2439,0.59,0.1723,,fits,,A,3745.1,4549.1,0.4133,0.908,2,False,,,0.1939,,
fan-curve-35-80x100,young_couple.latino,minimum,V2,2,1402.2,1151.1,251.1,0.2439,0.59,0.2002,,fits,,A,3477.0,4388.9,0.4133,0.8948,3,False,,,0.1939,,
fan-curve-35-80x100,young_couple.latino,minimum,V4,2,1402.2,1206.6,195.6,0.2439,0.59,0.2098,,fits,,A,3381.8,4333.4,0.4133,0.8794,4,False,,,0.1939,,
fan-curve-35-80x100,young_couple.latino,optimum,V0,1,1604.2,1604.2,0,0.279,0.59,0.279,,fits,,A,2663.6,3935.8,0.4729,0.9115,1,True,stair_independence,V1,0.229,,
fan-curve-35-80x100,young_couple.latino,optimum,V1,2,1724.2,1184.2,540.1,0.2999,0.59,0.2059,,fits,,A,3420.4,4355.8,0.5083,0.884,2,False,,,0.2499,,
fan-curve-35-80x100,young_couple.latino,optimum,V2,2,1724.2,1475.9,248.4,0.2999,0.59,0.2567,,fits,,A,2902.4,4064.1,0.5083,0.8782,3,False,,,0.2499,,
fan-curve-35-80x100,young_couple.latino,optimum,V4,2,1724.2,1530.6,193.7,0.2999,0.59,0.2662,,fits,,A,2801.5,4009.4,0.5083,0.8624,4,False,,,0.2499,,
fan-curve-35-80x100,young_couple.latino,maximum,V0,1,2386.2,2386.2,0,0.415,0.59,0.415,,site_fails,site_fails,,1066.7,3003.8,0.7034,,,False,,,0.331,,
fan-curve-35-80x100,young_couple.latino,maximum,V1,2,2506.2,1574.7,931.6,0.4359,0.59,0.2739,,site_fails,site_fails,,2719.1,3815.3,0.7388,,,False,,,0.3519,,
fan-curve-35-80x100,young_couple.latino,maximum,V2,2,2506.2,2079.6,426.7,0.4359,0.59,0.3617,,site_fails,site_fails,,1722.0,3310.4,0.7388,,,False,,,0.3519,,
fan-curve-35-80x100,young_couple.latino,maximum,V4,2,2506.2,2145.7,360.5,0.4359,0.59,0.3732,,site_fails,site_fails,,1583.9,3244.3,0.7388,,,False,,,0.3519,,
fan-curve-35-80x100,young_couple.latino,accessible,V0,1,1634.1,1634.1,0,0.2842,0.59,0.2842,,fits,,A,2607.0,3905.9,0.4817,0.9087,1,True,upper_efficiency,V1,0.2342,,
fan-curve-35-80x100,young_couple.latino,accessible,V1,2,1754.1,1560.6,193.5,0.3051,0.59,0.2714,,fits,,A,2745.5,3979.4,0.5171,0.8597,2,False,,,0.2551,,"V2,V4"
fan-curve-35-80x100,young_couple.latino,staged_final,V0,1,1782.5,1782.5,0,0.31,0.59,0.31,,fits,,A,2321.1,3757.5,0.5254,0.8953,2,False,,,0.26,,
fan-curve-35-80x100,young_couple.latino,staged_final,V1,2,1902.5,1208.1,694.4,0.3309,0.59,0.2101,,fits,,A,3379.3,4331.9,0.5608,0.8761,3,False,,,0.2809,,
fan-curve-35-80x100,young_couple.latino,staged_final,V2,2,1902.5,1498.1,404.4,0.3309,0.59,0.2605,,fits,,A,2861.5,4041.9,0.5608,0.9005,1,True,open_area,V0,0.2809,,
fan-curve-35-80x100,young_couple.latino,staged_final,V4,2,1902.5,1709.6,192.9,0.3309,0.59,0.2973,,fits,,A,2462.8,3830.4,0.5608,0.846,4,False,,,0.2809,,
fan-curve-35-80x100,young_couple.anglo,minimum,V0,1,1282.2,1282.2,0,0.223,0.59,0.223,,fits,,A,3250.1,4257.8,0.378,0.9337,1,True,stair_independence,V1,0.173,,
fan-curve-35-80x100,young_couple.anglo,minimum,V1,2,1402.2,972.4,429.9,0.2439,0.59,0.1691,,fits,,A,3775.3,4567.6,0.4133,0.9096,2,False,,,0.1939,,
fan-curve-35-80x100,young_couple.anglo,minimum,V2,2,1402.2,1151.1,251.1,0.2439,0.59,0.2002,,fits,,A,3477.0,4388.9,0.4133,0.899,3,False,,,0.1939,,
fan-curve-35-80x100,young_couple.anglo,minimum,V4,2,1402.2,1206.6,195.6,0.2439,0.59,0.2098,,fits,,A,3381.8,4333.4,0.4133,0.8842,4,False,,,0.1939,,
fan-curve-35-80x100,young_couple.anglo,optimum,V0,1,1684.7,1684.7,0,0.293,0.59,0.293,,fits,,A,2510.5,3855.2,0.4966,0.9063,1,True,stair_independence,V1,0.243,,
fan-curve-35-80x100,young_couple.anglo,optimum,V1,2,1804.7,1247.8,556.9,0.3139,0.59,0.217,,fits,,A,3310.3,4292.2,0.532,0.8833,2,False,,,0.2639,,
fan-curve-35-80x100,young_couple.anglo,optimum,V2,2,1804.8,1556.9,247.9,0.3139,0.59,0.2708,,fits,,A,2752.5,3983.1,0.532,0.8771,3,False,,,0.2639,,
fan-curve-35-80x100,young_couple.anglo,optimum,V4,2,1804.7,1611.4,193.3,0.3139,0.59,0.2802,,fits,,A,2650.0,3928.6,0.532,0.8598,4,False,,,0.2639,,
fan-curve-35-80x100,young_couple.anglo,maximum,V0,1,2426.5,2426.5,0,0.422,0.59,0.422,,site_fails,site_fails,,,3323.5,0.7153,,,False,,,0.338,,
fan-curve-35-80x100,young_couple.anglo,maximum,V1,2,2546.5,1591.6,954.9,0.4429,0.59,0.2768,,site_fails,site_fails,,2687.4,3798.4,0.7506,,,False,,,0.3589,,
fan-curve-35-80x100,young_couple.anglo,maximum,V2,2,2546.5,2120.1,426.4,0.4429,0.59,0.3687,,site_fails,site_fails,,1637.6,3269.9,0.7506,,,False,,,0.3589,,
fan-curve-35-80x100,young_couple.anglo,maximum,V4,2,2546.5,2186.2,360.3,0.4429,0.59,0.3802,,site_fails,site_fails,,1498.5,3203.8,0.7506,,,False,,,0.3589,,
fan-curve-35-80x100,young_couple.anglo,accessible,V0,1,1714.6,1714.6,0,0.2982,0.59,0.2982,,fits,,A,2453.0,3825.4,0.5054,0.9034,1,True,upper_efficiency,V1,0.2482,,
fan-curve-35-80x100,young_couple.anglo,accessible,V1,2,1834.6,1641.4,193.2,0.3191,0.59,0.2855,,fits,,A,2593.2,3898.6,0.5408,0.8569,2,False,,,0.2691,,"V2,V4"
fan-curve-35-80x100,young_couple.anglo,staged_final,V0,1,1782.5,1782.5,0,0.31,0.59,0.31,,fits,,A,2321.1,3757.5,0.5254,0.8968,2,False,,,0.26,,
fan-curve-35-80x100,young_couple.anglo,staged_final,V1,2,1902.5,1226.2,676.3,0.3309,0.59,0.2132,,fits,,A,3348.0,4313.8,0.5608,0.8821,3,False,,,0.2809,,
fan-curve-35-80x100,young_couple.anglo,staged_final,V2,2,1902.5,1498.1,404.4,0.3309,0.59,0.2605,,fits,,A,2861.5,4041.9,0.5608,0.9045,1,True,open_area,V0,0.2809,,
fan-curve-35-80x100,young_couple.anglo,staged_final,V4,2,1902.5,1709.6,192.9,0.3309,0.59,0.2973,,fits,,A,2462.8,3830.4,0.5608,0.8503,4,False,,,0.2809,,
fan-curve-35-80x100,early_childhood.none,minimum,V0,1,1305.2,1305.2,0,0.227,0.59,0.227,,fits,,A,3209.6,4234.8,0.3847,0.9326,1,True,stair_independence,V1,0.177,,
fan-curve-35-80x100,early_childhood.none,minimum,V1,2,1425.2,989.7,435.6,0.2479,0.59,0.1721,,fits,,A,3747.0,4550.3,0.4201,0.9106,2,False,,,0.1979,,
fan-curve-35-80x100,early_childhood.none,minimum,V2,2,1425.2,1149.8,275.5,0.2479,0.59,0.2,,fits,,A,3479.4,4390.2,0.4201,0.5844,3,False,,,0.1979,,
fan-curve-35-80x100,early_childhood.none,optimum,V0,1,1610.0,1610.0,0,0.28,0.59,0.28,,fits,,A,2652.7,3930.0,0.4746,0.9135,1,True,stair_independence,V1,0.23,,
fan-curve-35-80x100,early_childhood.none,optimum,V1,2,1730.0,1165.7,564.3,0.3009,0.59,0.2027,,fits,,A,3452.1,4374.3,0.5099,0.8892,2,False,,,0.2509,,
fan-curve-35-80x100,early_childhood.none,optimum,V2,2,1730.0,1457.4,272.6,0.3009,0.59,0.2535,,fits,,A,2936.3,4082.6,0.5099,0.5693,3,False,,,0.2509,,
fan-curve-35-80x100,early_childhood.none,maximum,V0,1,2829.0,2829.0,0,0.492,0.59,0.492,,site_fails,site_fails,,,2921.0,0.8339,,,False,,,0.408,,
fan-curve-35-80x100,early_childhood.none,maximum,V1,2,2949.0,1999.7,949.3,0.5129,0.59,0.3478,,site_fails,site_fails,,1886.6,3390.3,0.8693,,,False,,,0.4289,,
fan-curve-35-80x100,early_childhood.none,maximum,V2,2,2949.0,2501.1,447.9,0.5129,0.59,0.435,,site_fails,site_fails,,,3248.9,0.8693,,,False,,,0.4289,,
fan-curve-35-80x100,early_childhood.none,maximum,V4,2,2949.0,2745.8,203.2,0.5129,0.59,0.4775,,site_fails,site_fails,,,3004.2,0.8693,,,False,,,0.4289,,
fan-curve-35-80x100,early_childhood.none,accessible,V0,1,1639.9,1639.9,0,0.2852,0.59,0.2852,,fits,,A,2596.1,3900.1,0.4834,0.9107,1,True,supervision,V1,0.2352,,
fan-curve-35-80x100,early_childhood.none,accessible,V1,2,1759.9,1542.1,217.8,0.3061,0.59,0.2682,,fits,,A,2780.0,3997.9,0.5188,0.5519,2,False,,,0.2561,,V2
fan-curve-35-80x100,early_childhood.none,staged_final,V0,1,1656.0,1656.0,0,0.288,0.59,0.288,,fits,,A,2565.5,3884.0,0.4881,0.9091,1,True,stair_independence,V1,0.238,,
fan-curve-35-80x100,early_childhood.none,staged_final,V1,2,1776.0,1212.5,563.5,0.3089,0.59,0.2109,,fits,,A,3371.6,4327.5,0.5235,0.887,2,False,,,0.2589,,
fan-curve-35-80x100,early_childhood.none,staged_final,V2,2,1776.0,1503.7,272.3,0.3089,0.59,0.2615,,fits,,A,2851.2,4036.3,0.5235,0.5671,3,False,,,0.2589,,
fan-curve-35-80x100,early_childhood.latino,minimum,V0,1,1305.2,1305.2,0,0.227,0.59,0.227,,fits,,A,3209.6,4234.8,0.3847,0.9326,1,True,stair_independence,V1,0.177,,
fan-curve-35-80x100,early_childhood.latino,minimum,V1,2,1425.2,989.7,435.6,0.2479,0.59,0.1721,,fits,,A,3747.0,4550.3,0.4201,0.9106,2,False,,,0.1979,,
fan-curve-35-80x100,early_childhood.latino,minimum,V2,2,1425.2,1149.8,275.5,0.2479,0.59,0.2,,fits,,A,3479.4,4390.2,0.4201,0.5844,3,False,,,0.1979,,
fan-curve-35-80x100,early_childhood.latino,optimum,V0,1,1610.0,1610.0,0,0.28,0.59,0.28,,fits,,A,2652.7,3930.0,0.4746,0.9135,1,True,stair_independence,V1,0.23,,
fan-curve-35-80x100,early_childhood.latino,optimum,V1,2,1730.0,1165.7,564.3,0.3009,0.59,0.2027,,fits,,A,3452.1,4374.3,0.5099,0.8892,2,False,,,0.2509,,
fan-curve-35-80x100,early_childhood.latino,optimum,V2,2,1730.0,1457.4,272.6,0.3009,0.59,0.2535,,fits,,A,2936.3,4082.6,0.5099,0.5693,3,False,,,0.2509,,
fan-curve-35-80x100,early_childhood.latino,maximum,V0,1,2880.8,2880.8,0,0.501,0.59,0.501,,site_fails,site_fails,,,2869.2,0.8492,,,False,,,0.417,,
fan-curve-35-80x100,early_childhood.latino,maximum,V1,2,3000.8,2052.1,948.7,0.5219,0.59,0.3569,,site_fails,site_fails,,1779.0,3337.9,0.8845,,,False,,,0.4379,,
fan-curve-35-80x100,early_childhood.latino,maximum,V2,2,3000.7,2553.1,447.7,0.5219,0.59,0.444,,site_fails,site_fails,,,3196.9,0.8845,,,False,,,0.4379,,
fan-curve-35-80x100,early_childhood.latino,maximum,V4,2,3000.8,2797.6,203.1,0.5219,0.59,0.4865,,site_fails,site_fails,,,2952.4,0.8845,,,False,,,0.4379,,
fan-curve-35-80x100,early_childhood.latino,accessible,V0,1,1639.9,1639.9,0,0.2852,0.59,0.2852,,fits,,A,2596.1,3900.1,0.4834,0.9107,1,True,supervision,V1,0.2352,,
fan-curve-35-80x100,early_childhood.latino,accessible,V1,2,1759.9,1542.1,217.8,0.3061,0.59,0.2682,,fits,,A,2780.0,3997.9,0.5188,0.5519,2,False,,,0.2561,,V2
fan-curve-35-80x100,early_childhood.latino,staged_final,V0,1,1656.0,1656.0,0,0.288,0.59,0.288,,fits,,A,2565.5,3884.0,0.4881,0.9091,1,True,stair_independence,V1,0.238,,
fan-curve-35-80x100,early_childhood.latino,staged_final,V1,2,1776.0,1212.5,563.5,0.3089,0.59,0.2109,,fits,,A,3371.6,4327.5,0.5235,0.887,2,False,,,0.2589,,
fan-curve-35-80x100,early_childhood.latino,staged_final,V2,2,1776.0,1503.7,272.3,0.3089,0.59,0.2615,,fits,,A,2851.2,4036.3,0.5235,0.5671,3,False,,,0.2589,,
fan-curve-35-80x100,early_childhood.anglo,minimum,V0,1,1305.2,1305.2,0,0.227,0.59,0.227,,fits,,A,3209.6,4234.8,0.3847,0.9326,1,True,stair_independence,V1,0.177,,
fan-curve-35-80x100,early_childhood.anglo,minimum,V1,2,1425.2,971.2,454.0,0.2479,0.59,0.1689,,fits,,A,3777.2,4568.8,0.4201,0.9085,2,False,,,0.1979,,
fan-curve-35-80x100,early_childhood.anglo,minimum,V2,2,1425.2,1149.8,275.5,0.2479,0.59,0.2,,fits,,A,3479.4,4390.2,0.4201,0.5844,3,False,,,0.1979,,
fan-curve-35-80x100,early_childhood.anglo,optimum,V0,1,1736.5,1736.5,0,0.302,0.59,0.302,,fits,,A,2410.7,3803.5,0.5119,0.9013,1,True,stair_independence,V1,0.252,,
fan-curve-35-80x100,early_childhood.anglo,optimum,V1,2,1856.5,1227.8,628.7,0.3229,0.59,0.2135,,fits,,A,3345.2,4312.2,0.5472,0.8791,2,False,,,0.2729,,
fan-curve-35-80x100,early_childhood.anglo,optimum,V2,2,1856.5,1584.7,271.8,0.3229,0.59,0.2756,,fits,,A,2700.3,3955.3,0.5472,0.5597,3,False,,,0.2729,,
fan-curve-35-80x100,early_childhood.anglo,maximum,V0,1,2829.0,2829.0,0,0.492,0.59,0.492,,site_fails,site_fails,,,2921.0,0.8339,,,False,,,0.408,,
fan-curve-35-80x100,early_childhood.anglo,maximum,V1,2,2949.0,1916.2,1032.8,0.5129,0.59,0.3332,,site_fails,site_fails,,2055.9,3473.8,0.8693,,,False,,,0.4289,,
fan-curve-35-80x100,early_childhood.anglo,maximum,V2,2,2949.0,2501.1,447.9,0.5129,0.59,0.435,,site_fails,site_fails,,,3248.9,0.8693,,,False,,,0.4289,,
fan-curve-35-80x100,early_childhood.anglo,maximum,V4,2,2949.0,2745.8,203.2,0.5129,0.59,0.4775,,site_fails,site_fails,,,3004.2,0.8693,,,False,,,0.4289,,
fan-curve-35-80x100,early_childhood.anglo,accessible,V0,1,1766.4,1766.4,0,0.3072,0.59,0.3072,,fits,,A,2352.5,3773.6,0.5207,0.8984,1,True,supervision,V1,0.2572,,
fan-curve-35-80x100,early_childhood.anglo,accessible,V1,2,1886.4,1669.2,217.2,0.3281,0.59,0.2903,,fits,,A,2540.2,3870.8,0.5561,0.5395,2,False,,,0.2781,,V2
fan-curve-35-80x100,early_childhood.anglo,staged_final,V0,1,1788.2,1788.2,0,0.311,0.59,0.311,,fits,,A,2309.8,3751.8,0.5271,0.8963,1,True,stair_independence,V1,0.261,,
fan-curve-35-80x100,early_childhood.anglo,staged_final,V1,2,1908.2,1226.0,682.3,0.3319,0.59,0.2132,,fits,,A,3348.3,4314.0,0.5625,0.8767,2,False,,,0.2819,,
fan-curve-35-80x100,early_childhood.anglo,staged_final,V2,2,1908.2,1582.4,325.8,0.3319,0.59,0.2752,,fits,,A,2704.6,3957.6,0.5625,0.5717,3,False,,,0.2819,,
fan-curve-35-80x100,teens_family.none,minimum,V0,1,1454.8,1454.8,0,0.253,0.59,0.253,,fits,,A,2941.0,4085.2,0.4288,0.7336,2,False,,,0.203,,
fan-curve-35-80x100,teens_family.none,minimum,V1,2,1574.8,983.0,591.8,0.2739,0.59,0.171,,fits,,A,3758.0,4557.0,0.4642,0.7085,3,False,,,0.2239,,
fan-curve-35-80x100,teens_family.none,minimum,V2,2,1574.7,1141.9,432.9,0.2739,0.59,0.1986,,fits,,A,3492.7,4398.1,0.4642,0.909,1,True,separation,V0,0.2239,,
fan-curve-35-80x100,teens_family.none,optimum,V0,1,1805.5,1805.5,0,0.314,0.59,0.314,,fits,,A,2276.0,3734.5,0.5322,0.7017,2,False,,,0.264,,
fan-curve-35-80x100,teens_family.none,optimum,V1,2,1925.5,1207.3,718.2,0.3349,0.59,0.21,,fits,,A,3380.6,4332.7,0.5676,0.6818,3,False,,,0.2849,,
fan-curve-35-80x100,teens_family.none,optimum,V2,2,1925.5,1497.2,428.3,0.3349,0.59,0.2604,,fits,,A,2863.2,4042.8,0.5676,0.8902,1,True,separation,V0,0.2849,,
fan-curve-35-80x100,teens_family.none,maximum,V0,1,3156.7,3156.7,0,0.549,0.59,0.549,,site_fails,site_fails,,,2593.3,0.9305,,,False,,,0.465,,
fan-curve-35-80x100,teens_family.none,maximum,V1,2,3276.8,2128.8,1147.9,0.5699,0.59,0.3702,,site_fails,site_fails,,1619.3,3261.2,0.9659,,,False,,,0.4859,,
fan-curve-35-80x100,teens_family.none,maximum,V2,2,3276.8,2628.2,648.5,0.5699,0.59,0.4571,,site_fails,site_fails,,,3121.8,0.9659,,,False,,,0.4859,,
fan-curve-35-80x100,teens_family.none,maximum,V4,2,3276.8,3050.3,226.5,0.5699,0.59,0.5305,,site_fails,site_fails,,,2699.7,0.9659,,,False,,,0.4859,,
fan-curve-35-80x100,teens_family.none,accessible,V0,1,1835.4,1835.4,0,0.3192,0.59,0.3192,,fits,,A,2217.0,3704.6,0.541,0.6988,2,False,,,0.2692,,
fan-curve-35-80x100,teens_family.none,accessible,V1,2,1955.4,1581.7,373.7,0.3401,0.59,0.2751,,fits,,A,2706.1,3958.3,0.5764,0.8856,1,True,separation,V0,0.2901,,V2
fan-curve-35-80x100,teens_family.none,staged_final,V0,1,1656.0,1656.0,0,0.288,0.59,0.288,,fits,,A,2565.5,3884.0,0.4881,0.7165,2,False,,,0.238,,
fan-curve-35-80x100,teens_family.none,staged_final,V1,2,1776.0,1212.5,563.5,0.3089,0.59,0.2109,,fits,,A,3371.6,4327.5,0.5235,0.6898,3,False,,,0.2589,,
fan-curve-35-80x100,teens_family.none,staged_final,V2,2,1776.0,1503.7,272.3,0.3089,0.59,0.2615,,fits,,A,2851.2,4036.3,0.5235,0.8717,1,True,separation,V0,0.2589,,
fan-curve-35-80x100,teens_family.latino,minimum,V0,1,1454.8,1454.8,0,0.253,0.59,0.253,,fits,,A,2941.0,4085.2,0.4288,0.7336,2,False,,,0.203,,
fan-curve-35-80x100,teens_family.latino,minimum,V1,2,1574.8,983.0,591.8,0.2739,0.59,0.171,,fits,,A,3758.0,4557.0,0.4642,0.7085,3,False,,,0.2239,,
fan-curve-35-80x100,teens_family.latino,minimum,V2,2,1574.7,1141.9,432.9,0.2739,0.59,0.1986,,fits,,A,3492.7,4398.1,0.4642,0.909,1,True,separation,V0,0.2239,,
fan-curve-35-80x100,teens_family.latino,optimum,V0,1,1805.5,1805.5,0,0.314,0.59,0.314,,fits,,A,2276.0,3734.5,0.5322,0.7017,2,False,,,0.264,,
fan-curve-35-80x100,teens_family.latino,optimum,V1,2,1925.5,1207.3,718.2,0.3349,0.59,0.21,,fits,,A,3380.6,4332.7,0.5676,0.6818,3,False,,,0.2849,,
fan-curve-35-80x100,teens_family.latino,optimum,V2,2,1925.5,1497.2,428.3,0.3349,0.59,0.2604,,fits,,A,2863.2,4042.8,0.5676,0.8902,1,True,separation,V0,0.2849,,
fan-curve-35-80x100,teens_family.latino,maximum,V0,1,3214.2,3214.2,0,0.559,0.59,0.559,,site_fails,site_fails,,,2535.8,0.9475,,,False,,,0.475,,
fan-curve-35-80x100,teens_family.latino,maximum,V1,2,3334.2,2187.0,1147.3,0.5799,0.59,0.3803,,site_fails,site_fails,,1496.8,3203.0,0.9828,,,False,,,0.4959,,
fan-curve-35-80x100,teens_family.latino,maximum,V2,2,3334.2,2686.1,648.2,0.5799,0.59,0.4671,,site_fails,site_fails,,,3063.9,0.9828,,,False,,,0.4959,,
fan-curve-35-80x100,teens_family.latino,maximum,V4,2,3334.2,3107.9,226.4,0.5799,0.59,0.5405,,site_fails,site_fails,,,2642.1,0.9828,,,False,,,0.4959,,
fan-curve-35-80x100,teens_family.latino,accessible,V0,1,1835.4,1835.4,0,0.3192,0.59,0.3192,,fits,,A,2217.0,3704.6,0.541,0.6988,2,False,,,0.2692,,
fan-curve-35-80x100,teens_family.latino,accessible,V1,2,1955.4,1581.7,373.7,0.3401,0.59,0.2751,,fits,,A,2706.1,3958.3,0.5764,0.8856,1,True,separation,V0,0.2901,,V2
fan-curve-35-80x100,teens_family.latino,staged_final,V0,1,1656.0,1656.0,0,0.288,0.59,0.288,,fits,,A,2565.5,3884.0,0.4881,0.7165,2,False,,,0.238,,
fan-curve-35-80x100,teens_family.latino,staged_final,V1,2,1776.0,1212.5,563.5,0.3089,0.59,0.2109,,fits,,A,3371.6,4327.5,0.5235,0.6898,3,False,,,0.2589,,
fan-curve-35-80x100,teens_family.latino,staged_final,V2,2,1776.0,1503.7,272.3,0.3089,0.59,0.2615,,fits,,A,2851.2,4036.3,0.5235,0.8717,1,True,separation,V0,0.2589,,
fan-curve-35-80x100,teens_family.anglo,minimum,V0,1,1454.8,1454.8,0,0.253,0.59,0.253,,fits,,A,2941.0,4085.2,0.4288,0.7452,2,False,,,0.203,,
fan-curve-35-80x100,teens_family.anglo,minimum,V1,2,1574.7,964.6,610.1,0.2739,0.59,0.1678,,fits,,A,3788.0,4575.4,0.4642,0.719,3,False,,,0.2239,,
fan-curve-35-80x100,teens_family.anglo,minimum,V2,2,1574.7,1123.6,451.2,0.2739,0.59,0.1954,,fits,,A,3523.9,4416.4,0.4642,0.9107,1,True,separation,V0,0.2239,,
fan-curve-35-80x100,teens_family.anglo,optimum,V0,1,1937.7,1937.7,0,0.337,0.59,0.337,,fits,,A,2012.4,3602.2,0.5712,0.6976,2,False,,,0.287,,
fan-curve-35-80x100,teens_family.anglo,optimum,V1,2,2057.8,1221.4,836.3,0.3579,0.59,0.2124,,fits,,A,3356.2,4318.6,0.6066,0.6844,3,False,,,0.3079,,
fan-curve-35-80x100,teens_family.anglo,optimum,V2,2,2057.8,1510.3,547.4,0.3579,0.59,0.2627,,fits,,A,2839.0,4029.7,0.6066,0.8838,1,True,separation,V0,0.3079,,
fan-curve-35-80x100,teens_family.anglo,maximum,V0,1,3220.0,3220.0,0,0.56,0.59,0.56,,site_fails,site_fails,,,2530.0,0.9492,,,False,,,0.476,,
fan-curve-35-80x100,teens_family.anglo,maximum,V1,2,3340.0,2044.3,1295.7,0.5809,0.59,0.3555,,site_fails,site_fails,,1795.1,3345.7,0.9845,,,False,,,0.4969,,
fan-curve-35-80x100,teens_family.anglo,maximum,V2,2,3340.0,2626.5,713.5,0.5809,0.59,0.4568,,site_fails,site_fails,,,3123.5,0.9845,,,False,,,0.4969,,
fan-curve-35-80x100,teens_family.anglo,maximum,V4,2,3340.0,3113.7,226.3,0.5809,0.59,0.5415,,site_fails,site_fails,,,2636.3,0.9845,,,False,,,0.4969,,
fan-curve-35-80x100,teens_family.anglo,accessible,V0,1,1967.6,1967.6,0,0.3422,0.59,0.3422,,fits,,A,1951.9,3572.4,0.58,0.6945,2,False,,,0.2922,,
fan-curve-35-80x100,teens_family.anglo,accessible,V1,2,2087.6,1660.8,426.8,0.3631,0.59,0.2888,,fits,,A,2556.3,3879.2,0.6154,0.8788,1,True,separation,V0,0.3131,,V2
fan-curve-35-80x100,teens_family.anglo,staged_final,V0,1,1736.5,1736.5,0,0.302,0.59,0.302,,fits,,A,2410.7,3803.5,0.5119,0.7188,2,False,,,0.252,,
fan-curve-35-80x100,teens_family.anglo,staged_final,V1,2,1856.5,1227.8,628.7,0.3229,0.59,0.2135,,fits,,A,3345.2,4312.2,0.5472,0.6947,3,False,,,0.2729,,
fan-curve-35-80x100,teens_family.anglo,staged_final,V2,2,1856.5,1584.7,271.8,0.3229,0.59,0.2756,,fits,,A,2700.3,3955.3,0.5472,0.8692,1,True,separation,V0,0.2729,,
fan-curve-35-80x100,multigenerational.none,minimum,V0,1,1523.7,1523.7,0,0.265,0.59,0.265,,fits,,A,2814.1,4016.2,0.4492,0.9151,1,True,stair_independence,V1,0.215,,
fan-curve-35-80x100,multigenerational.none,minimum,V1,2,1643.8,1212.0,431.8,0.2859,0.59,0.2108,,fits,,A,3372.6,4328.0,0.4845,0.8955,2,False,,,0.2359,,V3
fan-curve-35-80x100,multigenerational.none,minimum,V2,2,1643.8,1370.4,273.3,0.2859,0.59,0.2383,,fits,,A,3093.6,4169.6,0.4845,0.8843,3,False,,,0.2359,,
fan-curve-35-80x100,multigenerational.none,optimum,V0,1,1857.2,1857.2,0,0.323,0.59,0.323,,fits,,A,2173.7,3682.8,0.5475,0.88,1,True,stair_independence,V1,0.273,,
fan-curve-35-80x100,multigenerational.none,optimum,V1,2,1977.2,1416.8,560.5,0.3439,0.59,0.2464,,fits,,A,3010.1,4123.2,0.5828,0.8713,2,False,,,0.2939,,V3
fan-curve-35-80x100,multigenerational.none,optimum,V2,2,1977.2,1706.2,271.1,0.3439,0.59,0.2967,,fits,,A,2469.3,3833.8,0.5828,0.8562,3,False,,,0.2939,,
fan-curve-35-80x100,multigenerational.none,maximum,V0,1,3110.7,3110.7,0,0.541,0.59,0.541,,site_fails,site_fails,,,2639.3,0.9169,,,False,,,0.457,,
fan-curve-35-80x100,multigenerational.none,maximum,V1,2,3230.7,2118.0,1112.8,0.5619,0.59,0.3683,,site_fails,site_fails,,1642.1,3272.0,0.9523,,,False,,,0.4779,,
fan-curve-35-80x100,multigenerational.none,maximum,V2,2,3230.7,2617.6,613.2,0.5619,0.59,0.4552,,site_fails,site_fails,,,3132.4,0.9523,,,False,,,0.4779,,
fan-curve-35-80x100,multigenerational.none,maximum,V3,2,3230.7,2248.8,981.9,0.5619,0.59,0.3911,,site_fails,site_fails,,1365.0,3141.2,0.9523,,,False,,,0.4779,,
fan-curve-35-80x100,multigenerational.none,maximum,V4,2,3230.7,3039.9,190.9,0.5619,0.59,0.5287,,site_fails,site_fails,,,2710.1,0.9523,,,False,,,0.4779,,
fan-curve-35-80x100,multigenerational.none,accessible,V0,1,1887.1,1887.1,0,0.3282,0.59,0.3282,,fits,,A,2114.1,3652.9,0.5563,0.8769,1,True,stair_independence,V1,0.2782,,
fan-curve-35-80x100,multigenerational.none,accessible,V1,2,2007.1,1447.0,560.1,0.3491,0.59,0.2517,,fits,,A,2955.1,4093.0,0.5916,0.8703,2,False,,,0.2991,,V3
fan-curve-35-80x100,multigenerational.none,accessible,V2,2,2007.1,1736.3,270.9,0.3491,0.59,0.302,,fits,,A,2411.2,3803.7,0.5916,0.853,3,False,,,0.2991,,
fan-curve-35-80x100,multigenerational.none,staged_final,V0,1,2006.7,2006.7,0,0.349,0.59,0.349,,fits,,A,1872.2,3533.2,0.5915,0.6903,2,False,,,0.299,,
fan-curve-35-80x100,multigenerational.none,staged_final,V1,2,2126.8,1411.9,714.9,0.3699,0.59,0.2455,,fits,,A,3019.0,4128.1,0.6269,0.6897,3,False,,,0.3199,,V3
fan-curve-35-80x100,multigenerational.none,staged_final,V2,2,2126.8,1700.2,426.5,0.3699,0.59,0.2957,,fits,,A,2480.7,3839.8,0.6269,0.8747,1,True,separation,V0,0.3199,,
fan-curve-35-80x100,multigenerational.latino,minimum,V0,1,1523.7,1523.7,0,0.265,0.59,0.265,,fits,,A,2814.1,4016.2,0.4492,0.9151,1,True,stair_independence,V1,0.215,,
fan-curve-35-80x100,multigenerational.latino,minimum,V1,2,1643.8,1212.0,431.8,0.2859,0.59,0.2108,,fits,,A,3372.6,4328.0,0.4845,0.8955,2,False,,,0.2359,,V3
fan-curve-35-80x100,multigenerational.latino,minimum,V2,2,1643.8,1370.4,273.3,0.2859,0.59,0.2383,,fits,,A,3093.6,4169.6,0.4845,0.8843,3,False,,,0.2359,,
fan-curve-35-80x100,multigenerational.latino,optimum,V0,1,1811.2,1811.2,0,0.315,0.59,0.315,,fits,,A,2264.7,3728.8,0.5339,0.8848,1,True,stair_independence,V1,0.265,,
fan-curve-35-80x100,multigenerational.latino,optimum,V1,2,1931.2,1370.1,561.1,0.3359,0.59,0.2383,,fits,,A,3094.1,4169.9,0.5693,0.8736,2,False,,,0.2859,,V3
fan-curve-35-80x100,multigenerational.latino,optimum,V2,2,1931.2,1659.9,271.3,0.3359,0.59,0.2887,,fits,,A,2557.9,3880.1,0.5693,0.8612,3,False,,,0.2859,,
fan-curve-35-80x100,multigenerational.latino,maximum,V0,1,3133.7,3133.7,0,0.545,0.59,0.545,,site_fails,site_fails,,,2616.3,0.9237,,,False,,,0.461,,
fan-curve-35-80x100,multigenerational.latino,maximum,V1,2,3253.8,2141.2,1112.5,0.5659,0.59,0.3724,,site_fails,site_fails,,1593.3,3248.8,0.9591,,,False,,,0.4819,,
fan-curve-35-80x100,multigenerational.latino,maximum,V2,2,3253.8,2640.7,613.0,0.5659,0.59,0.4593,,site_fails,site_fails,,,3109.3,0.9591,,,False,,,0.4819,,
fan-curve-35-80x100,multigenerational.latino,maximum,V3,2,3253.8,2272.1,981.7,0.5659,0.59,0.3951,,site_fails,site_fails,,1315.1,3117.9,0.9591,,,False,,,0.4819,,
fan-curve-35-80x100,multigenerational.latino,maximum,V4,2,3253.7,3062.9,190.8,0.5659,0.59,0.5327,,site_fails,site_fails,,,2687.1,0.9591,,,False,,,0.4819,,
fan-curve-35-80x100,multigenerational.latino,accessible,V0,1,1841.1,1841.1,0,0.3202,0.59,0.3202,,fits,,A,2205.6,3698.9,0.5427,0.8817,1,True,stair_independence,V1,0.2702,,
fan-curve-35-80x100,multigenerational.latino,accessible,V1,2,1961.1,1400.4,560.7,0.3411,0.59,0.2436,,fits,,A,3039.6,4139.6,0.5781,0.8727,2,False,,,0.2911,,V3
fan-curve-35-80x100,multigenerational.latino,accessible,V2,2,1961.2,1690.0,271.1,0.3411,0.59,0.2939,,fits,,A,2500.4,3850.0,0.5781,0.858,3,False,,,0.2911,,
fan-curve-35-80x100,multigenerational.latino,staged_final,V0,1,2006.7,2006.7,0,0.349,0.59,0.349,,fits,,A,1872.2,3533.2,0.5915,0.6903,2,False,,,0.299,,
fan-curve-35-80x100,multigenerational.latino,staged_final,V1,2,2126.8,1411.9,714.9,0.3699,0.59,0.2455,,fits,,A,3019.0,4128.1,0.6269,0.6897,3,False,,,0.3199,,V3
fan-curve-35-80x100,multigenerational.latino,staged_final,V2,2,2126.8,1700.2,426.5,0.3699,0.59,0.2957,,fits,,A,2480.7,3839.8,0.6269,0.8747,1,True,separation,V0,0.3199,,
fan-curve-35-80x100,multigenerational.anglo,minimum,V0,1,1523.7,1523.7,0,0.265,0.59,0.265,,fits,,A,2814.1,4016.2,0.4492,0.9151,1,True,stair_independence,V1,0.215,,
fan-curve-35-80x100,multigenerational.anglo,minimum,V1,2,1643.7,1193.7,450.1,0.2859,0.59,0.2076,,fits,,A,3404.1,4346.3,0.4845,0.8938,2,False,,,0.2359,,V3
fan-curve-35-80x100,multigenerational.anglo,minimum,V2,2,1643.8,1370.4,273.3,0.2859,0.59,0.2383,,fits,,A,3093.6,4169.6,0.4845,0.8843,3,False,,,0.2359,,
fan-curve-35-80x100,multigenerational.anglo,optimum,V0,1,2001.0,2001.0,0,0.348,0.59,0.348,,fits,,A,1883.9,3539.0,0.5898,0.8649,1,True,stair_independence,V1,0.298,,
fan-curve-35-80x100,multigenerational.anglo,optimum,V1,2,2121.0,1496.2,624.8,0.3689,0.59,0.2602,,fits,,A,2865.1,4043.8,0.6252,0.8603,2,False,,,0.3189,,V3
fan-curve-35-80x100,multigenerational.anglo,optimum,V2,2,2121.0,1850.7,270.3,0.3689,0.59,0.3219,,fits,,A,2186.7,3689.3,0.6252,0.8408,3,False,,,0.3189,,
fan-curve-35-80x100,multigenerational.anglo,maximum,V0,1,3254.5,3254.5,0,0.566,0.59,0.566,,site_fails,site_fails,,,2495.5,0.9593,,,False,,,0.482,,
fan-curve-35-80x100,multigenerational.anglo,maximum,V1,2,3374.5,2114.8,1259.7,0.5869,0.59,0.3678,,site_fails,site_fails,,1648.6,3275.2,0.9947,,,False,,,0.5029,,
fan-curve-35-80x100,multigenerational.anglo,maximum,V2,2,3374.5,2696.9,677.6,0.5869,0.59,0.469,,site_fails,site_fails,,,3053.1,0.9947,,,False,,,0.5029,,
fan-curve-35-80x100,multigenerational.anglo,maximum,V3,2,3374.5,2245.5,1129.0,0.5869,0.59,0.3905,,site_fails,site_fails,,1372.1,3144.5,0.9947,,,False,,,0.5029,,
fan-curve-35-80x100,multigenerational.anglo,maximum,V4,2,3374.5,3183.8,190.7,0.5869,0.59,0.5537,,site_fails,site_fails,,,2566.2,0.9947,,,False,,,0.5029,,
fan-curve-35-80x100,multigenerational.anglo,accessible,V0,1,2030.9,2030.9,0,0.3532,0.59,0.3532,,fits,,A,1822.6,3509.1,0.5986,0.8617,1,True,stair_independence,V1,0.3032,,
fan-curve-35-80x100,multigenerational.anglo,accessible,V1,2,2150.9,1526.4,624.5,0.3741,0.59,0.2655,,fits,,A,2809.1,4013.6,0.634,0.8588,2,False,,,0.3241,,V3
fan-curve-35-80x100,multigenerational.anglo,accessible,V2,2,2150.9,1880.7,270.2,0.3741,0.59,0.3271,,fits,,A,2126.9,3659.3,0.634,0.8376,3,False,,,0.3241,,
fan-curve-35-80x100,multigenerational.anglo,staged_final,V0,1,2202.2,2202.2,0,0.383,0.59,0.383,,fits,,A,1464.4,3337.8,0.6492,0.6698,3,False,,,0.333,,
fan-curve-35-80x100,multigenerational.anglo,staged_final,V1,2,2322.2,1490.3,832.0,0.4039,0.59,0.2592,,fits,,A,2875.9,4049.7,0.6845,0.676,2,False,,,0.3539,,V3
fan-curve-35-80x100,multigenerational.anglo,staged_final,V2,2,2322.2,1843.3,478.9,0.4039,0.59,0.3206,,fits,,A,2201.3,3696.7,0.6845,0.8569,1,True,separation,V1,0.3539,,
fan-curve-35-80x100,empty_nest.none,minimum,V0,1,1155.8,1155.8,0,0.201,0.59,0.201,,fits,,A,3469.1,4384.2,0.3407,0.9372,1,True,stair_independence,V1,0.151,,
fan-curve-35-80x100,empty_nest.none,minimum,V1,2,1275.8,998.3,277.5,0.2219,0.59,0.1736,,fits,,A,3732.9,4541.7,0.3761,0.8571,2,False,,,0.1719,,
fan-curve-35-80x100,empty_nest.none,optimum,V0,1,1431.8,1431.8,0,0.249,0.59,0.249,,fits,,A,2982.9,4108.2,0.422,0.9236,1,True,only_feasible,,0.199,,
fan-curve-35-80x100,empty_nest.none,maximum,V0,1,2133.2,2133.2,0,0.371,0.59,0.371,,site_fails,site_fails,,1610.1,3256.8,0.6288,,,False,,,0.287,,
fan-curve-35-80x100,empty_nest.none,maximum,V1,2,2253.2,1981.7,271.5,0.3919,0.59,0.3447,,site_fails,site_fails,,1923.2,3408.3,0.6642,,,False,,,0.3079,,V2
fan-curve-35-80x100,empty_nest.none,maximum,V4,2,2253.2,2048.2,205.0,0.3919,0.59,0.3562,,site_fails,site_fails,,1787.0,3341.8,0.6642,,,False,,,0.3079,,
fan-curve-35-80x100,empty_nest.none,accessible,V0,1,1461.6,1461.6,0,0.2542,0.59,0.2542,,fits,,A,2928.4,4078.4,0.4308,0.9222,1,True,only_feasible,,0.2042,,
fan-curve-35-80x100,empty_nest.none,staged_final,V0,1,1431.8,1431.8,0,0.249,0.59,0.249,,fits,,A,2982.9,4108.2,0.422,0.9236,1,True,only_feasible,,0.199,,
fan-curve-35-80x100,empty_nest.latino,minimum,V0,1,1155.8,1155.8,0,0.201,0.59,0.201,,fits,,A,3469.1,4384.2,0.3407,0.9372,1,True,stair_independence,V1,0.151,,
fan-curve-35-80x100,empty_nest.latino,minimum,V1,2,1275.8,998.3,277.5,0.2219,0.59,0.1736,,fits,,A,3732.9,4541.7,0.3761,0.8571,2,False,,,0.1719,,
fan-curve-35-80x100,empty_nest.latino,optimum,V0,1,1431.8,1431.8,0,0.249,0.59,0.249,,fits,,A,2982.9,4108.2,0.422,0.9236,1,True,only_feasible,,0.199,,
fan-curve-35-80x100,empty_nest.latino,maximum,V0,1,2185.0,2185.0,0,0.38,0.59,0.38,,site_fails,site_fails,,1501.0,3205.0,0.6441,,,False,,,0.296,,
fan-curve-35-80x100,empty_nest.latino,maximum,V1,2,2305.0,2033.7,271.3,0.4009,0.59,0.3537,,site_fails,site_fails,,1816.8,3356.3,0.6794,,,False,,,0.3169,,V2
fan-curve-35-80x100,empty_nest.latino,maximum,V4,2,2305.0,2100.1,204.9,0.4009,0.59,0.3652,,site_fails,site_fails,,1679.3,3289.9,0.6794,,,False,,,0.3169,,
fan-curve-35-80x100,empty_nest.latino,accessible,V0,1,1461.6,1461.6,0,0.2542,0.59,0.2542,,fits,,A,2928.4,4078.4,0.4308,0.9222,1,True,only_feasible,,0.2042,,
fan-curve-35-80x100,empty_nest.latino,staged_final,V0,1,1431.8,1431.8,0,0.249,0.59,0.249,,fits,,A,2982.9,4108.2,0.422,0.9236,1,True,only_feasible,,0.199,,
fan-curve-35-80x100,empty_nest.anglo,minimum,V0,1,1155.8,1155.8,0,0.201,0.59,0.201,,fits,,A,3469.1,4384.2,0.3407,0.9397,1,True,stair_independence,V1,0.151,,
fan-curve-35-80x100,empty_nest.anglo,minimum,V1,2,1275.8,979.6,296.1,0.2219,0.59,0.1704,,fits,,A,3763.5,4560.4,0.3761,0.8616,2,False,,,0.1719,,
fan-curve-35-80x100,empty_nest.anglo,optimum,V0,1,1558.2,1558.2,0,0.271,0.59,0.271,,fits,,A,2749.9,3981.8,0.4593,0.9186,1,True,only_feasible,,0.221,,
fan-curve-35-80x100,empty_nest.anglo,maximum,V0,1,2277.0,2277.0,0,0.396,0.59,0.396,,site_fails,site_fails,,1304.5,3113.0,0.6712,,,False,,,0.312,,
fan-curve-35-80x100,empty_nest.anglo,maximum,V1,2,2397.0,2126.2,270.8,0.4169,0.59,0.3698,,site_fails,site_fails,,1624.9,3263.8,0.7066,,,False,,,0.3329,,V2
fan-curve-35-80x100,empty_nest.anglo,maximum,V4,2,2397.0,2192.4,204.6,0.4169,0.59,0.3813,,site_fails,site_fails,,1485.3,3197.6,0.7066,,,False,,,0.3329,,
fan-curve-35-80x100,empty_nest.anglo,accessible,V0,1,1588.1,1588.1,0,0.2762,0.59,0.2762,,fits,,A,2693.9,3951.9,0.4681,0.9157,1,True,only_feasible,,0.2262,,
fan-curve-35-80x100,empty_nest.anglo,staged_final,V0,1,1558.2,1558.2,0,0.271,0.59,0.271,,fits,,A,2749.9,3981.8,0.4593,0.9186,1,True,only_feasible,,0.221,,
fan-curve-35-80x100,remote_work.none,minimum,V0,1,1282.2,1282.2,0,0.223,0.59,0.223,,fits,,A,3250.1,4257.8,0.378,0.9172,1,True,stair_independence,V1,0.173,,
fan-curve-35-80x100,remote_work.none,minimum,V1,2,1402.2,990.9,411.4,0.2439,0.59,0.1723,,fits,,A,3745.1,4549.1,0.4133,0.8896,2,False,,,0.1939,,
fan-curve-35-80x100,remote_work.none,minimum,V2,2,1402.2,1151.1,251.1,0.2439,0.59,0.2002,,fits,,A,3477.0,4388.9,0.4133,0.8738,3,False,,,0.1939,,
fan-curve-35-80x100,remote_work.none,minimum,V4,2,1402.2,1206.6,195.6,0.2439,0.59,0.2098,,fits,,A,3381.8,4333.4,0.4133,0.8553,4,False,,,0.1939,,
fan-curve-35-80x100,remote_work.none,optimum,V0,1,1656.0,1656.0,0,0.288,0.59,0.288,,fits,,A,2565.5,3884.0,0.4881,0.8881,1,True,cost,V2,0.238,,
fan-curve-35-80x100,remote_work.none,optimum,V1,2,1776.0,1103.3,672.7,0.3089,0.59,0.1919,,fits,,A,3558.0,4436.7,0.5235,0.855,4,False,,,0.2589,,
fan-curve-35-80x100,remote_work.none,optimum,V2,2,1776.0,1394.5,381.5,0.3089,0.59,0.2425,,fits,,A,3050.3,4145.5,0.5235,0.888,2,False,,,0.2589,,
fan-curve-35-80x100,remote_work.none,optimum,V4,2,1776.0,1449.1,326.9,0.3089,0.59,0.252,,fits,,A,2951.3,4090.9,0.5235,0.877,3,False,,,0.2589,,
fan-curve-35-80x100,remote_work.none,maximum,V0,1,2208.0,2208.0,0,0.384,0.59,0.384,,fits,,A,1452.2,3332.0,0.6508,0.8281,3,False,,,0.334,,
fan-curve-35-80x100,remote_work.none,maximum,V1,2,2328.0,1236.4,1091.6,0.4049,0.59,0.215,,fits,,A,3330.2,4303.6,0.6862,0.8122,4,False,,,0.3549,,
fan-curve-35-80x100,remote_work.none,maximum,V2,2,2328.0,1743.1,584.9,0.4049,0.59,0.3032,,fits,,A,2397.8,3796.9,0.6862,0.8442,1,True,open_area,V4,0.3549,,
fan-curve-35-80x100,remote_work.none,maximum,V4,2,2328.0,1809.5,518.5,0.4049,0.59,0.3147,,fits,,A,2268.1,3730.5,0.6862,0.8409,2,False,,,0.3549,,
fan-curve-35-80x100,remote_work.none,accessible,V0,1,1685.9,1685.9,0,0.2932,0.59,0.2932,,fits,,A,2508.3,3854.1,0.4969,0.8849,1,True,upper_efficiency,V1,0.2432,,
fan-curve-35-80x100,remote_work.none,accessible,V1,2,1805.9,1479.3,326.6,0.3141,0.59,0.2573,,fits,,A,2896.2,4060.7,0.5323,0.8752,2,False,,,0.2641,,"V2,V4"
fan-curve-35-80x100,remote_work.none,staged_final,V0,1,1656.0,1656.0,0,0.288,0.59,0.288,,fits,,A,2565.5,3884.0,0.4881,0.8881,1,True,cost,V2,0.238,,
fan-curve-35-80x100,remote_work.none,staged_final,V1,2,1776.0,1103.3,672.7,0.3089,0.59,0.1919,,fits,,A,3558.0,4436.7,0.5235,0.855,4,False,,,0.2589,,
fan-curve-35-80x100,remote_work.none,staged_final,V2,2,1776.0,1394.5,381.5,0.3089,0.59,0.2425,,fits,,A,3050.3,4145.5,0.5235,0.888,2,False,,,0.2589,,
fan-curve-35-80x100,remote_work.none,staged_final,V4,2,1776.0,1449.1,326.9,0.3089,0.59,0.252,,fits,,A,2951.3,4090.9,0.5235,0.877,3,False,,,0.2589,,
fan-curve-35-80x100,remote_work.latino,minimum,V0,1,1282.2,1282.2,0,0.223,0.59,0.223,,fits,,A,3250.1,4257.8,0.378,0.9172,1,True,stair_independence,V1,0.173,,
fan-curve-35-80x100,remote_work.latino,minimum,V1,2,1402.2,990.9,411.4,0.2439,0.59,0.1723,,fits,,A,3745.1,4549.1,0.4133,0.8896,2,False,,,0.1939,,
fan-curve-35-80x100,remote_work.latino,minimum,V2,2,1402.2,1151.1,251.1,0.2439,0.59,0.2002,,fits,,A,3477.0,4388.9,0.4133,0.8738,3,False,,,0.1939,,
fan-curve-35-80x100,remote_work.latino,minimum,V4,2,1402.2,1206.6,195.6,0.2439,0.59,0.2098,,fits,,A,3381.8,4333.4,0.4133,0.8553,4,False,,,0.1939,,
fan-curve-35-80x100,remote_work.latino,optimum,V0,1,1656.0,1656.0,0,0.288,0.59,0.288,,fits,,A,2565.5,3884.0,0.4881,0.8881,1,True,cost,V2,0.238,,
fan-curve-35-80x100,remote_work.latino,optimum,V1,2,1776.0,1103.3,672.7,0.3089,0.59,0.1919,,fits,,A,3558.0,4436.7,0.5235,0.855,4,False,,,0.2589,,
fan-curve-35-80x100,remote_work.latino,optimum,V2,2,1776.0,1394.5,381.5,0.3089,0.59,0.2425,,fits,,A,3050.3,4145.5,0.5235,0.888,2,False,,,0.2589,,
fan-curve-35-80x100,remote_work.latino,optimum,V4,2,1776.0,1449.1,326.9,0.3089,0.59,0.252,,fits,,A,2951.3,4090.9,0.5235,0.877,3,False,,,0.2589,,
fan-curve-35-80x100,remote_work.latino,maximum,V0,1,2432.2,2432.2,0,0.423,0.59,0.423,,fits,,B2,2304.4,3107.8,0.7169,0.8038,4,False,,,0.373,,
fan-curve-35-80x100,remote_work.latino,maximum,V1,2,2552.2,1465.3,1086.9,0.4439,0.59,0.2548,,fits,,A,2921.7,4074.7,0.7523,0.8062,3,False,,,0.3939,,
fan-curve-35-80x100,remote_work.latino,maximum,V2,2,2552.2,1969.8,582.5,0.4439,0.59,0.3426,,fits,,A,1947.6,3570.2,0.7523,0.8197,1,True,open_area,V4,0.3939,,
fan-curve-35-80x100,remote_work.latino,maximum,V4,2,2552.2,2035.8,516.4,0.4439,0.59,0.3541,,fits,,A,1812.5,3504.2,0.7523,0.8164,2,False,,,0.3939,,
fan-curve-35-80x100,remote_work.latino,accessible,V0,1,1685.9,1685.9,0,0.2932,0.59,0.2932,,fits,,A,2508.3,3854.1,0.4969,0.8849,1,True,upper_efficiency,V1,0.2432,,
fan-curve-35-80x100,remote_work.latino,accessible,V1,2,1805.9,1479.3,326.6,0.3141,0.59,0.2573,,fits,,A,2896.2,4060.7,0.5323,0.8752,2,False,,,0.2641,,"V2,V4"
fan-curve-35-80x100,remote_work.latino,staged_final,V0,1,1656.0,1656.0,0,0.288,0.59,0.288,,fits,,A,2565.5,3884.0,0.4881,0.8881,1,True,cost,V2,0.238,,
fan-curve-35-80x100,remote_work.latino,staged_final,V1,2,1776.0,1103.3,672.7,0.3089,0.59,0.1919,,fits,,A,3558.0,4436.7,0.5235,0.855,4,False,,,0.2589,,
fan-curve-35-80x100,remote_work.latino,staged_final,V2,2,1776.0,1394.5,381.5,0.3089,0.59,0.2425,,fits,,A,3050.3,4145.5,0.5235,0.888,2,False,,,0.2589,,
fan-curve-35-80x100,remote_work.latino,staged_final,V4,2,1776.0,1449.1,326.9,0.3089,0.59,0.252,,fits,,A,2951.3,4090.9,0.5235,0.877,3,False,,,0.2589,,
fan-curve-35-80x100,remote_work.anglo,minimum,V0,1,1282.2,1282.2,0,0.223,0.59,0.223,,fits,,A,3250.1,4257.8,0.378,0.9211,1,True,stair_independence,V1,0.173,,
fan-curve-35-80x100,remote_work.anglo,minimum,V1,2,1402.2,972.4,429.9,0.2439,0.59,0.1691,,fits,,A,3775.3,4567.6,0.4133,0.8924,2,False,,,0.1939,,
fan-curve-35-80x100,remote_work.anglo,minimum,V2,2,1402.2,1151.1,251.1,0.2439,0.59,0.2002,,fits,,A,3477.0,4388.9,0.4133,0.8798,3,False,,,0.1939,,
fan-curve-35-80x100,remote_work.anglo,minimum,V4,2,1402.2,1206.6,195.6,0.2439,0.59,0.2098,,fits,,A,3381.8,4333.4,0.4133,0.8622,4,False,,,0.1939,,
fan-curve-35-80x100,remote_work.anglo,optimum,V0,1,1736.5,1736.5,0,0.302,0.59,0.302,,fits,,A,2410.7,3803.5,0.5119,0.8825,2,False,,,0.252,,
fan-curve-35-80x100,remote_work.anglo,optimum,V1,2,1856.5,1167.2,689.3,0.3229,0.59,0.203,,fits,,A,3449.5,4372.8,0.5472,0.8553,4,False,,,0.2729,,
fan-curve-35-80x100,remote_work.anglo,optimum,V2,2,1856.5,1475.8,380.7,0.3229,0.59,0.2567,,fits,,A,2902.5,4064.2,0.5472,0.8889,1,True,open_area,V0,0.2729,,
fan-curve-35-80x100,remote_work.anglo,optimum,V4,2,1856.5,1530.3,326.2,0.3229,0.59,0.2661,,fits,,A,2802.0,4009.7,0.5472,0.8772,3,False,,,0.2729,,
fan-curve-35-80x100,remote_work.anglo,maximum,V0,1,2317.2,2317.2,0,0.403,0.59,0.403,,fits,,A,1217.4,3222.8,0.6831,0.8155,3,False,,,0.353,,
fan-curve-35-80x100,remote_work.anglo,maximum,V1,2,2437.2,1324.0,1113.3,0.4239,0.59,0.2303,,fits,,A,3176.4,4216.0,0.7184,0.8137,4,False,,,0.3739,,
fan-curve-35-80x100,remote_work.anglo,maximum,V2,2,2437.2,1853.6,583.6,0.4239,0.59,0.3224,,fits,,A,2180.9,3686.4,0.7184,0.8362,1,True,open_area,V4,0.3739,,
fan-curve-35-80x100,remote_work.anglo,maximum,V4,2,2437.2,1919.8,517.4,0.4239,0.59,0.3339,,fits,,A,2048.6,3620.2,0.7184,0.8323,2,False,,,0.3739,,
fan-curve-35-80x100,remote_work.anglo,accessible,V0,1,1766.4,1766.4,0,0.3072,0.59,0.3072,,fits,,A,2352.5,3773.6,0.5207,0.879,1,True,upper_efficiency,V1,0.2572,,
fan-curve-35-80x100,remote_work.anglo,accessible,V1,2,1886.4,1560.4,326.0,0.3281,0.59,0.2714,,fits,,A,2745.9,3979.6,0.5561,0.8737,2,False,,,0.2781,,"V2,V4"
fan-curve-35-80x100,remote_work.anglo,staged_final,V0,1,1736.5,1736.5,0,0.302,0.59,0.302,,fits,,A,2410.7,3803.5,0.5119,0.8825,2,False,,,0.252,,
fan-curve-35-80x100,remote_work.anglo,staged_final,V1,2,1856.5,1167.2,689.3,0.3229,0.59,0.203,,fits,,A,3449.5,4372.8,0.5472,0.8553,4,False,,,0.2729,,
fan-curve-35-80x100,remote_work.anglo,staged_final,V2,2,1856.5,1475.8,380.7,0.3229,0.59,0.2567,,fits,,A,2902.5,4064.2,0.5472,0.8889,1,True,open_area,V0,0.2729,,
fan-curve-35-80x100,remote_work.anglo,staged_final,V4,2,1856.5,1530.3,326.2,0.3229,0.59,0.2661,,fits,,A,2802.0,4009.7,0.5472,0.8772,3,False,,,0.2729,,
fan-curve-35-80x100,shared_adults.none,minimum,V0,1,1506.5,1506.5,0,0.262,0.59,0.262,,fits,,A,2846.0,4033.5,0.4441,0.8218,2,False,,,0.212,,
fan-curve-35-80x100,shared_adults.none,minimum,V1,2,1626.5,981.0,645.5,0.2829,0.59,0.1706,,fits,,A,3761.3,4559.0,0.4794,0.9062,1,True,separation,V0,0.2329,,
fan-curve-35-80x100,shared_adults.none,optimum,V0,1,1736.5,1736.5,0,0.302,0.59,0.302,,fits,,A,2410.7,3803.5,0.5119,0.7994,2,False,,,0.252,,
fan-curve-35-80x100,shared_adults.none,optimum,V1,2,1856.5,1161.2,695.3,0.3229,0.59,0.2019,,fits,,A,3459.8,4378.8,0.5472,0.8939,1,True,separation,V0,0.2729,,
fan-curve-35-80x100,shared_adults.none,maximum,V0,1,2420.8,2420.8,0,0.421,0.59,0.421,,site_fails,site_fails,,,3329.2,0.7136,,,False,,,0.337,,
fan-curve-35-80x100,shared_adults.none,maximum,V1,2,2540.7,1597.7,943.0,0.4419,0.59,0.2779,,site_fails,site_fails,,2675.8,3792.3,0.7489,,,False,,,0.3579,,
fan-curve-35-80x100,shared_adults.none,maximum,V4,2,2540.8,2336.6,204.2,0.4419,0.59,0.4064,,site_fails,site_fails,,1175.4,3053.4,0.7489,,,False,,,0.3579,,
fan-curve-35-80x100,shared_adults.none,accessible,V0,1,1766.4,1766.4,0,0.3072,0.59,0.3072,,fits,,A,2352.5,3773.6,0.5207,0.7965,2,False,,,0.2572,,
fan-curve-35-80x100,shared_adults.none,accessible,V1,2,1886.4,1403.2,483.2,0.3281,0.59,0.244,,fits,,A,3034.6,4136.8,0.5561,0.8601,1,True,separation,V0,0.2781,,
fan-curve-35-80x100,shared_adults.none,staged_final,V0,1,1736.5,1736.5,0,0.302,0.59,0.302,,fits,,A,2410.7,3803.5,0.5119,0.7994,2,False,,,0.252,,
fan-curve-35-80x100,shared_adults.none,staged_final,V1,2,1856.5,1161.2,695.3,0.3229,0.59,0.2019,,fits,,A,3459.8,4378.8,0.5472,0.8939,1,True,separation,V0,0.2729,,
fan-curve-35-80x100,shared_adults.latino,minimum,V0,1,1506.5,1506.5,0,0.262,0.59,0.262,,fits,,A,2846.0,4033.5,0.4441,0.8218,2,False,,,0.212,,
fan-curve-35-80x100,shared_adults.latino,minimum,V1,2,1626.5,981.0,645.5,0.2829,0.59,0.1706,,fits,,A,3761.3,4559.0,0.4794,0.9062,1,True,separation,V0,0.2329,,
fan-curve-35-80x100,shared_adults.latino,optimum,V0,1,1736.5,1736.5,0,0.302,0.59,0.302,,fits,,A,2410.7,3803.5,0.5119,0.7994,2,False,,,0.252,,
fan-curve-35-80x100,shared_adults.latino,optimum,V1,2,1856.5,1161.2,695.3,0.3229,0.59,0.2019,,fits,,A,3459.8,4378.8,0.5472,0.8939,1,True,separation,V0,0.2729,,
fan-curve-35-80x100,shared_adults.latino,maximum,V0,1,2472.5,2472.5,0,0.43,0.59,0.43,,site_fails,site_fails,,,3277.5,0.7288,,,False,,,0.346,,
fan-curve-35-80x100,shared_adults.latino,maximum,V1,2,2592.5,1650.3,942.2,0.4509,0.59,0.287,,site_fails,site_fails,,2576.3,3739.7,0.7642,,,False,,,0.3669,,
fan-curve-35-80x100,shared_adults.latino,maximum,V4,2,2592.5,2388.5,204.0,0.4509,0.59,0.4154,,site_fails,site_fails,,1061.8,3001.5,0.7642,,,False,,,0.3669,,
fan-curve-35-80x100,shared_adults.latino,accessible,V0,1,1766.4,1766.4,0,0.3072,0.59,0.3072,,fits,,A,2352.5,3773.6,0.5207,0.7965,2,False,,,0.2572,,
fan-curve-35-80x100,shared_adults.latino,accessible,V1,2,1886.4,1403.2,483.2,0.3281,0.59,0.244,,fits,,A,3034.6,4136.8,0.5561,0.8601,1,True,separation,V0,0.2781,,
fan-curve-35-80x100,shared_adults.latino,staged_final,V0,1,1736.5,1736.5,0,0.302,0.59,0.302,,fits,,A,2410.7,3803.5,0.5119,0.7994,2,False,,,0.252,,
fan-curve-35-80x100,shared_adults.latino,staged_final,V1,2,1856.5,1161.2,695.3,0.3229,0.59,0.2019,,fits,,A,3459.8,4378.8,0.5472,0.8939,1,True,separation,V0,0.2729,,
fan-curve-35-80x100,shared_adults.anglo,minimum,V0,1,1506.5,1506.5,0,0.262,0.59,0.262,,fits,,A,2846.0,4033.5,0.4441,0.8295,2,False,,,0.212,,
fan-curve-35-80x100,shared_adults.anglo,minimum,V1,2,1626.5,962.7,663.8,0.2829,0.59,0.1674,,fits,,A,3791.2,4577.3,0.4794,0.9075,1,True,separation,V0,0.2329,,
fan-curve-35-80x100,shared_adults.anglo,optimum,V0,1,1863.0,1863.0,0,0.324,0.59,0.324,,fits,,A,2162.3,3677.0,0.5492,0.7924,2,False,,,0.274,,
fan-curve-35-80x100,shared_adults.anglo,optimum,V1,2,1983.0,1223.6,759.4,0.3449,0.59,0.2128,,fits,,A,3352.4,4316.4,0.5845,0.8858,1,True,separation,V0,0.2949,,
fan-curve-35-80x100,shared_adults.anglo,maximum,V0,1,2472.5,2472.5,0,0.43,0.59,0.43,,site_fails,site_fails,,,3277.5,0.7288,,,False,,,0.346,,
fan-curve-35-80x100,shared_adults.anglo,maximum,V1,2,2592.5,1566.3,1026.2,0.4509,0.59,0.2724,,site_fails,site_fails,,2734.8,3823.7,0.7642,,,False,,,0.3669,,
fan-curve-35-80x100,shared_adults.anglo,maximum,V4,2,2592.5,2388.5,204.0,0.4509,0.59,0.4154,,site_fails,site_fails,,1061.8,3001.5,0.7642,,,False,,,0.3669,,
fan-curve-35-80x100,shared_adults.anglo,accessible,V0,1,1892.9,1892.9,0,0.3292,0.59,0.3292,,fits,,A,2102.6,3647.1,0.558,0.7893,2,False,,,0.2792,,
fan-curve-35-80x100,shared_adults.anglo,accessible,V1,2,2012.9,1464.9,548.0,0.3501,0.59,0.2548,,fits,,A,2922.5,4075.1,0.5933,0.8534,1,True,separation,V0,0.3001,,
fan-curve-35-80x100,shared_adults.anglo,staged_final,V0,1,1863.0,1863.0,0,0.324,0.59,0.324,,fits,,A,2162.3,3677.0,0.5492,0.7924,2,False,,,0.274,,
fan-curve-35-80x100,shared_adults.anglo,staged_final,V1,2,1983.0,1223.6,759.4,0.3449,0.59,0.2128,,fits,,A,3352.4,4316.4,0.5845,0.8858,1,True,separation,V0,0.2949,,
fan-reverse-80-40x100,young_couple.none,minimum,V0,1,1282.2,1282.2,0,0.2137,0.59,0.2137,,fits,,A,2523.0,4507.8,0.3622,0.9396,1,True,stair_independence,V1,0.1658,,
fan-reverse-80-40x100,young_couple.none,minimum,V1,2,1402.2,990.9,411.4,0.2337,0.59,0.1651,,fits,,A,3008.6,4799.1,0.3961,0.9169,2,False,,,0.1858,,
fan-reverse-80-40x100,young_couple.none,minimum,V2,2,1402.2,1151.1,251.1,0.2337,0.59,0.1919,,fits,,A,2738.5,4638.9,0.3961,0.9037,3,False,,,0.1858,,
fan-reverse-80-40x100,young_couple.none,minimum,V4,2,1402.2,1206.6,195.6,0.2337,0.59,0.2011,,fits,,A,2646.7,4583.4,0.3961,0.8883,4,False,,,0.1858,,
fan-reverse-80-40x100,young_couple.none,optimum,V0,1,1604.2,1604.2,0,0.2674,0.59,0.2674,,fits,,A,2015.2,4185.8,0.4532,0.9239,1,True,stair_independence,V1,0.2195,,
fan-reverse-80-40x100,young_couple.none,optimum,V1,2,1724.2,1184.2,540.1,0.2874,0.59,0.1974,,fits,,A,2683.7,4605.8,0.4871,0.8936,2,False,,,0.2395,,
fan-reverse-80-40x100,young_couple.none,optimum,V2,2,1724.2,1475.9,248.4,0.2874,0.59,0.246,,fits,,A,2214.1,4314.1,0.4871,0.8878,3,False,,,0.2395,,
fan-reverse-80-40x100,young_couple.none,optimum,V4,2,1724.2,1530.6,193.7,0.2874,0.59,0.2551,,fits,,A,2128.8,4259.4,0.4871,0.8726,4,False,,,0.2395,,
fan-reverse-80-40x100,young_couple.none,maximum,V0,1,2334.5,2334.5,0,0.3891,0.59,0.3891,,fits_small_garden,,A,975.6,3305.5,0.6595,0.8256,3,False,,,0.3086,,
fan-reverse-80-40x100,young_couple.none,maximum,V1,2,2454.5,1522.1,932.4,0.4091,0.59,0.2537,,fits,,A,2142.0,4117.9,0.6934,0.8185,4,False,,,0.3286,,
fan-reverse-80-40x100,young_couple.none,maximum,V2,2,2454.5,2027.5,427.0,0.4091,0.59,0.3379,,fits,,A,1393.8,3612.5,0.6934,0.8321,1,True,open_area,V4,0.3286,,
fan-reverse-80-40x100,young_couple.none,maximum,V4,2,2454.5,2093.7,360.8,0.4091,0.59,0.3489,,fits,,A,1301.3,3546.3,0.6934,0.8295,2,False,,,0.3286,,
fan-reverse-80-40x100,young_couple.none,accessible,V0,1,1634.1,1634.1,0,0.2724,0.59,0.2724,,fits,,A,1969.6,4155.9,0.4616,0.9213,1,True,upper_efficiency,V1,0.2244,,
fan-reverse-80-40x100,young_couple.none,accessible,V1,2,1754.1,1560.6,193.5,0.2924,0.59,0.2601,,fits,,A,2082.3,4229.4,0.4955,0.8712,2,False,,,0.2444,,"V2,V4"
fan-reverse-80-40x100,young_couple.none,staged_final,V0,1,1782.5,1782.5,0,0.2971,0.59,0.2971,,fits,,A,1747.1,4007.5,0.5035,0.9084,2,False,,,0.2492,,
fan-reverse-80-40x100,young_couple.none,staged_final,V1,2,1902.5,1208.1,694.4,0.3171,0.59,0.2013,,fits,,A,2644.3,4581.9,0.5374,0.886,3,False,,,0.2692,,
fan-reverse-80-40x100,young_couple.none,staged_final,V2,2,1902.5,1498.1,404.4,0.3171,0.59,0.2497,,fits,,A,2179.3,4291.9,0.5374,0.9104,1,True,open_area,V0,0.2692,,
fan-reverse-80-40x100,young_couple.none,staged_final,V4,2,1902.5,1709.6,192.9,0.3171,0.59,0.2849,,fits,,A,1855.7,4080.4,0.5374,0.8593,4,False,,,0.2692,,
fan-reverse-80-40x100,young_couple.latino,minimum,V0,1,1282.2,1282.2,0,0.2137,0.59,0.2137,,fits,,A,2523.0,4507.8,0.3622,0.9396,1,True,stair_independence,V1,0.1658,,
fan-reverse-80-40x100,young_couple.latino,minimum,V1,2,1402.2,990.9,411.4,0.2337,0.59,0.1651,,fits,,A,3008.6,4799.1,0.3961,0.9169,2,False,,,0.1858,,
fan-reverse-80-40x100,young_couple.latino,minimum,V2,2,1402.2,1151.1,251.1,0.2337,0.59,0.1919,,fits,,A,2738.5,4638.9,0.3961,0.9037,3,False,,,0.1858,,
fan-reverse-80-40x100,young_couple.latino,minimum,V4,2,1402.2,1206.6,195.6,0.2337,0.59,0.2011,,fits,,A,2646.7,4583.4,0.3961,0.8883,4,False,,,0.1858,,
fan-reverse-80-40x100,young_couple.latino,optimum,V0,1,1604.2,1604.2,0,0.2674,0.59,0.2674,,fits,,A,2015.2,4185.8,0.4532,0.9239,1,True,stair_independence,V1,0.2195,,
fan-reverse-80-40x100,young_couple.latino,optimum,V1,2,1724.2,1184.2,540.1,0.2874,0.59,0.1974,,fits,,A,2683.7,4605.8,0.4871,0.8936,2,False,,,0.2395,,
fan-reverse-80-40x100,young_couple.latino,optimum,V2,2,1724.2,1475.9,248.4,0.2874,0.59,0.246,,fits,,A,2214.1,4314.1,0.4871,0.8878,3,False,,,0.2395,,
fan-reverse-80-40x100,young_couple.latino,optimum,V4,2,1724.2,1530.6,193.7,0.2874,0.59,0.2551,,fits,,A,2128.8,4259.4,0.4871,0.8726,4,False,,,0.2395,,
fan-reverse-80-40x100,young_couple.latino,maximum,V0,1,2386.2,2386.2,0,0.3977,0.59,0.3977,,fits_small_garden,,A,907.9,3253.8,0.6741,0.8211,3,False,,,0.3172,,
fan-reverse-80-40x100,young_couple.latino,maximum,V1,2,2506.2,1574.7,931.6,0.4177,0.59,0.2624,,fits,,A,2060.6,4065.3,0.708,0.8154,4,False,,,0.3372,,
fan-reverse-80-40x100,young_couple.latino,maximum,V2,2,2506.2,2079.6,426.7,0.4177,0.59,0.3466,,fits,,A,1320.9,3560.4,0.708,0.8276,1,True,open_area,V4,0.3372,,
fan-reverse-80-40x100,young_couple.latino,maximum,V4,2,2506.2,2145.7,360.5,0.4177,0.59,0.3576,,fits,,A,1229.5,3494.3,0.708,0.825,2,False,,,0.3372,,
fan-reverse-80-40x100,young_couple.latino,accessible,V0,1,1634.1,1634.1,0,0.2724,0.59,0.2724,,fits,,A,1969.6,4155.9,0.4616,0.9213,1,True,upper_efficiency,V1,0.2244,,
fan-reverse-80-40x100,young_couple.latino,accessible,V1,2,1754.1,1560.6,193.5,0.2924,0.59,0.2601,,fits,,A,2082.3,4229.4,0.4955,0.8712,2,False,,,0.2444,,"V2,V4"
fan-reverse-80-40x100,young_couple.latino,staged_final,V0,1,1782.5,1782.5,0,0.2971,0.59,0.2971,,fits,,A,1747.1,4007.5,0.5035,0.9084,2,False,,,0.2492,,
fan-reverse-80-40x100,young_couple.latino,staged_final,V1,2,1902.5,1208.1,694.4,0.3171,0.59,0.2013,,fits,,A,2644.3,4581.9,0.5374,0.886,3,False,,,0.2692,,
fan-reverse-80-40x100,young_couple.latino,staged_final,V2,2,1902.5,1498.1,404.4,0.3171,0.59,0.2497,,fits,,A,2179.3,4291.9,0.5374,0.9104,1,True,open_area,V0,0.2692,,
fan-reverse-80-40x100,young_couple.latino,staged_final,V4,2,1902.5,1709.6,192.9,0.3171,0.59,0.2849,,fits,,A,1855.7,4080.4,0.5374,0.8593,4,False,,,0.2692,,
fan-reverse-80-40x100,young_couple.anglo,minimum,V0,1,1282.2,1282.2,0,0.2137,0.59,0.2137,,fits,,A,2523.0,4507.8,0.3622,0.942,1,True,stair_independence,V1,0.1658,,
fan-reverse-80-40x100,young_couple.anglo,minimum,V1,2,1402.2,972.4,429.9,0.2337,0.59,0.1621,,fits,,A,3040.3,4817.6,0.3961,0.9182,2,False,,,0.1858,,
fan-reverse-80-40x100,young_couple.anglo,minimum,V2,2,1402.2,1151.1,251.1,0.2337,0.59,0.1919,,fits,,A,2738.5,4638.9,0.3961,0.9076,3,False,,,0.1858,,
fan-reverse-80-40x100,young_couple.anglo,minimum,V4,2,1402.2,1206.6,195.6,0.2337,0.59,0.2011,,fits,,A,2646.7,4583.4,0.3961,0.8928,4,False,,,0.1858,,
fan-reverse-80-40x100,young_couple.anglo,optimum,V0,1,1684.7,1684.7,0,0.2808,0.59,0.2808,,fits,,A,1893.0,4105.2,0.4759,0.9193,1,True,stair_independence,V1,0.2329,,
fan-reverse-80-40x100,young_couple.anglo,optimum,V1,2,1804.7,1247.8,556.9,0.3008,0.59,0.208,,fits,,A,2579.1,4542.2,0.5098,0.8926,2,False,,,0.2529,,
fan-reverse-80-40x100,young_couple.anglo,optimum,V2,2,1804.8,1556.9,247.9,0.3008,0.59,0.2595,,fits,,A,2088.0,4233.1,0.5098,0.8885,3,False,,,0.2529,,
fan-reverse-80-40x100,young_couple.anglo,optimum,V4,2,1804.7,1611.4,193.3,0.3008,0.59,0.2686,,fits,,A,2004.3,4178.6,0.5098,0.873,4,False,,,0.2529,,
fan-reverse-80-40x100,young_couple.anglo,maximum,V0,1,2426.5,2426.5,0,0.4044,0.59,0.4044,,fits_small_garden,,A,855.7,3213.5,0.6855,0.8155,4,False,,,0.3239,,
fan-reverse-80-40x100,young_couple.anglo,maximum,V1,2,2546.5,1591.6,954.9,0.4244,0.59,0.2653,,fits,,A,2034.7,4048.4,0.7194,0.816,3,False,,,0.3439,,
fan-reverse-80-40x100,young_couple.anglo,maximum,V2,2,2546.5,2120.1,426.4,0.4244,0.59,0.3534,,fits,,A,1264.7,3519.9,0.7194,0.8247,1,True,open_area,V4,0.3439,,
fan-reverse-80-40x100,young_couple.anglo,maximum,V4,2,2546.5,2186.2,360.3,0.4244,0.59,0.3644,,fits_small_garden,,A,1174.2,3453.8,0.7194,0.8215,2,False,,,0.3439,,
fan-reverse-80-40x100,young_couple.anglo,accessible,V0,1,1714.6,1714.6,0,0.2858,0.59,0.2858,,fits,,A,1848.1,4075.4,0.4844,0.9166,1,True,upper_efficiency,V1,0.2379,,
fan-reverse-80-40x100,young_couple.anglo,accessible,V1,2,1834.6,1641.4,193.2,0.3058,0.59,0.2736,,fits,,A,1958.5,4148.6,0.5183,0.8702,2,False,,,0.2579,,"V2,V4"
fan-reverse-80-40x100,young_couple.anglo,staged_final,V0,1,1782.5,1782.5,0,0.2971,0.59,0.2971,,fits,,A,1747.1,4007.5,0.5035,0.9103,2,False,,,0.2492,,
fan-reverse-80-40x100,young_couple.anglo,staged_final,V1,2,1902.5,1226.2,676.3,0.3171,0.59,0.2044,,fits,,A,2614.6,4563.8,0.5374,0.8916,3,False,,,0.2692,,
fan-reverse-80-40x100,young_couple.anglo,staged_final,V2,2,1902.5,1498.1,404.4,0.3171,0.59,0.2497,,fits,,A,2179.3,4291.9,0.5374,0.914,1,True,open_area,V0,0.2692,,
fan-reverse-80-40x100,young_couple.anglo,staged_final,V4,2,1902.5,1709.6,192.9,0.3171,0.59,0.2849,,fits,,A,1855.7,4080.4,0.5374,0.8638,4,False,,,0.2692,,
fan-reverse-80-40x100,early_childhood.none,minimum,V0,1,1305.2,1305.2,0,0.2175,0.59,0.2175,,fits,,A,2485.8,4484.8,0.3687,0.941,1,True,stair_independence,V1,0.1696,,
fan-reverse-80-40x100,early_childhood.none,minimum,V1,2,1425.2,989.7,435.6,0.2375,0.59,0.1649,,fits,,A,3010.6,4800.3,0.4026,0.9192,2,False,,,0.1896,,
fan-reverse-80-40x100,early_childhood.none,minimum,V2,2,1425.2,1149.8,275.5,0.2375,0.59,0.1916,,fits,,A,2740.8,4640.2,0.4026,0.593,3,False,,,0.1896,,
fan-reverse-80-40x100,early_childhood.none,optimum,V0,1,1610.0,1610.0,0,0.2683,0.59,0.2683,,fits,,A,2006.4,4180.0,0.4548,0.9263,1,True,stair_independence,V1,0.2204,,
fan-reverse-80-40x100,early_childhood.none,optimum,V1,2,1730.0,1165.7,564.3,0.2883,0.59,0.1943,,fits,,A,2714.2,4624.3,0.4887,0.8984,2,False,,,0.2404,,
fan-reverse-80-40x100,early_childhood.none,optimum,V2,2,1730.0,1457.4,272.6,0.2883,0.59,0.2429,,fits,,A,2243.1,4332.6,0.4887,0.5785,3,False,,,0.2404,,
fan-reverse-80-40x100,early_childhood.none,maximum,V0,1,2829.0,2829.0,0,0.4715,0.59,0.4715,,fits,,B2,1601.5,2811.0,0.7992,0.806,1,True,frontage,V1,0.391,,
fan-reverse-80-40x100,early_childhood.none,maximum,V1,2,2949.0,1999.7,949.3,0.4915,0.59,0.3333,,fits,,A,1432.9,3640.3,0.8331,0.7877,2,False,,,0.411,,
fan-reverse-80-40x100,early_childhood.none,maximum,V2,2,2949.0,2501.1,447.9,0.4915,0.59,0.4168,,fits_small_garden,,A,760.3,3138.9,0.8331,0.4683,4,False,,,0.411,,
fan-reverse-80-40x100,early_childhood.none,maximum,V4,2,2949.0,2745.8,203.2,0.4915,0.59,0.4576,,fits,,B2,1699.5,2894.2,0.8331,0.7627,3,False,,,0.411,,
fan-reverse-80-40x100,early_childhood.none,accessible,V0,1,1639.9,1639.9,0,0.2733,0.59,0.2733,,fits,,A,1960.9,4150.1,0.4632,0.9235,1,True,supervision,V1,0.2254,,
fan-reverse-80-40x100,early_childhood.none,accessible,V1,2,1759.9,1542.1,217.8,0.2933,0.59,0.257,,fits,,A,2110.9,4247.9,0.4971,0.5625,2,False,,,0.2454,,V2
fan-reverse-80-40x100,early_childhood.none,staged_final,V0,1,1656.0,1656.0,0,0.276,0.59,0.276,,fits,,A,1936.5,4134.0,0.4678,0.922,1,True,stair_independence,V1,0.2281,,
fan-reverse-80-40x100,early_childhood.none,staged_final,V1,2,1776.0,1212.5,563.5,0.296,0.59,0.2021,,fits,,A,2637.0,4577.5,0.5017,0.8963,2,False,,,0.2481,,
fan-reverse-80-40x100,early_childhood.none,staged_final,V2,2,1776.0,1503.7,272.3,0.296,0.59,0.2506,,fits,,A,2170.6,4286.3,0.5017,0.5763,3,False,,,0.2481,,
fan-reverse-80-40x100,early_childhood.latino,minimum,V0,1,1305.2,1305.2,0,0.2175,0.59,0.2175,,fits,,A,2485.8,4484.8,0.3687,0.941,1,True,stair_independence,V1,0.1696,,
fan-reverse-80-40x100,early_childhood.latino,minimum,V1,2,1425.2,989.7,435.6,0.2375,0.59,0.1649,,fits,,A,3010.6,4800.3,0.4026,0.9192,2,False,,,0.1896,,
fan-reverse-80-40x100,early_childhood.latino,minimum,V2,2,1425.2,1149.8,275.5,0.2375,0.59,0.1916,,fits,,A,2740.8,4640.2,0.4026,0.593,3,False,,,0.1896,,
fan-reverse-80-40x100,early_childhood.latino,optimum,V0,1,1610.0,1610.0,0,0.2683,0.59,0.2683,,fits,,A,2006.4,4180.0,0.4548,0.9263,1,True,stair_independence,V1,0.2204,,
fan-reverse-80-40x100,early_childhood.latino,optimum,V1,2,1730.0,1165.7,564.3,0.2883,0.59,0.1943,,fits,,A,2714.2,4624.3,0.4887,0.8984,2,False,,,0.2404,,
fan-reverse-80-40x100,early_childhood.latino,optimum,V2,2,1730.0,1457.4,272.6,0.2883,0.59,0.2429,,fits,,A,2243.1,4332.6,0.4887,0.5785,3,False,,,0.2404,,
fan-reverse-80-40x100,early_childhood.latino,maximum,V0,1,2880.8,2880.8,0,0.4801,0.59,0.4801,,fits,,B2,1540.4,2759.2,0.8138,0.8012,1,True,frontage,V1,0.3996,,
fan-reverse-80-40x100,early_childhood.latino,maximum,V1,2,3000.8,2052.1,948.7,0.5001,0.59,0.342,,fits,,A,1359.3,3587.9,0.8477,0.7836,2,False,,,0.4196,,
fan-reverse-80-40x100,early_childhood.latino,maximum,V2,2,3000.7,2553.1,447.7,0.5001,0.59,0.4255,,fits_small_garden,,A,694.7,3086.9,0.8477,0.4635,4,False,,,0.4196,,
fan-reverse-80-40x100,early_childhood.latino,maximum,V4,2,3000.8,2797.6,203.1,0.5001,0.59,0.4663,,fits,,B2,1638.5,2842.4,0.8477,0.7579,3,False,,,0.4196,,
fan-reverse-80-40x100,early_childhood.latino,accessible,V0,1,1639.9,1639.9,0,0.2733,0.59,0.2733,,fits,,A,1960.9,4150.1,0.4632,0.9235,1,True,supervision,V1,0.2254,,
fan-reverse-80-40x100,early_childhood.latino,accessible,V1,2,1759.9,1542.1,217.8,0.2933,0.59,0.257,,fits,,A,2110.9,4247.9,0.4971,0.5625,2,False,,,0.2454,,V2
fan-reverse-80-40x100,early_childhood.latino,staged_final,V0,1,1656.0,1656.0,0,0.276,0.59,0.276,,fits,,A,1936.5,4134.0,0.4678,0.922,1,True,stair_independence,V1,0.2281,,
fan-reverse-80-40x100,early_childhood.latino,staged_final,V1,2,1776.0,1212.5,563.5,0.296,0.59,0.2021,,fits,,A,2637.0,4577.5,0.5017,0.8963,2,False,,,0.2481,,
fan-reverse-80-40x100,early_childhood.latino,staged_final,V2,2,1776.0,1503.7,272.3,0.296,0.59,0.2506,,fits,,A,2170.6,4286.3,0.5017,0.5763,3,False,,,0.2481,,
fan-reverse-80-40x100,early_childhood.anglo,minimum,V0,1,1305.2,1305.2,0,0.2175,0.59,0.2175,,fits,,A,2485.8,4484.8,0.3687,0.941,1,True,stair_independence,V1,0.1696,,
fan-reverse-80-40x100,early_childhood.anglo,minimum,V1,2,1425.2,971.2,454.0,0.2375,0.59,0.1619,,fits,,A,3042.2,4818.8,0.4026,0.9171,2,False,,,0.1896,,
fan-reverse-80-40x100,early_childhood.anglo,minimum,V2,2,1425.2,1149.8,275.5,0.2375,0.59,0.1916,,fits,,A,2740.8,4640.2,0.4026,0.593,3,False,,,0.1896,,
fan-reverse-80-40x100,early_childhood.anglo,optimum,V0,1,1736.5,1736.5,0,0.2894,0.59,0.2894,,fits,,A,1815.4,4053.5,0.4905,0.9145,1,True,stair_independence,V1,0.2415,,
fan-reverse-80-40x100,early_childhood.anglo,optimum,V1,2,1856.5,1227.8,628.7,0.3094,0.59,0.2046,,fits,,A,2612.0,4562.2,0.5244,0.8886,2,False,,,0.2615,,
fan-reverse-80-40x100,early_childhood.anglo,optimum,V2,2,1856.5,1584.7,271.8,0.3094,0.59,0.2641,,fits,,A,2045.2,4205.3,0.5244,0.5726,3,False,,,0.2615,,
fan-reverse-80-40x100,early_childhood.anglo,maximum,V0,1,2829.0,2829.0,0,0.4715,0.59,0.4715,,fits,,B2,1601.5,2811.0,0.7992,0.806,1,True,frontage,V1,0.391,,
fan-reverse-80-40x100,early_childhood.anglo,maximum,V1,2,2949.0,1916.2,1032.8,0.4915,0.59,0.3194,,fits,,A,1552.2,3723.8,0.8331,0.7888,2,False,,,0.411,,
fan-reverse-80-40x100,early_childhood.anglo,maximum,V2,2,2949.0,2501.1,447.9,0.4915,0.59,0.4168,,fits_small_garden,,A,760.3,3138.9,0.8331,0.4683,4,False,,,0.411,,
fan-reverse-80-40x100,early_childhood.anglo,maximum,V4,2,2949.0,2745.8,203.2,0.4915,0.59,0.4576,,fits,,B2,1699.5,2894.2,0.8331,0.7627,3,False,,,0.411,,
fan-reverse-80-40x100,early_childhood.anglo,accessible,V0,1,1766.4,1766.4,0,0.2944,0.59,0.2944,,fits,,A,1771.0,4023.6,0.499,0.9118,1,True,supervision,V1,0.2465,,
fan-reverse-80-40x100,early_childhood.anglo,accessible,V1,2,1886.4,1669.2,217.2,0.3144,0.59,0.2782,,fits,,A,1916.4,4120.8,0.5329,0.5529,2,False,,,0.2665,,V2
fan-reverse-80-40x100,early_childhood.anglo,staged_final,V0,1,1788.2,1788.2,0,0.298,0.59,0.298,,fits,,A,1738.6,4001.8,0.5052,0.9097,1,True,stair_independence,V1,0.2501,,
fan-reverse-80-40x100,early_childhood.anglo,staged_final,V1,2,1908.2,1226.0,682.3,0.318,0.59,0.2043,,fits,,A,2614.9,4564.0,0.5391,0.8862,2,False,,,0.2701,,
fan-reverse-80-40x100,early_childhood.anglo,staged_final,V2,2,1908.2,1582.4,325.8,0.318,0.59,0.2637,,fits,,A,2048.7,4207.6,0.5391,0.5846,3,False,,,0.2701,,
fan-reverse-80-40x100,teens_family.none,minimum,V0,1,1454.8,1454.8,0,0.2425,0.59,0.2425,,fits,,A,2247.2,4335.2,0.4109,0.7435,2,False,,,0.1945,,
fan-reverse-80-40x100,teens_family.none,minimum,V1,2,1574.8,983.0,591.8,0.2625,0.59,0.1638,,fits,,A,3022.1,4807.0,0.4448,0.7187,3,False,,,0.2145,,
fan-reverse-80-40x100,teens_family.none,minimum,V2,2,1574.7,1141.9,432.9,0.2625,0.59,0.1903,,fits,,A,2753.8,4648.1,0.4448,0.9191,1,True,separation,V0,0.2145,,
fan-reverse-80-40x100,teens_family.none,optimum,V0,1,1805.5,1805.5,0,0.3009,0.59,0.3009,,fits,,A,1713.2,3984.5,0.51,0.7161,2,False,,,0.253,,
fan-reverse-80-40x100,teens_family.none,optimum,V1,2,1925.5,1207.3,718.2,0.3209,0.59,0.2012,,fits,,A,2645.6,4582.7,0.5439,0.6927,3,False,,,0.273,,
fan-reverse-80-40x100,teens_family.none,optimum,V2,2,1925.5,1497.2,428.3,0.3209,0.59,0.2495,,fits,,A,2180.8,4292.8,0.5439,0.9011,1,True,separation,V0,0.273,,
fan-reverse-80-40x100,teens_family.none,maximum,V0,1,3156.7,3156.7,0,0.5261,0.59,0.5261,,fits,,B2,1213.0,2483.3,0.8917,0.5817,2,False,,,0.4456,,
fan-reverse-80-40x100,teens_family.none,maximum,V1,2,3276.8,2128.8,1147.9,0.5461,0.59,0.3548,,fits,,A,1252.7,3511.2,0.9256,0.5625,3,False,,,0.4656,,
fan-reverse-80-40x100,teens_family.none,maximum,V2,2,3276.8,2628.2,648.5,0.5461,0.59,0.438,,fits_small_garden,,A,601.4,3011.8,0.9256,0.7486,1,True,separation,V0,0.4656,,
fan-reverse-80-40x100,teens_family.none,maximum,V4,2,3276.8,3050.3,226.5,0.5461,0.59,0.5084,,fits,,B2,1339.6,2589.7,0.9256,0.5397,4,False,,,0.4656,,
fan-reverse-80-40x100,teens_family.none,accessible,V0,1,1835.4,1835.4,0,0.3059,0.59,0.3059,,fits,,A,1669.4,3954.6,0.5185,0.7133,2,False,,,0.258,,
fan-reverse-80-40x100,teens_family.none,accessible,V1,2,1955.4,1581.7,373.7,0.3259,0.59,0.2636,,fits,,A,2049.9,4208.3,0.5524,0.8996,1,True,separation,V0,0.278,,V2
fan-reverse-80-40x100,teens_family.none,staged_final,V0,1,1656.0,1656.0,0,0.276,0.59,0.276,,fits,,A,1936.5,4134.0,0.4678,0.7303,2,False,,,0.2281,,
fan-reverse-80-40x100,teens_family.none,staged_final,V1,2,1776.0,1212.5,563.5,0.296,0.59,0.2021,,fits,,A,2637.0,4577.5,0.5017,0.7003,3,False,,,0.2481,,
fan-reverse-80-40x100,teens_family.none,staged_final,V2,2,1776.0,1503.7,272.3,0.296,0.59,0.2506,,fits,,A,2170.6,4286.3,0.5017,0.8822,1,True,separation,V0,0.2481,,
fan-reverse-80-40x100,teens_family.latino,minimum,V0,1,1454.8,1454.8,0,0.2425,0.59,0.2425,,fits,,A,2247.2,4335.2,0.4109,0.7435,2,False,,,0.1945,,
fan-reverse-80-40x100,teens_family.latino,minimum,V1,2,1574.8,983.0,591.8,0.2625,0.59,0.1638,,fits,,A,3022.1,4807.0,0.4448,0.7187,3,False,,,0.2145,,
fan-reverse-80-40x100,teens_family.latino,minimum,V2,2,1574.7,1141.9,432.9,0.2625,0.59,0.1903,,fits,,A,2753.8,4648.1,0.4448,0.9191,1,True,separation,V0,0.2145,,
fan-reverse-80-40x100,teens_family.latino,optimum,V0,1,1805.5,1805.5,0,0.3009,0.59,0.3009,,fits,,A,1713.2,3984.5,0.51,0.7161,2,False,,,0.253,,
fan-reverse-80-40x100,teens_family.latino,optimum,V1,2,1925.5,1207.3,718.2,0.3209,0.59,0.2012,,fits,,A,2645.6,4582.7,0.5439,0.6927,3,False,,,0.273,,
fan-reverse-80-40x100,teens_family.latino,optimum,V2,2,1925.5,1497.2,428.3,0.3209,0.59,0.2495,,fits,,A,2180.8,4292.8,0.5439,0.9011,1,True,separation,V0,0.273,,
fan-reverse-80-40x100,teens_family.latino,maximum,V0,1,3214.2,3214.2,0,0.5357,0.59,0.5357,,fits_small_garden,,B3,1144.4,2425.8,0.908,0.5763,2,False,,,0.4552,,
fan-reverse-80-40x100,teens_family.latino,maximum,V1,2,3334.2,2187.0,1147.3,0.5557,0.59,0.3645,,fits_small_garden,,A,1173.1,3453.0,0.9419,0.5579,3,False,,,0.4752,,
fan-reverse-80-40x100,teens_family.latino,maximum,V2,2,3334.2,2686.1,648.2,0.5557,0.59,0.4477,,fits,,B2,1769.7,2953.9,0.9419,0.7748,1,True,separation,V0,0.4752,,
fan-reverse-80-40x100,teens_family.latino,maximum,V4,2,3334.2,3107.9,226.4,0.5557,0.59,0.518,,fits,,B2,1271.2,2532.1,0.9419,0.5342,4,False,,,0.4752,,
fan-reverse-80-40x100,teens_family.latino,accessible,V0,1,1835.4,1835.4,0,0.3059,0.59,0.3059,,fits,,A,1669.4,3954.6,0.5185,0.7133,2,False,,,0.258,,
fan-reverse-80-40x100,teens_family.latino,accessible,V1,2,1955.4,1581.7,373.7,0.3259,0.59,0.2636,,fits,,A,2049.9,4208.3,0.5524,0.8996,1,True,separation,V0,0.278,,V2
fan-reverse-80-40x100,teens_family.latino,staged_final,V0,1,1656.0,1656.0,0,0.276,0.59,0.276,,fits,,A,1936.5,4134.0,0.4678,0.7303,2,False,,,0.2281,,
fan-reverse-80-40x100,teens_family.latino,staged_final,V1,2,1776.0,1212.5,563.5,0.296,0.59,0.2021,,fits,,A,2637.0,4577.5,0.5017,0.7003,3,False,,,0.2481,,
fan-reverse-80-40x100,teens_family.latino,staged_final,V2,2,1776.0,1503.7,272.3,0.296,0.59,0.2506,,fits,,A,2170.6,4286.3,0.5017,0.8822,1,True,separation,V0,0.2481,,
fan-reverse-80-40x100,teens_family.anglo,minimum,V0,1,1454.8,1454.8,0,0.2425,0.59,0.2425,,fits,,A,2247.2,4335.2,0.4109,0.7546,2,False,,,0.1945,,
fan-reverse-80-40x100,teens_family.anglo,minimum,V1,2,1574.7,964.6,610.1,0.2625,0.59,0.1608,,fits,,A,3053.5,4825.4,0.4448,0.7287,3,False,,,0.2145,,
fan-reverse-80-40x100,teens_family.anglo,minimum,V2,2,1574.7,1123.6,451.2,0.2625,0.59,0.1873,,fits,,A,2784.4,4666.4,0.4448,0.9204,1,True,separation,V0,0.2145,,
fan-reverse-80-40x100,teens_family.anglo,optimum,V0,1,1937.7,1937.7,0,0.323,0.59,0.323,,fits,,A,1521.2,3852.2,0.5474,0.7129,2,False,,,0.275,,
fan-reverse-80-40x100,teens_family.anglo,optimum,V1,2,2057.8,1221.4,836.3,0.343,0.59,0.2036,,fits,,A,2622.3,4568.6,0.5813,0.6951,3,False,,,0.295,,
fan-reverse-80-40x100,teens_family.anglo,optimum,V2,2,2057.8,1510.3,547.4,0.343,0.59,0.2517,,fits,,A,2160.3,4279.7,0.5813,0.8945,1,True,separation,V0,0.295,,
fan-reverse-80-40x100,teens_family.anglo,maximum,V0,1,3220.0,3220.0,0,0.5367,0.59,0.5367,,fits_small_garden,,B3,1137.5,2420.0,0.9096,0.5758,2,False,,,0.4562,,
fan-reverse-80-40x100,teens_family.anglo,maximum,V1,2,3340.0,2044.3,1295.7,0.5567,0.59,0.3407,,fits,,A,1370.2,3595.7,0.9435,0.5728,3,False,,,0.4762,,
fan-reverse-80-40x100,teens_family.anglo,maximum,V2,2,3340.0,2626.5,713.5,0.5567,0.59,0.4377,,fits_small_garden,,A,603.5,3013.5,0.9435,0.7442,1,True,separation,V0,0.4762,,
fan-reverse-80-40x100,teens_family.anglo,maximum,V4,2,3340.0,3113.7,226.3,0.5567,0.59,0.5189,,fits,,B2,1264.3,2526.3,0.9435,0.5366,4,False,,,0.4762,,
fan-reverse-80-40x100,teens_family.anglo,accessible,V0,1,1967.6,1967.6,0,0.3279,0.59,0.3279,,fits,,A,1478.5,3822.4,0.5558,0.7099,2,False,,,0.28,,
fan-reverse-80-40x100,teens_family.anglo,accessible,V1,2,2087.6,1660.8,426.8,0.3479,0.59,0.2768,,fits,,A,1929.2,4129.2,0.5897,0.8938,1,True,separation,V0,0.3,,V2
fan-reverse-80-40x100,teens_family.anglo,staged_final,V0,1,1736.5,1736.5,0,0.2894,0.59,0.2894,,fits,,A,1815.4,4053.5,0.4905,0.7332,2,False,,,0.2415,,
fan-reverse-80-40x100,teens_family.anglo,staged_final,V1,2,1856.5,1227.8,628.7,0.3094,0.59,0.2046,,fits,,A,2612.0,4562.2,0.5244,0.705,3,False,,,0.2615,,
fan-reverse-80-40x100,teens_family.anglo,staged_final,V2,2,1856.5,1584.7,271.8,0.3094,0.59,0.2641,,fits,,A,2045.2,4205.3,0.5244,0.8832,1,True,separation,V0,0.2615,,
fan-reverse-80-40x100,multigenerational.none,minimum,V0,1,1523.7,1523.7,0,0.254,0.59,0.254,,fits,,A,2139.4,4266.2,0.4304,0.9251,1,True,stair_independence,V1,0.206,,
fan-reverse-80-40x100,multigenerational.none,minimum,V1,2,1643.8,1212.0,431.8,0.274,0.59,0.202,,fits,,A,2637.9,4578.0,0.4643,0.9053,2,False,,,0.226,,V3
fan-reverse-80-40x100,multigenerational.none,minimum,V2,2,1643.8,1370.4,273.3,0.274,0.59,0.2284,,fits,,A,2381.0,4419.6,0.4643,0.8941,3,False,,,0.226,,
fan-reverse-80-40x100,multigenerational.none,optimum,V0,1,2006.7,2006.7,0,0.3345,0.59,0.3345,,fits,,A,1423.0,3783.2,0.5669,0.8798,1,True,stair_independence,V1,0.2865,,
fan-reverse-80-40x100,multigenerational.none,optimum,V1,2,2126.8,1411.9,714.9,0.3545,0.59,0.2353,,fits,,A,2315.0,4378.1,0.6008,0.8665,2,False,,,0.3065,,V3
fan-reverse-80-40x100,multigenerational.none,optimum,V2,2,2126.8,1856.5,270.3,0.3545,0.59,0.3094,,fits,,A,1638.6,3933.5,0.6008,0.8557,3,False,,,0.3065,,
fan-reverse-80-40x100,multigenerational.none,maximum,V0,1,3409.7,3409.7,0,0.5683,0.59,0.5683,,fits_small_garden,,P,910.0,2230.3,0.9632,0.7305,2,False,,,0.4878,,
fan-reverse-80-40x100,multigenerational.none,maximum,V1,2,3529.8,2384.6,1145.2,0.5883,0.59,0.3974,,fits_small_garden,,A,910.1,3255.4,0.9971,0.7258,3,False,,,0.5078,,
fan-reverse-80-40x100,multigenerational.none,maximum,V2,2,3529.8,2882.7,647.1,0.5883,0.59,0.4804,,fits,,B2,1538.1,2757.3,0.9971,0.7519,1,True,open_area,V0,0.5078,,
fan-reverse-80-40x100,multigenerational.none,maximum,V3,2,3529.8,2550.6,979.1,0.5883,0.59,0.4251,,fits_small_garden,,A,697.8,3089.4,0.9971,0.7172,4,False,,,0.5078,,
fan-reverse-80-40x100,multigenerational.none,maximum,V4,2,3529.7,3303.7,226.0,0.5883,0.59,0.5506,,fits_small_garden,,B3,1037.4,2336.3,0.9971,0.6913,5,False,,,0.5078,,
fan-reverse-80-40x100,multigenerational.none,accessible,V0,1,2036.6,2036.6,0,0.3394,0.59,0.3394,,fits,,A,1380.9,3753.4,0.5753,0.8768,1,True,stair_independence,V1,0.2915,,
fan-reverse-80-40x100,multigenerational.none,accessible,V1,2,2156.7,1442.2,714.5,0.3594,0.59,0.2404,,fits,,A,2267.0,4347.8,0.6092,0.8657,2,False,,,0.3115,,V3
fan-reverse-80-40x100,multigenerational.none,accessible,V2,2,2156.6,1886.5,270.1,0.3594,0.59,0.3144,,fits,,A,1595.0,3903.5,0.6092,0.8527,3,False,,,0.3115,,
fan-reverse-80-40x100,multigenerational.none,staged_final,V0,1,2144.8,2144.8,0,0.3575,0.59,0.3575,,fits,,A,1230.8,3645.2,0.6059,0.692,2,False,,,0.3095,,
fan-reverse-80-40x100,multigenerational.none,staged_final,V1,2,2264.8,1408.0,856.8,0.3775,0.59,0.2347,,fits,,A,2321.2,4382.0,0.6398,0.6858,3,False,,,0.3295,,V3
fan-reverse-80-40x100,multigenerational.none,staged_final,V2,2,2264.8,1839.3,425.4,0.3775,0.59,0.3066,,fits,,A,1663.6,3950.7,0.6398,0.8758,1,True,separation,V0,0.3295,,
fan-reverse-80-40x100,multigenerational.latino,minimum,V0,1,1523.7,1523.7,0,0.254,0.59,0.254,,fits,,A,2139.4,4266.2,0.4304,0.9251,1,True,stair_independence,V1,0.206,,
fan-reverse-80-40x100,multigenerational.latino,minimum,V1,2,1643.8,1212.0,431.8,0.274,0.59,0.202,,fits,,A,2637.9,4578.0,0.4643,0.9053,2,False,,,0.226,,V3
fan-reverse-80-40x100,multigenerational.latino,minimum,V2,2,1643.8,1370.4,273.3,0.274,0.59,0.2284,,fits,,A,2381.0,4419.6,0.4643,0.8941,3,False,,,0.226,,
fan-reverse-80-40x100,multigenerational.latino,optimum,V0,1,2006.7,2006.7,0,0.3345,0.59,0.3345,,fits,,A,1423.0,3783.2,0.5669,0.8798,1,True,stair_independence,V1,0.2865,,
fan-reverse-80-40x100,multigenerational.latino,optimum,V1,2,2126.8,1411.9,714.9,0.3545,0.59,0.2353,,fits,,A,2315.0,4378.1,0.6008,0.8665,2,False,,,0.3065,,V3
fan-reverse-80-40x100,multigenerational.latino,optimum,V2,2,2126.8,1856.5,270.3,0.3545,0.59,0.3094,,fits,,A,1638.6,3933.5,0.6008,0.8557,3,False,,,0.3065,,
fan-reverse-80-40x100,multigenerational.latino,maximum,V0,1,3490.2,3490.2,0,0.5817,0.59,0.5817,,fits_small_garden,,P,813.0,2149.8,0.9859,0.7224,3,False,,,0.5012,,
fan-reverse-80-40x100,multigenerational.latino,maximum,V1,2,3535.5,2390.4,1145.1,0.5893,0.59,0.3984,,fits_small_garden,,A,902.5,3249.6,0.9987,0.7253,2,False,,,0.5088,,
fan-reverse-80-40x100,multigenerational.latino,maximum,V2,2,3535.5,2888.5,647.0,0.5893,0.59,0.4814,,fits,,B2,1531.3,2751.5,0.9987,0.7513,1,True,frontage,V1,0.5088,,
fan-reverse-80-40x100,multigenerational.latino,maximum,V3,2,3535.5,2556.4,979.1,0.5893,0.59,0.4261,,fits_small_garden,,A,690.5,3083.6,0.9987,0.7167,4,False,,,0.5088,,
fan-reverse-80-40x100,multigenerational.latino,maximum,V4,2,3535.5,3309.5,226.0,0.5892,0.59,0.5516,,fits_small_garden,,B3,1030.5,2330.5,0.9987,0.6907,5,False,,,0.5087,,
fan-reverse-80-40x100,multigenerational.latino,accessible,V0,1,2036.6,2036.6,0,0.3394,0.59,0.3394,,fits,,A,1380.9,3753.4,0.5753,0.8768,1,True,stair_independence,V1,0.2915,,
fan-reverse-80-40x100,multigenerational.latino,accessible,V1,2,2156.7,1442.2,714.5,0.3594,0.59,0.2404,,fits,,A,2267.0,4347.8,0.6092,0.8657,2,False,,,0.3115,,V3
fan-reverse-80-40x100,multigenerational.latino,accessible,V2,2,2156.6,1886.5,270.1,0.3594,0.59,0.3144,,fits,,A,1595.0,3903.5,0.6092,0.8527,3,False,,,0.3115,,
fan-reverse-80-40x100,multigenerational.latino,staged_final,V0,1,2144.8,2144.8,0,0.3575,0.59,0.3575,,fits,,A,1230.8,3645.2,0.6059,0.692,2,False,,,0.3095,,
fan-reverse-80-40x100,multigenerational.latino,staged_final,V1,2,2264.8,1408.0,856.8,0.3775,0.59,0.2347,,fits,,A,2321.2,4382.0,0.6398,0.6858,3,False,,,0.3295,,V3
fan-reverse-80-40x100,multigenerational.latino,staged_final,V2,2,2264.8,1839.3,425.4,0.3775,0.59,0.3066,,fits,,A,1663.6,3950.7,0.6398,0.8758,1,True,separation,V0,0.3295,,
fan-reverse-80-40x100,multigenerational.anglo,minimum,V0,1,1523.7,1523.7,0,0.254,0.59,0.254,,fits,,A,2139.4,4266.2,0.4304,0.9251,1,True,stair_independence,V1,0.206,,
fan-reverse-80-40x100,multigenerational.anglo,minimum,V1,2,1643.7,1193.7,450.1,0.274,0.59,0.1989,,fits,,A,2668.0,4596.3,0.4643,0.9036,2,False,,,0.226,,V3
fan-reverse-80-40x100,multigenerational.anglo,minimum,V2,2,1643.8,1370.4,273.3,0.274,0.59,0.2284,,fits,,A,2381.0,4419.6,0.4643,0.8941,3,False,,,0.226,,
fan-reverse-80-40x100,multigenerational.anglo,optimum,V0,1,2052.8,2052.8,0,0.3421,0.59,0.3421,,fits,,A,1358.3,3737.2,0.5799,0.8752,1,True,upper_efficiency,V2,0.2942,,
fan-reverse-80-40x100,multigenerational.anglo,optimum,V1,2,2172.8,1494.5,678.2,0.3621,0.59,0.2491,,fits,,A,2184.9,4295.5,0.6138,0.8685,3,False,,,0.3142,,V3
fan-reverse-80-40x100,multigenerational.anglo,optimum,V2,2,2172.8,1848.7,324.1,0.3621,0.59,0.3081,,fits,,A,1650.0,3941.3,0.6138,0.8695,2,False,,,0.3142,,
fan-reverse-80-40x100,multigenerational.anglo,maximum,V0,1,3536.2,3536.2,0,0.5894,0.59,0.5894,,fits_small_garden,,P,757.4,2103.8,0.9989,0.7178,4,False,,,0.5089,,
fan-reverse-80-40x100,multigenerational.anglo,maximum,V1,2,3374.5,2114.8,1259.7,0.5624,0.59,0.3525,,fits,,A,1272.0,3525.2,0.9532,0.7413,2,False,,,0.4819,,
fan-reverse-80-40x100,multigenerational.anglo,maximum,V2,2,3374.5,2696.9,677.6,0.5624,0.59,0.4495,,fits,,B2,1757.0,2943.1,0.9532,0.7692,1,True,frontage,V1,0.4819,,
fan-reverse-80-40x100,multigenerational.anglo,maximum,V3,2,3374.5,2245.5,1129.0,0.5624,0.59,0.3743,,fits_small_garden,,A,1094.0,3394.5,0.9532,0.7346,3,False,,,0.4819,,
fan-reverse-80-40x100,multigenerational.anglo,maximum,V4,2,3374.5,3183.8,190.7,0.5624,0.59,0.5306,,fits_small_garden,,B2,1180.7,2456.2,0.9532,0.6949,5,False,,,0.4819,,
fan-reverse-80-40x100,multigenerational.anglo,accessible,V0,1,2082.6,2082.6,0,0.3471,0.59,0.3471,,fits,,A,1316.6,3707.4,0.5883,0.8722,1,True,stair_independence,V1,0.2992,,
fan-reverse-80-40x100,multigenerational.anglo,accessible,V1,2,2202.6,1524.8,677.8,0.3671,0.59,0.2541,,fits,,A,2137.7,4265.2,0.6222,0.8677,2,False,,,0.3192,,V3
fan-reverse-80-40x100,multigenerational.anglo,accessible,V2,2,2202.6,1878.7,323.9,0.3671,0.59,0.3131,,fits,,A,1606.3,3911.3,0.6222,0.8664,3,False,,,0.3192,,
fan-reverse-80-40x100,multigenerational.anglo,staged_final,V0,1,2202.2,2202.2,0,0.367,0.59,0.367,,fits_small_garden,,A,1152.4,3587.8,0.6221,0.6862,3,False,,,0.3191,,
fan-reverse-80-40x100,multigenerational.anglo,staged_final,V1,2,2322.2,1490.3,832.0,0.387,0.59,0.2484,,fits,,A,2191.5,4299.7,0.656,0.6873,2,False,,,0.3391,,V3
fan-reverse-80-40x100,multigenerational.anglo,staged_final,V2,2,2322.2,1843.3,478.9,0.387,0.59,0.3072,,fits,,A,1657.7,3946.7,0.656,0.8728,1,True,separation,V1,0.3391,,
fan-reverse-80-40x100,empty_nest.none,minimum,V0,1,1155.8,1155.8,0,0.1926,0.59,0.1926,,fits,,A,2730.8,4634.2,0.3265,0.9456,1,True,stair_independence,V1,0.1447,,
fan-reverse-80-40x100,empty_nest.none,minimum,V1,2,1275.8,998.3,277.5,0.2126,0.59,0.1664,,fits,,A,2996.0,4791.7,0.3604,0.8657,2,False,,,0.1647,,
fan-reverse-80-40x100,empty_nest.none,optimum,V0,1,1431.8,1431.8,0,0.2386,0.59,0.2386,,fits,,A,2283.5,4358.2,0.4044,0.9326,1,True,only_feasible,,0.1907,,
fan-reverse-80-40x100,empty_nest.none,maximum,V0,1,2133.2,2133.2,0,0.3555,0.59,0.3555,,fits,,A,1246.6,3506.8,0.6026,0.8431,1,True,upper_efficiency,V1,0.275,,
fan-reverse-80-40x100,empty_nest.none,maximum,V1,2,2253.2,1981.7,271.5,0.3755,0.59,0.3303,,fits,,A,1458.4,3658.3,0.6365,0.8188,2,False,,,0.295,,V2
fan-reverse-80-40x100,empty_nest.none,maximum,V4,2,2253.2,2048.2,205.0,0.3755,0.59,0.3414,,fits,,A,1364.7,3591.8,0.6365,0.7977,3,False,,,0.295,,
fan-reverse-80-40x100,empty_nest.none,accessible,V0,1,1461.6,1461.6,0,0.2436,0.59,0.2436,,fits,,A,2236.4,4328.4,0.4129,0.9312,1,True,only_feasible,,0.1957,,
fan-reverse-80-40x100,empty_nest.none,staged_final,V0,1,1431.8,1431.8,0,0.2386,0.59,0.2386,,fits,,A,2283.5,4358.2,0.4044,0.9326,1,True,only_feasible,,0.1907,,
fan-reverse-80-40x100,empty_nest.latino,minimum,V0,1,1155.8,1155.8,0,0.1926,0.59,0.1926,,fits,,A,2730.8,4634.2,0.3265,0.9456,1,True,stair_independence,V1,0.1447,,
fan-reverse-80-40x100,empty_nest.latino,minimum,V1,2,1275.8,998.3,277.5,0.2126,0.59,0.1664,,fits,,A,2996.0,4791.7,0.3604,0.8657,2,False,,,0.1647,,
fan-reverse-80-40x100,empty_nest.latino,optimum,V0,1,1431.8,1431.8,0,0.2386,0.59,0.2386,,fits,,A,2283.5,4358.2,0.4044,0.9326,1,True,only_feasible,,0.1907,,
fan-reverse-80-40x100,empty_nest.latino,maximum,V0,1,2185.0,2185.0,0,0.3642,0.59,0.3642,,fits_small_garden,,A,1175.8,3455.0,0.6172,0.8386,1,True,upper_efficiency,V1,0.2837,,
fan-reverse-80-40x100,empty_nest.latino,maximum,V1,2,2305.0,2033.7,271.3,0.3842,0.59,0.339,,fits,,A,1385.0,3606.3,0.6511,0.8143,2,False,,,0.3037,,V2
fan-reverse-80-40x100,empty_nest.latino,maximum,V4,2,2305.0,2100.1,204.9,0.3842,0.59,0.35,,fits,,A,1292.3,3539.9,0.6511,0.7932,3,False,,,0.3037,,
fan-reverse-80-40x100,empty_nest.latino,accessible,V0,1,1461.6,1461.6,0,0.2436,0.59,0.2436,,fits,,A,2236.4,4328.4,0.4129,0.9312,1,True,only_feasible,,0.1957,,
fan-reverse-80-40x100,empty_nest.latino,staged_final,V0,1,1431.8,1431.8,0,0.2386,0.59,0.2386,,fits,,A,2283.5,4358.2,0.4044,0.9326,1,True,only_feasible,,0.1907,,
fan-reverse-80-40x100,empty_nest.anglo,minimum,V0,1,1155.8,1155.8,0,0.1926,0.59,0.1926,,fits,,A,2730.8,4634.2,0.3265,0.9478,1,True,stair_independence,V1,0.1447,,
fan-reverse-80-40x100,empty_nest.anglo,minimum,V1,2,1275.8,979.6,296.1,0.2126,0.59,0.1633,,fits,,A,3027.8,4810.4,0.3604,0.8699,2,False,,,0.1647,,
fan-reverse-80-40x100,empty_nest.anglo,optimum,V0,1,1558.2,1558.2,0,0.2597,0.59,0.2597,,fits,,A,2085.9,4231.8,0.4402,0.9296,1,True,only_feasible,,0.2118,,
fan-reverse-80-40x100,empty_nest.anglo,maximum,V0,1,2277.0,2277.0,0,0.3795,0.59,0.3795,,fits_small_garden,,A,1051.9,3363.0,0.6432,0.8294,1,True,upper_efficiency,V1,0.299,,
fan-reverse-80-40x100,empty_nest.anglo,maximum,V1,2,2397.0,2126.2,270.8,0.3995,0.59,0.3544,,fits,,A,1256.4,3513.8,0.6771,0.8074,2,False,,,0.319,,V2
fan-reverse-80-40x100,empty_nest.anglo,maximum,V4,2,2397.0,2192.4,204.6,0.3995,0.59,0.3654,,fits_small_garden,,A,1165.7,3447.6,0.6771,0.7865,3,False,,,0.319,,
fan-reverse-80-40x100,empty_nest.anglo,accessible,V0,1,1588.1,1588.1,0,0.2647,0.59,0.2647,,fits,,A,2039.9,4201.9,0.4486,0.9282,1,True,only_feasible,,0.2168,,
fan-reverse-80-40x100,empty_nest.anglo,staged_final,V0,1,1558.2,1558.2,0,0.2597,0.59,0.2597,,fits,,A,2085.9,4231.8,0.4402,0.9296,1,True,only_feasible,,0.2118,,
fan-reverse-80-40x100,remote_work.none,minimum,V0,1,1282.2,1282.2,0,0.2137,0.59,0.2137,,fits,,A,2523.0,4507.8,0.3622,0.9276,1,True,stair_independence,V1,0.1658,,
fan-reverse-80-40x100,remote_work.none,minimum,V1,2,1402.2,990.9,411.4,0.2337,0.59,0.1651,,fits,,A,3008.6,4799.1,0.3961,0.9003,2,False,,,0.1858,,
fan-reverse-80-40x100,remote_work.none,minimum,V2,2,1402.2,1151.1,251.1,0.2337,0.59,0.1919,,fits,,A,2738.5,4638.9,0.3961,0.8845,3,False,,,0.1858,,
fan-reverse-80-40x100,remote_work.none,minimum,V4,2,1402.2,1206.6,195.6,0.2337,0.59,0.2011,,fits,,A,2646.7,4583.4,0.3961,0.866,4,False,,,0.1858,,
fan-reverse-80-40x100,remote_work.none,optimum,V0,1,1656.0,1656.0,0,0.276,0.59,0.276,,fits,,A,1936.5,4134.0,0.4678,0.9033,1,True,cost,V2,0.2281,,
fan-reverse-80-40x100,remote_work.none,optimum,V1,2,1776.0,1103.3,672.7,0.296,0.59,0.1839,,fits,,A,2818.2,4686.7,0.5017,0.8666,4,False,,,0.2481,,
fan-reverse-80-40x100,remote_work.none,optimum,V2,2,1776.0,1394.5,381.5,0.296,0.59,0.2324,,fits,,A,2342.6,4395.5,0.5017,0.8997,2,False,,,0.2481,,
fan-reverse-80-40x100,remote_work.none,optimum,V4,2,1776.0,1449.1,326.9,0.296,0.59,0.2415,,fits,,A,2256.1,4340.9,0.5017,0.8886,3,False,,,0.2481,,
fan-reverse-80-40x100,remote_work.none,maximum,V0,1,2208.0,2208.0,0,0.368,0.59,0.368,,fits_small_garden,,A,1144.6,3582.0,0.6237,0.8458,3,False,,,0.3201,,
fan-reverse-80-40x100,remote_work.none,maximum,V1,2,2328.0,1236.4,1091.6,0.388,0.59,0.2061,,fits,,A,2597.8,4553.6,0.6576,0.8252,4,False,,,0.3401,,
fan-reverse-80-40x100,remote_work.none,maximum,V2,2,2328.0,1743.1,584.9,0.388,0.59,0.2905,,fits,,A,1805.5,4046.9,0.6576,0.8612,1,True,open_area,V4,0.3401,,
fan-reverse-80-40x100,remote_work.none,maximum,V4,2,2328.0,1809.5,518.5,0.388,0.59,0.3016,,fits,,A,1707.3,3980.5,0.6576,0.858,2,False,,,0.3401,,
fan-reverse-80-40x100,remote_work.none,accessible,V0,1,1685.9,1685.9,0,0.281,0.59,0.281,,fits,,A,1891.3,4104.1,0.4762,0.9002,1,True,upper_efficiency,V1,0.2331,,
fan-reverse-80-40x100,remote_work.none,accessible,V1,2,1805.9,1479.3,326.6,0.301,0.59,0.2465,,fits,,A,2208.8,4310.7,0.5101,0.8869,2,False,,,0.2531,,"V2,V4"
fan-reverse-80-40x100,remote_work.none,staged_final,V0,1,1656.0,1656.0,0,0.276,0.59,0.276,,fits,,A,1936.5,4134.0,0.4678,0.9033,1,True,cost,V2,0.2281,,
fan-reverse-80-40x100,remote_work.none,staged_final,V1,2,1776.0,1103.3,672.7,0.296,0.59,0.1839,,fits,,A,2818.2,4686.7,0.5017,0.8666,4,False,,,0.2481,,
fan-reverse-80-40x100,remote_work.none,staged_final,V2,2,1776.0,1394.5,381.5,0.296,0.59,0.2324,,fits,,A,2342.6,4395.5,0.5017,0.8997,2,False,,,0.2481,,
fan-reverse-80-40x100,remote_work.none,staged_final,V4,2,1776.0,1449.1,326.9,0.296,0.59,0.2415,,fits,,A,2256.1,4340.9,0.5017,0.8886,3,False,,,0.2481,,
fan-reverse-80-40x100,remote_work.latino,minimum,V0,1,1282.2,1282.2,0,0.2137,0.59,0.2137,,fits,,A,2523.0,4507.8,0.3622,0.9276,1,True,stair_independence,V1,0.1658,,
fan-reverse-80-40x100,remote_work.latino,minimum,V1,2,1402.2,990.9,411.4,0.2337,0.59,0.1651,,fits,,A,3008.6,4799.1,0.3961,0.9003,2,False,,,0.1858,,
fan-reverse-80-40x100,remote_work.latino,minimum,V2,2,1402.2,1151.1,251.1,0.2337,0.59,0.1919,,fits,,A,2738.5,4638.9,0.3961,0.8845,3,False,,,0.1858,,
fan-reverse-80-40x100,remote_work.latino,minimum,V4,2,1402.2,1206.6,195.6,0.2337,0.59,0.2011,,fits,,A,2646.7,4583.4,0.3961,0.866,4,False,,,0.1858,,
fan-reverse-80-40x100,remote_work.latino,optimum,V0,1,1656.0,1656.0,0,0.276,0.59,0.276,,fits,,A,1936.5,4134.0,0.4678,0.9033,1,True,cost,V2,0.2281,,
fan-reverse-80-40x100,remote_work.latino,optimum,V1,2,1776.0,1103.3,672.7,0.296,0.59,0.1839,,fits,,A,2818.2,4686.7,0.5017,0.8666,4,False,,,0.2481,,
fan-reverse-80-40x100,remote_work.latino,optimum,V2,2,1776.0,1394.5,381.5,0.296,0.59,0.2324,,fits,,A,2342.6,4395.5,0.5017,0.8997,2,False,,,0.2481,,
fan-reverse-80-40x100,remote_work.latino,optimum,V4,2,1776.0,1449.1,326.9,0.296,0.59,0.2415,,fits,,A,2256.1,4340.9,0.5017,0.8886,3,False,,,0.2481,,
fan-reverse-80-40x100,remote_work.latino,maximum,V0,1,2432.2,2432.2,0,0.4054,0.59,0.4054,,fits_small_garden,,A,848.3,3357.8,0.6871,0.8225,3,False,,,0.3575,,
fan-reverse-80-40x100,remote_work.latino,maximum,V1,2,2552.2,1465.3,1086.9,0.4254,0.59,0.2442,,fits,,A,2230.7,4324.7,0.721,0.8198,4,False,,,0.3775,,
fan-reverse-80-40x100,remote_work.latino,maximum,V2,2,2552.2,1969.8,582.5,0.4254,0.59,0.3283,,fits,,A,1475.5,3820.2,0.721,0.8377,1,True,open_area,V4,0.3775,,
fan-reverse-80-40x100,remote_work.latino,maximum,V4,2,2552.2,2035.8,516.4,0.4254,0.59,0.3393,,fits,,A,1382.0,3754.2,0.721,0.8346,2,False,,,0.3775,,
fan-reverse-80-40x100,remote_work.latino,accessible,V0,1,1685.9,1685.9,0,0.281,0.59,0.281,,fits,,A,1891.3,4104.1,0.4762,0.9002,1,True,upper_efficiency,V1,0.2331,,
fan-reverse-80-40x100,remote_work.latino,accessible,V1,2,1805.9,1479.3,326.6,0.301,0.59,0.2465,,fits,,A,2208.8,4310.7,0.5101,0.8869,2,False,,,0.2531,,"V2,V4"
fan-reverse-80-40x100,remote_work.latino,staged_final,V0,1,1656.0,1656.0,0,0.276,0.59,0.276,,fits,,A,1936.5,4134.0,0.4678,0.9033,1,True,cost,V2,0.2281,,
fan-reverse-80-40x100,remote_work.latino,staged_final,V1,2,1776.0,1103.3,672.7,0.296,0.59,0.1839,,fits,,A,2818.2,4686.7,0.5017,0.8666,4,False,,,0.2481,,
fan-reverse-80-40x100,remote_work.latino,staged_final,V2,2,1776.0,1394.5,381.5,0.296,0.59,0.2324,,fits,,A,2342.6,4395.5,0.5017,0.8997,2,False,,,0.2481,,
fan-reverse-80-40x100,remote_work.latino,staged_final,V4,2,1776.0,1449.1,326.9,0.296,0.59,0.2415,,fits,,A,2256.1,4340.9,0.5017,0.8886,3,False,,,0.2481,,
fan-reverse-80-40x100,remote_work.anglo,minimum,V0,1,1282.2,1282.2,0,0.2137,0.59,0.2137,,fits,,A,2523.0,4507.8,0.3622,0.931,1,True,stair_independence,V1,0.1658,,
fan-reverse-80-40x100,remote_work.anglo,minimum,V1,2,1402.2,972.4,429.9,0.2337,0.59,0.1621,,fits,,A,3040.3,4817.6,0.3961,0.9026,2,False,,,0.1858,,
fan-reverse-80-40x100,remote_work.anglo,minimum,V2,2,1402.2,1151.1,251.1,0.2337,0.59,0.1919,,fits,,A,2738.5,4638.9,0.3961,0.89,3,False,,,0.1858,,
fan-reverse-80-40x100,remote_work.anglo,minimum,V4,2,1402.2,1206.6,195.6,0.2337,0.59,0.2011,,fits,,A,2646.7,4583.4,0.3961,0.8724,4,False,,,0.1858,,
fan-reverse-80-40x100,remote_work.anglo,optimum,V0,1,1736.5,1736.5,0,0.2894,0.59,0.2894,,fits,,A,1815.4,4053.5,0.4905,0.8983,2,False,,,0.2415,,
fan-reverse-80-40x100,remote_work.anglo,optimum,V1,2,1856.5,1167.2,689.3,0.3094,0.59,0.1945,,fits,,A,2711.7,4622.8,0.5244,0.8665,4,False,,,0.2615,,
fan-reverse-80-40x100,remote_work.anglo,optimum,V2,2,1856.5,1475.8,380.7,0.3094,0.59,0.246,,fits,,A,2214.2,4314.2,0.5244,0.9001,1,True,open_area,V0,0.2615,,
fan-reverse-80-40x100,remote_work.anglo,optimum,V4,2,1856.5,1530.3,326.2,0.3094,0.59,0.255,,fits,,A,2129.2,4259.7,0.5244,0.8894,3,False,,,0.2615,,
fan-reverse-80-40x100,remote_work.anglo,maximum,V0,1,2317.2,2317.2,0,0.3862,0.59,0.3862,,fits_small_garden,,A,998.4,3472.8,0.6546,0.8341,3,False,,,0.3383,,
fan-reverse-80-40x100,remote_work.anglo,maximum,V1,2,2437.2,1324.0,1113.3,0.4062,0.59,0.2207,,fits,,A,2455.6,4466.0,0.6885,0.8263,4,False,,,0.3583,,
fan-reverse-80-40x100,remote_work.anglo,maximum,V2,2,2437.2,1853.6,583.6,0.4062,0.59,0.3089,,fits,,A,1642.8,3936.4,0.6885,0.8539,1,True,open_area,V4,0.3583,,
fan-reverse-80-40x100,remote_work.anglo,maximum,V4,2,2437.2,1919.8,517.4,0.4062,0.59,0.32,,fits,,A,1546.9,3870.2,0.6885,0.8502,2,False,,,0.3583,,
fan-reverse-80-40x100,remote_work.anglo,accessible,V0,1,1766.4,1766.4,0,0.2944,0.59,0.2944,,fits,,A,1771.0,4023.6,0.499,0.895,1,True,upper_efficiency,V1,0.2465,,
fan-reverse-80-40x100,remote_work.anglo,accessible,V1,2,1886.4,1560.4,326.0,0.3144,0.59,0.2601,,fits,,A,2082.6,4229.6,0.5329,0.8877,2,False,,,0.2665,,"V2,V4"
fan-reverse-80-40x100,remote_work.anglo,staged_final,V0,1,1736.5,1736.5,0,0.2894,0.59,0.2894,,fits,,A,1815.4,4053.5,0.4905,0.8983,2,False,,,0.2415,,
fan-reverse-80-40x100,remote_work.anglo,staged_final,V1,2,1856.5,1167.2,689.3,0.3094,0.59,0.1945,,fits,,A,2711.7,4622.8,0.5244,0.8665,4,False,,,0.2615,,
fan-reverse-80-40x100,remote_work.anglo,staged_final,V2,2,1856.5,1475.8,380.7,0.3094,0.59,0.246,,fits,,A,2214.2,4314.2,0.5244,0.9001,1,True,open_area,V0,0.2615,,
fan-reverse-80-40x100,remote_work.anglo,staged_final,V4,2,1856.5,1530.3,326.2,0.3094,0.59,0.255,,fits,,A,2129.2,4259.7,0.5244,0.8894,3,False,,,0.2615,,
fan-reverse-80-40x100,shared_adults.none,minimum,V0,1,1506.5,1506.5,0,0.2511,0.59,0.2511,,fits,,A,2166.2,4283.5,0.4256,0.8317,2,False,,,0.2032,,
fan-reverse-80-40x100,shared_adults.none,minimum,V1,2,1626.5,981.0,645.5,0.2711,0.59,0.1635,,fits,,A,3025.5,4809.0,0.4595,0.9165,1,True,separation,V0,0.2232,,
fan-reverse-80-40x100,shared_adults.none,optimum,V0,1,1736.5,1736.5,0,0.2894,0.59,0.2894,,fits,,A,1815.4,4053.5,0.4905,0.8136,2,False,,,0.2415,,
fan-reverse-80-40x100,shared_adults.none,optimum,V1,2,1856.5,1161.2,695.3,0.3094,0.59,0.1935,,fits,,A,2721.8,4628.8,0.5244,0.9046,1,True,separation,V0,0.2615,,
fan-reverse-80-40x100,shared_adults.none,maximum,V0,1,2420.8,2420.8,0,0.4035,0.59,0.4035,,fits_small_garden,,A,863.1,3219.2,0.6838,0.7107,2,False,,,0.323,,
fan-reverse-80-40x100,shared_adults.none,maximum,V1,2,2540.7,1597.7,943.0,0.4235,0.59,0.2663,,fits,,A,2025.2,4042.3,0.7177,0.831,1,True,separation,V0,0.343,,
fan-reverse-80-40x100,shared_adults.none,maximum,V4,2,2540.8,2336.6,204.2,0.4235,0.59,0.3894,,fits_small_garden,,A,972.9,3303.4,0.7177,0.6609,3,False,,,0.343,,
fan-reverse-80-40x100,shared_adults.none,accessible,V0,1,1766.4,1766.4,0,0.2944,0.59,0.2944,,fits,,A,1771.0,4023.6,0.499,0.8107,2,False,,,0.2465,,
fan-reverse-80-40x100,shared_adults.none,accessible,V1,2,1886.4,1403.2,483.2,0.3144,0.59,0.2339,,fits,,A,2328.7,4386.8,0.5329,0.8709,1,True,separation,V0,0.2665,,
fan-reverse-80-40x100,shared_adults.none,staged_final,V0,1,1736.5,1736.5,0,0.2894,0.59,0.2894,,fits,,A,1815.4,4053.5,0.4905,0.8136,2,False,,,0.2415,,
fan-reverse-80-40x100,shared_adults.none,staged_final,V1,2,1856.5,1161.2,695.3,0.3094,0.59,0.1935,,fits,,A,2721.8,4628.8,0.5244,0.9046,1,True,separation,V0,0.2615,,
fan-reverse-80-40x100,shared_adults.latino,minimum,V0,1,1506.5,1506.5,0,0.2511,0.59,0.2511,,fits,,A,2166.2,4283.5,0.4256,0.8317,2,False,,,0.2032,,
fan-reverse-80-40x100,shared_adults.latino,minimum,V1,2,1626.5,981.0,645.5,0.2711,0.59,0.1635,,fits,,A,3025.5,4809.0,0.4595,0.9165,1,True,separation,V0,0.2232,,
fan-reverse-80-40x100,shared_adults.latino,optimum,V0,1,1736.5,1736.5,0,0.2894,0.59,0.2894,,fits,,A,1815.4,4053.5,0.4905,0.8136,2,False,,,0.2415,,
fan-reverse-80-40x100,shared_adults.latino,optimum,V1,2,1856.5,1161.2,695.3,0.3094,0.59,0.1935,,fits,,A,2721.8,4628.8,0.5244,0.9046,1,True,separation,V0,0.2615,,
fan-reverse-80-40x100,shared_adults.latino,maximum,V0,1,2472.5,2472.5,0,0.4121,0.59,0.4121,,fits_small_garden,,A,796.6,3167.5,0.6984,0.7058,2,False,,,0.3316,,
fan-reverse-80-40x100,shared_adults.latino,maximum,V1,2,2592.5,1650.3,942.2,0.4321,0.59,0.2751,,fits,,A,1945.1,3989.7,0.7323,0.8261,1,True,separation,V0,0.3516,,
fan-reverse-80-40x100,shared_adults.latino,maximum,V4,2,2592.5,2388.5,204.0,0.4321,0.59,0.3981,,fits_small_garden,,A,905.0,3251.5,0.7323,0.656,3,False,,,0.3516,,
fan-reverse-80-40x100,shared_adults.latino,accessible,V0,1,1766.4,1766.4,0,0.2944,0.59,0.2944,,fits,,A,1771.0,4023.6,0.499,0.8107,2,False,,,0.2465,,
fan-reverse-80-40x100,shared_adults.latino,accessible,V1,2,1886.4,1403.2,483.2,0.3144,0.59,0.2339,,fits,,A,2328.7,4386.8,0.5329,0.8709,1,True,separation,V0,0.2665,,
fan-reverse-80-40x100,shared_adults.latino,staged_final,V0,1,1736.5,1736.5,0,0.2894,0.59,0.2894,,fits,,A,1815.4,4053.5,0.4905,0.8136,2,False,,,0.2415,,
fan-reverse-80-40x100,shared_adults.latino,staged_final,V1,2,1856.5,1161.2,695.3,0.3094,0.59,0.1935,,fits,,A,2721.8,4628.8,0.5244,0.9046,1,True,separation,V0,0.2615,,
fan-reverse-80-40x100,shared_adults.anglo,minimum,V0,1,1506.5,1506.5,0,0.2511,0.59,0.2511,,fits,,A,2166.2,4283.5,0.4256,0.839,2,False,,,0.2032,,
fan-reverse-80-40x100,shared_adults.anglo,minimum,V1,2,1626.5,962.7,663.8,0.2711,0.59,0.1604,,fits,,A,3056.9,4827.3,0.4595,0.9173,1,True,separation,V0,0.2232,,
fan-reverse-80-40x100,shared_adults.anglo,optimum,V0,1,1863.0,1863.0,0,0.3105,0.59,0.3105,,fits,,A,1629.1,3927.0,0.5263,0.8074,2,False,,,0.2626,,
fan-reverse-80-40x100,shared_adults.anglo,optimum,V1,2,1983.0,1223.6,759.4,0.3305,0.59,0.2039,,fits,,A,2618.7,4566.4,0.5602,0.8963,1,True,separation,V0,0.2826,,
fan-reverse-80-40x100,shared_adults.anglo,maximum,V0,1,2472.5,2472.5,0,0.4121,0.59,0.4121,,fits_small_garden,,A,796.6,3167.5,0.6984,0.7079,2,False,,,0.3316,,
fan-reverse-80-40x100,shared_adults.anglo,maximum,V1,2,2592.5,1566.3,1026.2,0.4321,0.59,0.2611,,fits,,A,2073.5,4073.7,0.7323,0.8291,1,True,separation,V0,0.3516,,
fan-reverse-80-40x100,shared_adults.anglo,maximum,V4,2,2592.5,2388.5,204.0,0.4321,0.59,0.3981,,fits_small_garden,,A,905.0,3251.5,0.7323,0.6611,3,False,,,0.3516,,
fan-reverse-80-40x100,shared_adults.anglo,accessible,V0,1,1892.9,1892.9,0,0.3155,0.59,0.3155,,fits,,A,1585.7,3897.1,0.5347,0.8044,2,False,,,0.2676,,
fan-reverse-80-40x100,shared_adults.anglo,accessible,V1,2,2012.9,1464.9,548.0,0.3355,0.59,0.2442,,fits,,A,2231.3,4325.1,0.5686,0.864,1,True,separation,V0,0.2876,,
fan-reverse-80-40x100,shared_adults.anglo,staged_final,V0,1,1863.0,1863.0,0,0.3105,0.59,0.3105,,fits,,A,1629.1,3927.0,0.5263,0.8074,2,False,,,0.2626,,
fan-reverse-80-40x100,shared_adults.anglo,staged_final,V1,2,1983.0,1223.6,759.4,0.3305,0.59,0.2039,,fits,,A,2618.7,4566.4,0.5602,0.8963,1,True,separation,V0,0.2826,,
trapezoid-asym-45-65x100,young_couple.none,minimum,V0,1,1282.2,1282.2,0,0.2331,0.59,0.2331,,fits,,A,3014.9,4007.8,0.3951,0.9341,1,True,stair_independence,V1,0.1809,,
trapezoid-asym-45-65x100,young_couple.none,minimum,V1,2,1402.2,990.9,411.4,0.255,0.59,0.1802,,fits,,A,3442.3,4299.1,0.4321,0.9109,2,False,,,0.2027,,
trapezoid-asym-45-65x100,young_couple.none,minimum,V2,2,1402.2,1151.1,251.1,0.255,0.59,0.2093,,fits,,A,3208.7,4138.9,0.4321,0.8977,3,False,,,0.2027,,
trapezoid-asym-45-65x100,young_couple.none,minimum,V4,2,1402.2,1206.6,195.6,0.255,0.59,0.2194,,fits,,A,3127.0,4083.4,0.4321,0.8823,4,False,,,0.2027,,
trapezoid-asym-45-65x100,young_couple.none,optimum,V0,1,1604.2,1604.2,0,0.2917,0.59,0.2917,,fits,,A,2528.0,3685.8,0.4944,0.9105,1,True,stair_independence,V1,0.2394,,
trapezoid-asym-45-65x100,young_couple.none,optimum,V1,2,1724.2,1184.2,540.1,0.3135,0.59,0.2153,,fits,,A,3160.1,4105.8,0.5314,0.8862,2,False,,,0.2612,,
trapezoid-asym-45-65x100,young_couple.none,optimum,V2,2,1724.2,1475.9,248.4,0.3135,0.59,0.2683,,fits,,A,2724.0,3814.1,0.5314,0.8789,3,False,,,0.2612,,
trapezoid-asym-45-65x100,young_couple.none,optimum,V4,2,1724.2,1530.6,193.7,0.3135,0.59,0.2783,,fits,,A,2640.8,3759.4,0.5314,0.8613,4,False,,,0.2612,,
trapezoid-asym-45-65x100,young_couple.none,maximum,V0,1,2334.5,2334.5,0,0.4245,0.59,0.4245,,fits,,A,1367.7,2805.5,0.7194,0.8179,3,False,,,0.3366,,
trapezoid-asym-45-65x100,young_couple.none,maximum,V1,2,2454.5,1522.1,932.4,0.4463,0.59,0.2767,,fits,,A,2653.7,3617.9,0.7564,0.8132,4,False,,,0.3585,,
trapezoid-asym-45-65x100,young_couple.none,maximum,V2,2,2454.5,2027.5,427.0,0.4463,0.59,0.3686,,fits,,A,1865.1,3112.5,0.7564,0.825,1,True,open_area,V4,0.3585,,
trapezoid-asym-45-65x100,young_couple.none,maximum,V4,2,2454.5,2093.7,360.8,0.4463,0.59,0.3807,,fits,,A,1759.0,3046.3,0.7564,0.8221,2,False,,,0.3585,,
trapezoid-asym-45-65x100,young_couple.none,accessible,V0,1,1634.1,1634.1,0,0.2971,0.59,0.2971,,fits,,A,2482.1,3655.9,0.5036,0.9077,1,True,upper_efficiency,V1,0.2448,,
trapezoid-asym-45-65x100,young_couple.none,accessible,V1,2,1754.1,1560.6,193.5,0.3189,0.59,0.2837,,fits,,A,2594.9,3729.4,0.5406,0.8584,2,False,,,0.2667,,"V2,V4"
trapezoid-asym-45-65x100,young_couple.none,staged_final,V0,1,1782.5,1782.5,0,0.3241,0.59,0.3241,,fits,,A,2252.0,3507.5,0.5493,0.8936,2,False,,,0.2718,,
trapezoid-asym-45-65x100,young_couple.none,staged_final,V1,2,1902.5,1208.1,694.4,0.3459,0.59,0.2196,,fits,,A,3124.9,4081.9,0.5863,0.8779,3,False,,,0.2936,,
trapezoid-asym-45-65x100,young_couple.none,staged_final,V2,2,1902.5,1498.1,404.4,0.3459,0.59,0.2724,,fits,,A,2690.2,3791.9,0.5863,0.8998,1,True,open_area,V0,0.2936,,
trapezoid-asym-45-65x100,young_couple.none,staged_final,V4,2,1902.5,1709.6,192.9,0.3459,0.59,0.3108,,fits,,A,2365.5,3580.4,0.5863,0.8442,4,False,,,0.2936,,
trapezoid-asym-45-65x100,young_couple.latino,minimum,V0,1,1282.2,1282.2,0,0.2331,0.59,0.2331,,fits,,A,3014.9,4007.8,0.3951,0.9341,1,True,stair_independence,V1,0.1809,,
trapezoid-asym-45-65x100,young_couple.latino,minimum,V1,2,1402.2,990.9,411.4,0.255,0.59,0.1802,,fits,,A,3442.3,4299.1,0.4321,0.9109,2,False,,,0.2027,,
trapezoid-asym-45-65x100,young_couple.latino,minimum,V2,2,1402.2,1151.1,251.1,0.255,0.59,0.2093,,fits,,A,3208.7,4138.9,0.4321,0.8977,3,False,,,0.2027,,
trapezoid-asym-45-65x100,young_couple.latino,minimum,V4,2,1402.2,1206.6,195.6,0.255,0.59,0.2194,,fits,,A,3127.0,4083.4,0.4321,0.8823,4,False,,,0.2027,,
trapezoid-asym-45-65x100,young_couple.latino,optimum,V0,1,1604.2,1604.2,0,0.2917,0.59,0.2917,,fits,,A,2528.0,3685.8,0.4944,0.9105,1,True,stair_independence,V1,0.2394,,
trapezoid-asym-45-65x100,young_couple.latino,optimum,V1,2,1724.2,1184.2,540.1,0.3135,0.59,0.2153,,fits,,A,3160.1,4105.8,0.5314,0.8862,2,False,,,0.2612,,
trapezoid-asym-45-65x100,young_couple.latino,optimum,V2,2,1724.2,1475.9,248.4,0.3135,0.59,0.2683,,fits,,A,2724.0,3814.1,0.5314,0.8789,3,False,,,0.2612,,
trapezoid-asym-45-65x100,young_couple.latino,optimum,V4,2,1724.2,1530.6,193.7,0.3135,0.59,0.2783,,fits,,A,2640.8,3759.4,0.5314,0.8613,4,False,,,0.2612,,
trapezoid-asym-45-65x100,young_couple.latino,maximum,V0,1,2386.2,2386.2,0,0.4339,0.59,0.4339,,fits,,A,1282.5,2753.8,0.7354,0.813,3,False,,,0.346,,
trapezoid-asym-45-65x100,young_couple.latino,maximum,V1,2,2506.2,1574.7,931.6,0.4557,0.59,0.2863,,fits,,A,2573.4,3565.3,0.7723,0.8097,4,False,,,0.3679,,
trapezoid-asym-45-65x100,young_couple.latino,maximum,V2,2,2506.2,2079.6,426.7,0.4557,0.59,0.3781,,fits,,A,1781.6,3060.4,0.7723,0.8201,1,True,open_area,V4,0.3679,,
trapezoid-asym-45-65x100,young_couple.latino,maximum,V4,2,2506.2,2145.7,360.5,0.4557,0.59,0.3901,,fits,,A,1675.1,2994.3,0.7723,0.8172,2,False,,,0.3679,,
trapezoid-asym-45-65x100,young_couple.latino,accessible,V0,1,1634.1,1634.1,0,0.2971,0.59,0.2971,,fits,,A,2482.1,3655.9,0.5036,0.9077,1,True,upper_efficiency,V1,0.2448,,
trapezoid-asym-45-65x100,young_couple.latino,accessible,V1,2,1754.1,1560.6,193.5,0.3189,0.59,0.2837,,fits,,A,2594.9,3729.4,0.5406,0.8584,2,False,,,0.2667,,"V2,V4"
trapezoid-asym-45-65x100,young_couple.latino,staged_final,V0,1,1782.5,1782.5,0,0.3241,0.59,0.3241,,fits,,A,2252.0,3507.5,0.5493,0.8936,2,False,,,0.2718,,
trapezoid-asym-45-65x100,young_couple.latino,staged_final,V1,2,1902.5,1208.1,694.4,0.3459,0.59,0.2196,,fits,,A,3124.9,4081.9,0.5863,0.8779,3,False,,,0.2936,,
trapezoid-asym-45-65x100,young_couple.latino,staged_final,V2,2,1902.5,1498.1,404.4,0.3459,0.59,0.2724,,fits,,A,2690.2,3791.9,0.5863,0.8998,1,True,open_area,V0,0.2936,,
trapezoid-asym-45-65x100,young_couple.latino,staged_final,V4,2,1902.5,1709.6,192.9,0.3459,0.59,0.3108,,fits,,A,2365.5,3580.4,0.5863,0.8442,4,False,,,0.2936,,
trapezoid-asym-45-65x100,young_couple.anglo,minimum,V0,1,1282.2,1282.2,0,0.2331,0.59,0.2331,,fits,,A,3014.9,4007.8,0.3951,0.9368,1,True,stair_independence,V1,0.1809,,
trapezoid-asym-45-65x100,young_couple.anglo,minimum,V1,2,1402.2,972.4,429.9,0.255,0.59,0.1768,,fits,,A,3469.0,4317.6,0.4321,0.9124,2,False,,,0.2027,,
trapezoid-asym-45-65x100,young_couple.anglo,minimum,V2,2,1402.2,1151.1,251.1,0.255,0.59,0.2093,,fits,,A,3208.7,4138.9,0.4321,0.9018,3,False,,,0.2027,,
trapezoid-asym-45-65x100,young_couple.anglo,minimum,V4,2,1402.2,1206.6,195.6,0.255,0.59,0.2194,,fits,,A,3127.0,4083.4,0.4321,0.887,4,False,,,0.2027,,
trapezoid-asym-45-65x100,young_couple.anglo,optimum,V0,1,1684.7,1684.7,0,0.3063,0.59,0.3063,,fits,,A,2404.0,3605.2,0.5192,0.9042,1,True,stair_independence,V1,0.254,,
trapezoid-asym-45-65x100,young_couple.anglo,optimum,V1,2,1804.7,1247.8,556.9,0.3281,0.59,0.2269,,fits,,A,3066.0,4042.2,0.5562,0.8852,2,False,,,0.2759,,
trapezoid-asym-45-65x100,young_couple.anglo,optimum,V2,2,1804.8,1556.9,247.9,0.3281,0.59,0.2831,,fits,,A,2600.6,3733.1,0.5562,0.875,3,False,,,0.2759,,
trapezoid-asym-45-65x100,young_couple.anglo,optimum,V4,2,1804.7,1611.4,193.3,0.3281,0.59,0.293,,fits,,A,2517.0,3678.6,0.5562,0.8577,4,False,,,0.2759,,
trapezoid-asym-45-65x100,young_couple.anglo,maximum,V0,1,2426.5,2426.5,0,0.4412,0.59,0.4412,,fits,,A,1215.9,2713.5,0.7478,0.805,4,False,,,0.3534,,
trapezoid-asym-45-65x100,young_couple.anglo,maximum,V1,2,2546.5,1591.6,954.9,0.463,0.59,0.2894,,fits,,A,2547.5,3548.4,0.7847,0.8086,3,False,,,0.3752,,
trapezoid-asym-45-65x100,young_couple.anglo,maximum,V2,2,2546.5,2120.1,426.4,0.463,0.59,0.3855,,fits,,A,1716.4,3019.9,0.7847,0.815,1,True,open_area,V4,0.3752,,
trapezoid-asym-45-65x100,young_couple.anglo,maximum,V4,2,2546.5,2186.2,360.3,0.463,0.59,0.3975,,fits,,A,1609.7,2953.8,0.7847,0.8116,2,False,,,0.3752,,
trapezoid-asym-45-65x100,young_couple.anglo,accessible,V0,1,1714.6,1714.6,0,0.3118,0.59,0.3118,,fits,,A,2357.6,3575.4,0.5284,0.9012,1,True,upper_efficiency,V1,0.2595,,
trapezoid-asym-45-65x100,young_couple.anglo,accessible,V1,2,1834.6,1641.4,193.2,0.3336,0.59,0.2984,,fits,,A,2470.8,3648.6,0.5654,0.8546,2,False,,,0.2813,,"V2,V4"
trapezoid-asym-45-65x100,young_couple.anglo,staged_final,V0,1,1782.5,1782.5,0,0.3241,0.59,0.3241,,fits,,A,2252.0,3507.5,0.5493,0.8943,2,False,,,0.2718,,
trapezoid-asym-45-65x100,young_couple.anglo,staged_final,V1,2,1902.5,1226.2,676.3,0.3459,0.59,0.2229,,fits,,A,3098.1,4063.8,0.5863,0.8838,3,False,,,0.2936,,
trapezoid-asym-45-65x100,young_couple.anglo,staged_final,V2,2,1902.5,1498.1,404.4,0.3459,0.59,0.2724,,fits,,A,2690.2,3791.9,0.5863,0.9032,1,True,open_area,V0,0.2936,,
trapezoid-asym-45-65x100,young_couple.anglo,staged_final,V4,2,1902.5,1709.6,192.9,0.3459,0.59,0.3108,,fits,,A,2365.5,3580.4,0.5863,0.8476,4,False,,,0.2936,,
trapezoid-asym-45-65x100,early_childhood.none,minimum,V0,1,1305.2,1305.2,0,0.2373,0.59,0.2373,,fits,,A,2980.6,3984.8,0.4022,0.9356,1,True,stair_independence,V1,0.185,,
trapezoid-asym-45-65x100,early_childhood.none,minimum,V1,2,1425.2,989.7,435.6,0.2591,0.59,0.1799,,fits,,A,3444.0,4300.3,0.4392,0.9133,2,False,,,0.2069,,
trapezoid-asym-45-65x100,early_childhood.none,minimum,V2,2,1425.2,1149.8,275.5,0.2591,0.59,0.209,,fits,,A,3210.7,4140.2,0.4392,0.5872,3,False,,,0.2069,,
trapezoid-asym-45-65x100,early_childhood.none,optimum,V0,1,1610.0,1610.0,0,0.2927,0.59,0.2927,,fits,,A,2519.2,3680.0,0.4961,0.9118,1,True,stair_independence,V1,0.2405,,
trapezoid-asym-45-65x100,early_childhood.none,optimum,V1,2,1730.0,1165.7,564.3,0.3145,0.59,0.212,,fits,,A,3187.3,4124.3,0.5331,0.8913,2,False,,,0.2623,,
trapezoid-asym-45-65x100,early_childhood.none,optimum,V2,2,1730.0,1457.4,272.6,0.3145,0.59,0.265,,fits,,A,2752.0,3832.6,0.5331,0.5705,3,False,,,0.2623,,
trapezoid-asym-45-65x100,early_childhood.none,maximum,V0,1,2829.0,2829.0,0,0.5144,0.59,0.5144,,fits_small_garden,,A,898.8,2311.0,0.8718,0.7642,2,False,,,0.4265,,
trapezoid-asym-45-65x100,early_childhood.none,maximum,V1,2,2949.0,1999.7,949.3,0.5362,0.59,0.3636,,fits,,A,1909.4,3140.3,0.9088,0.7769,1,True,open_area,V0,0.4484,,
trapezoid-asym-45-65x100,early_childhood.none,maximum,V2,2,2949.0,2501.1,447.9,0.5362,0.59,0.4547,,fits_small_garden,,A,1092.0,2638.9,0.9088,0.4554,4,False,,,0.4484,,
trapezoid-asym-45-65x100,early_childhood.none,maximum,V4,2,2949.0,2745.8,203.2,0.5362,0.59,0.4992,,fits_small_garden,,A,1028.0,2394.2,0.9088,0.7208,3,False,,,0.4484,,
trapezoid-asym-45-65x100,early_childhood.none,accessible,V0,1,1639.9,1639.9,0,0.2982,0.59,0.2982,,fits,,A,2473.2,3650.1,0.5054,0.9088,1,True,supervision,V1,0.2459,,
trapezoid-asym-45-65x100,early_childhood.none,accessible,V1,2,1759.9,1542.1,217.8,0.32,0.59,0.2804,,fits,,A,2623.2,3747.9,0.5423,0.55,2,False,,,0.2677,,V2
trapezoid-asym-45-65x100,early_childhood.none,staged_final,V0,1,1656.0,1656.0,0,0.3011,0.59,0.3011,,fits,,A,2448.4,3634.0,0.5103,0.9071,1,True,stair_independence,V1,0.2488,,
trapezoid-asym-45-65x100,early_childhood.none,staged_final,V1,2,1776.0,1212.5,563.5,0.3229,0.59,0.2205,,fits,,A,3118.3,4077.5,0.5473,0.889,2,False,,,0.2706,,
trapezoid-asym-45-65x100,early_childhood.none,staged_final,V2,2,1776.0,1503.7,272.3,0.3229,0.59,0.2734,,fits,,A,2681.7,3786.3,0.5473,0.5657,3,False,,,0.2706,,
trapezoid-asym-45-65x100,early_childhood.latino,minimum,V0,1,1305.2,1305.2,0,0.2373,0.59,0.2373,,fits,,A,2980.6,3984.8,0.4022,0.9356,1,True,stair_independence,V1,0.185,,
trapezoid-asym-45-65x100,early_childhood.latino,minimum,V1,2,1425.2,989.7,435.6,0.2591,0.59,0.1799,,fits,,A,3444.0,4300.3,0.4392,0.9133,2,False,,,0.2069,,
trapezoid-asym-45-65x100,early_childhood.latino,minimum,V2,2,1425.2,1149.8,275.5,0.2591,0.59,0.209,,fits,,A,3210.7,4140.2,0.4392,0.5872,3,False,,,0.2069,,
trapezoid-asym-45-65x100,early_childhood.latino,optimum,V0,1,1610.0,1610.0,0,0.2927,0.59,0.2927,,fits,,A,2519.2,3680.0,0.4961,0.9118,1,True,stair_independence,V1,0.2405,,
trapezoid-asym-45-65x100,early_childhood.latino,optimum,V1,2,1730.0,1165.7,564.3,0.3145,0.59,0.212,,fits,,A,3187.3,4124.3,0.5331,0.8913,2,False,,,0.2623,,
trapezoid-asym-45-65x100,early_childhood.latino,optimum,V2,2,1730.0,1457.4,272.6,0.3145,0.59,0.265,,fits,,A,2752.0,3832.6,0.5331,0.5705,3,False,,,0.2623,,
trapezoid-asym-45-65x100,early_childhood.latino,maximum,V0,1,2880.8,2880.8,0,0.5238,0.59,0.5238,,fits,,B2,1417.6,2259.2,0.8878,0.759,2,False,,,0.436,,
trapezoid-asym-45-65x100,early_childhood.latino,maximum,V1,2,3000.8,2052.1,948.7,0.5456,0.59,0.3731,,fits,,A,1825.7,3087.9,0.9247,0.7724,1,True,open_area,V0,0.4578,,
trapezoid-asym-45-65x100,early_childhood.latino,maximum,V2,2,3000.7,2553.1,447.7,0.5456,0.59,0.4642,,fits_small_garden,,A,1005.1,2586.9,0.9247,0.4501,4,False,,,0.4578,,
trapezoid-asym-45-65x100,early_childhood.latino,maximum,V4,2,3000.8,2797.6,203.1,0.5456,0.59,0.5087,,fits_small_garden,,A,947.6,2342.4,0.9247,0.7156,3,False,,,0.4578,,
trapezoid-asym-45-65x100,early_childhood.latino,accessible,V0,1,1639.9,1639.9,0,0.2982,0.59,0.2982,,fits,,A,2473.2,3650.1,0.5054,0.9088,1,True,supervision,V1,0.2459,,
trapezoid-asym-45-65x100,early_childhood.latino,accessible,V1,2,1759.9,1542.1,217.8,0.32,0.59,0.2804,,fits,,A,2623.2,3747.9,0.5423,0.55,2,False,,,0.2677,,V2
trapezoid-asym-45-65x100,early_childhood.latino,staged_final,V0,1,1656.0,1656.0,0,0.3011,0.59,0.3011,,fits,,A,2448.4,3634.0,0.5103,0.9071,1,True,stair_independence,V1,0.2488,,
trapezoid-asym-45-65x100,early_childhood.latino,staged_final,V1,2,1776.0,1212.5,563.5,0.3229,0.59,0.2205,,fits,,A,3118.3,4077.5,0.5473,0.889,2,False,,,0.2706,,
trapezoid-asym-45-65x100,early_childhood.latino,staged_final,V2,2,1776.0,1503.7,272.3,0.3229,0.59,0.2734,,fits,,A,2681.7,3786.3,0.5473,0.5657,3,False,,,0.2706,,
trapezoid-asym-45-65x100,early_childhood.anglo,minimum,V0,1,1305.2,1305.2,0,0.2373,0.59,0.2373,,fits,,A,2980.6,3984.8,0.4022,0.9356,1,True,stair_independence,V1,0.185,,
trapezoid-asym-45-65x100,early_childhood.anglo,minimum,V1,2,1425.2,971.2,454.0,0.2591,0.59,0.1766,,fits,,A,3470.6,4318.8,0.4392,0.9113,2,False,,,0.2069,,
trapezoid-asym-45-65x100,early_childhood.anglo,minimum,V2,2,1425.2,1149.8,275.5,0.2591,0.59,0.209,,fits,,A,3210.7,4140.2,0.4392,0.5872,3,False,,,0.2069,,
trapezoid-asym-45-65x100,early_childhood.anglo,optimum,V0,1,1736.5,1736.5,0,0.3157,0.59,0.3157,,fits,,A,2323.7,3553.5,0.5351,0.899,1,True,stair_independence,V1,0.2635,,
trapezoid-asym-45-65x100,early_childhood.anglo,optimum,V1,2,1856.5,1227.8,628.7,0.3375,0.59,0.2232,,fits,,A,3095.7,4062.2,0.5721,0.8809,2,False,,,0.2853,,
trapezoid-asym-45-65x100,early_childhood.anglo,optimum,V2,2,1856.5,1584.7,271.8,0.3375,0.59,0.2881,,fits,,A,2558.0,3705.3,0.5721,0.5574,3,False,,,0.2853,,
trapezoid-asym-45-65x100,early_childhood.anglo,maximum,V0,1,2829.0,2829.0,0,0.5144,0.59,0.5144,,fits_small_garden,,A,898.8,2311.0,0.8718,0.7642,2,False,,,0.4265,,
trapezoid-asym-45-65x100,early_childhood.anglo,maximum,V1,2,2949.0,1916.2,1032.8,0.5362,0.59,0.3484,,fits,,A,2042.0,3223.8,0.9088,0.7783,1,True,open_area,V0,0.4484,,
trapezoid-asym-45-65x100,early_childhood.anglo,maximum,V2,2,2949.0,2501.1,447.9,0.5362,0.59,0.4547,,fits_small_garden,,A,1092.0,2638.9,0.9088,0.4554,4,False,,,0.4484,,
trapezoid-asym-45-65x100,early_childhood.anglo,maximum,V4,2,2949.0,2745.8,203.2,0.5362,0.59,0.4992,,fits_small_garden,,A,1028.0,2394.2,0.9088,0.7208,3,False,,,0.4484,,
trapezoid-asym-45-65x100,early_childhood.anglo,accessible,V0,1,1766.4,1766.4,0,0.3212,0.59,0.3212,,fits,,A,2277.1,3523.6,0.5443,0.8959,1,True,supervision,V1,0.2689,,
trapezoid-asym-45-65x100,early_childhood.anglo,accessible,V1,2,1886.4,1669.2,217.2,0.343,0.59,0.3035,,fits,,A,2428.0,3620.8,0.5813,0.537,2,False,,,0.2907,,V2
trapezoid-asym-45-65x100,early_childhood.anglo,staged_final,V0,1,1788.2,1788.2,0,0.3251,0.59,0.3251,,fits,,A,2243.0,3501.8,0.5511,0.8937,1,True,stair_independence,V1,0.2729,,
trapezoid-asym-45-65x100,early_childhood.anglo,staged_final,V1,2,1908.2,1226.0,682.3,0.347,0.59,0.2229,,fits,,A,3098.4,4064.0,0.5881,0.8784,2,False,,,0.2947,,
trapezoid-asym-45-65x100,early_childhood.anglo,staged_final,V2,2,1908.2,1582.4,325.8,0.347,0.59,0.2877,,fits,,A,2561.5,3707.6,0.5881,0.5694,3,False,,,0.2947,,
trapezoid-asym-45-65x100,teens_family.none,minimum,V0,1,1454.8,1454.8,0,0.2645,0.59,0.2645,,fits,,A,2756.0,3835.2,0.4483,0.736,2,False,,,0.2122,,
trapezoid-asym-45-65x100,teens_family.none,minimum,V1,2,1574.8,983.0,591.8,0.2863,0.59,0.1787,,fits,,A,3453.7,4307.0,0.4853,0.7113,3,False,,,0.234,,
trapezoid-asym-45-65x100,teens_family.none,minimum,V2,2,1574.7,1141.9,432.9,0.2863,0.59,0.2076,,fits,,A,3222.3,4148.1,0.4853,0.9118,1,True,separation,V0,0.234,,
trapezoid-asym-45-65x100,teens_family.none,optimum,V0,1,1805.5,1805.5,0,0.3283,0.59,0.3283,,fits,,A,2216.1,3484.5,0.5564,0.6998,2,False,,,0.276,,
trapezoid-asym-45-65x100,teens_family.none,optimum,V1,2,1925.5,1207.3,718.2,0.3501,0.59,0.2195,,fits,,A,3126.0,4082.7,0.5934,0.6837,3,False,,,0.2978,,
trapezoid-asym-45-65x100,teens_family.none,optimum,V2,2,1925.5,1497.2,428.3,0.3501,0.59,0.2722,,fits,,A,2691.6,3792.8,0.5934,0.8894,1,True,separation,V0,0.2978,,
trapezoid-asym-45-65x100,teens_family.none,maximum,V0,1,3156.7,3156.7,0,0.574,0.59,0.574,,fits_small_garden,,B3,1099.4,1983.3,0.9728,0.5346,3,False,,,0.4861,,
trapezoid-asym-45-65x100,teens_family.none,maximum,V1,2,2977.8,1861.8,1116.0,0.5414,0.59,0.3385,,fits,,A,2127.8,3278.2,0.9176,0.5756,2,False,,,0.4536,,
trapezoid-asym-45-65x100,teens_family.none,maximum,V2,2,2977.8,2362.9,614.8,0.5414,0.59,0.4296,,fits,,A,1320.9,2777.1,0.9176,0.7639,1,True,separation,V1,0.4536,,
trapezoid-asym-45-65x100,teens_family.none,maximum,V4,2,2977.7,2786.5,191.3,0.5414,0.59,0.5066,,fits_small_garden,,A,964.9,2353.5,0.9176,0.511,4,False,,,0.4536,,
trapezoid-asym-45-65x100,teens_family.none,accessible,V0,1,1835.4,1835.4,0,0.3337,0.59,0.3337,,fits,,A,2169.2,3454.6,0.5656,0.6967,2,False,,,0.2814,,
trapezoid-asym-45-65x100,teens_family.none,accessible,V1,2,1955.4,1581.7,373.7,0.3555,0.59,0.2876,,fits,,A,2562.7,3708.3,0.6026,0.8837,1,True,separation,V0,0.3033,,V2
trapezoid-asym-45-65x100,teens_family.none,staged_final,V0,1,1656.0,1656.0,0,0.3011,0.59,0.3011,,fits,,A,2448.4,3634.0,0.5103,0.7152,2,False,,,0.2488,,
trapezoid-asym-45-65x100,teens_family.none,staged_final,V1,2,1776.0,1212.5,563.5,0.3229,0.59,0.2205,,fits,,A,3118.3,4077.5,0.5473,0.692,3,False,,,0.2706,,
trapezoid-asym-45-65x100,teens_family.none,staged_final,V2,2,1776.0,1503.7,272.3,0.3229,0.59,0.2734,,fits,,A,2681.7,3786.3,0.5473,0.8709,1,True,separation,V0,0.2706,,
trapezoid-asym-45-65x100,teens_family.latino,minimum,V0,1,1454.8,1454.8,0,0.2645,0.59,0.2645,,fits,,A,2756.0,3835.2,0.4483,0.736,2,False,,,0.2122,,
trapezoid-asym-45-65x100,teens_family.latino,minimum,V1,2,1574.8,983.0,591.8,0.2863,0.59,0.1787,,fits,,A,3453.7,4307.0,0.4853,0.7113,3,False,,,0.234,,
trapezoid-asym-45-65x100,teens_family.latino,minimum,V2,2,1574.7,1141.9,432.9,0.2863,0.59,0.2076,,fits,,A,3222.3,4148.1,0.4853,0.9118,1,True,separation,V0,0.234,,
trapezoid-asym-45-65x100,teens_family.latino,optimum,V0,1,1805.5,1805.5,0,0.3283,0.59,0.3283,,fits,,A,2216.1,3484.5,0.5564,0.6998,2,False,,,0.276,,
trapezoid-asym-45-65x100,teens_family.latino,optimum,V1,2,1925.5,1207.3,718.2,0.3501,0.59,0.2195,,fits,,A,3126.0,4082.7,0.5934,0.6837,3,False,,,0.2978,,
trapezoid-asym-45-65x100,teens_family.latino,optimum,V2,2,1925.5,1497.2,428.3,0.3501,0.59,0.2722,,fits,,A,2691.6,3792.8,0.5934,0.8894,1,True,separation,V0,0.2978,,
trapezoid-asym-45-65x100,teens_family.latino,maximum,V0,1,3214.2,3214.2,0,0.5844,0.59,0.5844,,fits_small_garden,,B3,1033.2,1925.8,0.9905,0.5287,3,False,,,0.4966,,
trapezoid-asym-45-65x100,teens_family.latino,maximum,V1,2,2977.8,1861.8,1116.0,0.5414,0.59,0.3385,,fits,,A,2127.8,3278.2,0.9176,0.5756,2,False,,,0.4536,,
trapezoid-asym-45-65x100,teens_family.latino,maximum,V2,2,2977.8,2362.9,614.8,0.5414,0.59,0.4296,,fits,,A,1320.9,2777.1,0.9176,0.7639,1,True,separation,V1,0.4536,,
trapezoid-asym-45-65x100,teens_family.latino,maximum,V4,2,2977.7,2786.5,191.3,0.5414,0.59,0.5066,,fits_small_garden,,A,964.9,2353.5,0.9176,0.511,4,False,,,0.4536,,
trapezoid-asym-45-65x100,teens_family.latino,accessible,V0,1,1835.4,1835.4,0,0.3337,0.59,0.3337,,fits,,A,2169.2,3454.6,0.5656,0.6967,2,False,,,0.2814,,
trapezoid-asym-45-65x100,teens_family.latino,accessible,V1,2,1955.4,1581.7,373.7,0.3555,0.59,0.2876,,fits,,A,2562.7,3708.3,0.6026,0.8837,1,True,separation,V0,0.3033,,V2
trapezoid-asym-45-65x100,teens_family.latino,staged_final,V0,1,1656.0,1656.0,0,0.3011,0.59,0.3011,,fits,,A,2448.4,3634.0,0.5103,0.7152,2,False,,,0.2488,,
trapezoid-asym-45-65x100,teens_family.latino,staged_final,V1,2,1776.0,1212.5,563.5,0.3229,0.59,0.2205,,fits,,A,3118.3,4077.5,0.5473,0.692,3,False,,,0.2706,,
trapezoid-asym-45-65x100,teens_family.latino,staged_final,V2,2,1776.0,1503.7,272.3,0.3229,0.59,0.2734,,fits,,A,2681.7,3786.3,0.5473,0.8709,1,True,separation,V0,0.2706,,
trapezoid-asym-45-65x100,teens_family.anglo,minimum,V0,1,1454.8,1454.8,0,0.2645,0.59,0.2645,,fits,,A,2756.0,3835.2,0.4483,0.7473,2,False,,,0.2122,,
trapezoid-asym-45-65x100,teens_family.anglo,minimum,V1,2,1574.7,964.6,610.1,0.2863,0.59,0.1754,,fits,,A,3480.1,4325.4,0.4853,0.7216,3,False,,,0.234,,
trapezoid-asym-45-65x100,teens_family.anglo,minimum,V2,2,1574.7,1123.6,451.2,0.2863,0.59,0.2043,,fits,,A,3249.2,4166.4,0.4853,0.9134,1,True,separation,V0,0.234,,
trapezoid-asym-45-65x100,teens_family.anglo,optimum,V0,1,1937.7,1937.7,0,0.3523,0.59,0.3523,,fits,,A,2007.8,3352.2,0.5971,0.6941,2,False,,,0.3,,
trapezoid-asym-45-65x100,teens_family.anglo,optimum,V1,2,2057.8,1221.4,836.3,0.3741,0.59,0.2221,,fits,,A,3105.1,4068.6,0.6341,0.6859,3,False,,,0.3219,,
trapezoid-asym-45-65x100,teens_family.anglo,optimum,V2,2,2057.8,1510.3,547.4,0.3741,0.59,0.2746,,fits,,A,2671.6,3779.7,0.6341,0.8813,1,True,separation,V0,0.3219,,
trapezoid-asym-45-65x100,teens_family.anglo,maximum,V0,1,3220.0,3220.0,0,0.5855,0.59,0.5855,,fits_small_garden,,P,1026.6,1920.0,0.9923,0.5268,3,False,,,0.4976,,
trapezoid-asym-45-65x100,teens_family.anglo,maximum,V1,2,3058.2,1794.3,1263.9,0.556,0.59,0.3262,,fits,,A,2233.5,3345.7,0.9424,0.584,2,False,,,0.4682,,
trapezoid-asym-45-65x100,teens_family.anglo,maximum,V2,2,3058.2,2378.4,679.8,0.556,0.59,0.4324,,fits,,A,1295.4,2761.6,0.9424,0.7569,1,True,separation,V1,0.4682,,
trapezoid-asym-45-65x100,teens_family.anglo,maximum,V4,2,3058.2,2867.1,191.1,0.556,0.59,0.5213,,fits_small_garden,,A,839.3,2272.9,0.9424,0.5064,4,False,,,0.4682,,
trapezoid-asym-45-65x100,teens_family.anglo,accessible,V0,1,1967.6,1967.6,0,0.3578,0.59,0.3578,,fits,,A,1960.4,3322.4,0.6064,0.6908,2,False,,,0.3055,,
trapezoid-asym-45-65x100,teens_family.anglo,accessible,V1,2,2087.6,1660.8,426.8,0.3796,0.59,0.302,,fits,,A,2440.9,3629.2,0.6433,0.8756,1,True,separation,V0,0.3273,,V2
trapezoid-asym-45-65x100,teens_family.anglo,staged_final,V0,1,1736.5,1736.5,0,0.3157,0.59,0.3157,,fits,,A,2323.7,3553.5,0.5351,0.7163,2,False,,,0.2635,,
trapezoid-asym-45-65x100,teens_family.anglo,staged_final,V1,2,1856.5,1227.8,628.7,0.3375,0.59,0.2232,,fits,,A,3095.7,4062.2,0.5721,0.6967,3,False,,,0.2853,,
trapezoid-asym-45-65x100,teens_family.anglo,staged_final,V2,2,1856.5,1584.7,271.8,0.3375,0.59,0.2881,,fits,,A,2558.0,3705.3,0.5721,0.8668,1,True,separation,V0,0.2853,,
trapezoid-asym-45-65x100,multigenerational.none,minimum,V0,1,1523.7,1523.7,0,0.277,0.59,0.277,,fits,,A,2651.2,3766.2,0.4696,0.9136,1,True,stair_independence,V1,0.2248,,
trapezoid-asym-45-65x100,multigenerational.none,minimum,V1,2,1643.8,1212.0,431.8,0.2989,0.59,0.2204,,fits,,A,3119.1,4078.0,0.5065,0.898,2,False,,,0.2466,,V3
trapezoid-asym-45-65x100,multigenerational.none,minimum,V2,2,1643.8,1370.4,273.3,0.2989,0.59,0.2492,,fits,,A,2883.1,3919.6,0.5065,0.8868,3,False,,,0.2466,,
trapezoid-asym-45-65x100,multigenerational.none,optimum,V0,1,1857.2,1857.2,0,0.3377,0.59,0.3377,,fits,,A,2134.9,3432.8,0.5723,0.8769,1,True,stair_independence,V1,0.2854,,
trapezoid-asym-45-65x100,multigenerational.none,optimum,V1,2,1977.2,1416.8,560.5,0.3595,0.59,0.2576,,fits,,A,2813.4,3873.2,0.6093,0.873,2,False,,,0.3072,,V3
trapezoid-asym-45-65x100,multigenerational.none,optimum,V2,2,1977.2,1706.2,271.1,0.3595,0.59,0.3102,,fits,,A,2370.7,3583.8,0.6093,0.8532,3,False,,,0.3072,,
trapezoid-asym-45-65x100,multigenerational.none,maximum,V0,1,3110.7,3110.7,0,0.5656,0.59,0.5656,,fits,,B2,1152.4,2029.3,0.9586,0.7127,4,False,,,0.4778,,
trapezoid-asym-45-65x100,multigenerational.none,maximum,V1,2,3230.7,2118.0,1112.8,0.5874,0.59,0.3851,,fits,,A,1719.9,3022.0,0.9956,0.7376,1,True,open_area,V2,0.4996,,
trapezoid-asym-45-65x100,multigenerational.none,maximum,V2,2,3230.7,2617.6,613.2,0.5874,0.59,0.4759,,fits_small_garden,,A,896.8,2522.4,0.9956,0.7341,2,False,,,0.4996,,
trapezoid-asym-45-65x100,multigenerational.none,maximum,V3,2,3230.7,2248.8,981.9,0.5874,0.59,0.4089,,fits,,A,1507.8,2891.2,0.9956,0.7302,3,False,,,0.4996,,
trapezoid-asym-45-65x100,multigenerational.none,maximum,V4,2,3230.7,3039.9,190.9,0.5874,0.59,0.5527,,fits,,B2,1234.0,2100.1,0.9956,0.6613,5,False,,,0.4996,,
trapezoid-asym-45-65x100,multigenerational.none,accessible,V0,1,1887.1,1887.1,0,0.3431,0.59,0.3431,,fits,,A,2087.8,3402.9,0.5816,0.8736,1,True,stair_independence,V1,0.2908,,
trapezoid-asym-45-65x100,multigenerational.none,accessible,V1,2,2007.1,1447.0,560.1,0.3649,0.59,0.2631,,fits,,A,2767.6,3843.0,0.6185,0.8715,2,False,,,0.3127,,V3
trapezoid-asym-45-65x100,multigenerational.none,accessible,V2,2,2007.1,1736.3,270.9,0.3649,0.59,0.3157,,fits,,A,2324.1,3553.7,0.6185,0.8499,3,False,,,0.3127,,
trapezoid-asym-45-65x100,multigenerational.none,staged_final,V0,1,2006.7,2006.7,0,0.3649,0.59,0.3649,,fits,,A,1898.1,3283.2,0.6184,0.6865,3,False,,,0.3126,,
trapezoid-asym-45-65x100,multigenerational.none,staged_final,V1,2,2126.8,1411.9,714.9,0.3867,0.59,0.2567,,fits,,A,2820.7,3878.1,0.6554,0.6911,2,False,,,0.3344,,V3
trapezoid-asym-45-65x100,multigenerational.none,staged_final,V2,2,2126.8,1700.2,426.5,0.3867,0.59,0.3091,,fits,,A,2380.0,3589.8,0.6554,0.8713,1,True,separation,V1,0.3344,,
trapezoid-asym-45-65x100,multigenerational.latino,minimum,V0,1,1523.7,1523.7,0,0.277,0.59,0.277,,fits,,A,2651.2,3766.2,0.4696,0.9136,1,True,stair_independence,V1,0.2248,,
trapezoid-asym-45-65x100,multigenerational.latino,minimum,V1,2,1643.8,1212.0,431.8,0.2989,0.59,0.2204,,fits,,A,3119.1,4078.0,0.5065,0.898,2,False,,,0.2466,,V3
trapezoid-asym-45-65x100,multigenerational.latino,minimum,V2,2,1643.8,1370.4,273.3,0.2989,0.59,0.2492,,fits,,A,2883.1,3919.6,0.5065,0.8868,3,False,,,0.2466,,
trapezoid-asym-45-65x100,multigenerational.latino,optimum,V0,1,1811.2,1811.2,0,0.3293,0.59,0.3293,,fits,,A,2207.1,3478.8,0.5582,0.882,1,True,stair_independence,V1,0.277,,
trapezoid-asym-45-65x100,multigenerational.latino,optimum,V1,2,1931.2,1370.1,561.1,0.3511,0.59,0.2491,,fits,,A,2883.5,3919.9,0.5951,0.8754,2,False,,,0.2989,,V3
trapezoid-asym-45-65x100,multigenerational.latino,optimum,V2,2,1931.2,1659.9,271.3,0.3511,0.59,0.3018,,fits,,A,2442.3,3630.1,0.5951,0.8584,3,False,,,0.2989,,
trapezoid-asym-45-65x100,multigenerational.latino,maximum,V0,1,3133.7,3133.7,0,0.5698,0.59,0.5698,,fits,,B3,1125.9,2006.3,0.9657,0.7102,4,False,,,0.482,,
trapezoid-asym-45-65x100,multigenerational.latino,maximum,V1,2,3179.0,2065.6,1113.4,0.578,0.59,0.3756,,fits,,A,1804.0,3074.4,0.9797,0.7426,1,True,open_area,V2,0.4902,,
trapezoid-asym-45-65x100,multigenerational.latino,maximum,V2,2,3179.0,2565.5,613.5,0.578,0.59,0.4665,,fits_small_garden,,A,984.3,2574.5,0.9797,0.7399,2,False,,,0.4902,,
trapezoid-asym-45-65x100,multigenerational.latino,maximum,V3,2,3179.0,2196.5,982.5,0.578,0.59,0.3994,,fits,,A,1592.9,2943.5,0.9797,0.7352,3,False,,,0.4902,,
trapezoid-asym-45-65x100,multigenerational.latino,maximum,V4,2,3179.0,2988.1,190.9,0.578,0.59,0.5433,,fits,,B2,1293.8,2151.9,0.9797,0.667,5,False,,,0.4902,,
trapezoid-asym-45-65x100,multigenerational.latino,accessible,V0,1,1841.1,1841.1,0,0.3348,0.59,0.3348,,fits,,A,2160.2,3448.9,0.5674,0.8787,1,True,stair_independence,V1,0.2825,,
trapezoid-asym-45-65x100,multigenerational.latino,accessible,V1,2,1961.1,1400.4,560.7,0.3566,0.59,0.2546,,fits,,A,2837.9,3889.6,0.6044,0.8744,2,False,,,0.3043,,V3
trapezoid-asym-45-65x100,multigenerational.latino,accessible,V2,2,1961.2,1690.0,271.1,0.3566,0.59,0.3073,,fits,,A,2395.8,3600.0,0.6044,0.855,3,False,,,0.3043,,
trapezoid-asym-45-65x100,multigenerational.latino,staged_final,V0,1,2006.7,2006.7,0,0.3649,0.59,0.3649,,fits,,A,1898.1,3283.2,0.6184,0.6865,3,False,,,0.3126,,
trapezoid-asym-45-65x100,multigenerational.latino,staged_final,V1,2,2126.8,1411.9,714.9,0.3867,0.59,0.2567,,fits,,A,2820.7,3878.1,0.6554,0.6911,2,False,,,0.3344,,V3
trapezoid-asym-45-65x100,multigenerational.latino,staged_final,V2,2,2126.8,1700.2,426.5,0.3867,0.59,0.3091,,fits,,A,2380.0,3589.8,0.6554,0.8713,1,True,separation,V1,0.3344,,
trapezoid-asym-45-65x100,multigenerational.anglo,minimum,V0,1,1523.7,1523.7,0,0.277,0.59,0.277,,fits,,A,2651.2,3766.2,0.4696,0.9136,1,True,stair_independence,V1,0.2248,,
trapezoid-asym-45-65x100,multigenerational.anglo,minimum,V1,2,1643.7,1193.7,450.1,0.2989,0.59,0.217,,fits,,A,3146.1,4096.3,0.5065,0.8963,2,False,,,0.2466,,V3
trapezoid-asym-45-65x100,multigenerational.anglo,minimum,V2,2,1643.8,1370.4,273.3,0.2989,0.59,0.2492,,fits,,A,2883.1,3919.6,0.5065,0.8868,3,False,,,0.2466,,
trapezoid-asym-45-65x100,multigenerational.anglo,optimum,V0,1,2001.0,2001.0,0,0.3638,0.59,0.3638,,fits,,A,1907.3,3289.0,0.6166,0.8611,1,True,stair_independence,V1,0.3115,,
trapezoid-asym-45-65x100,multigenerational.anglo,optimum,V1,2,2121.0,1496.2,624.8,0.3856,0.59,0.272,,fits,,A,2693.2,3793.8,0.6536,0.8584,2,False,,,0.3334,,V3
trapezoid-asym-45-65x100,multigenerational.anglo,optimum,V2,2,2121.0,1850.7,270.3,0.3856,0.59,0.3365,,fits,,A,2145.2,3439.3,0.6536,0.8371,3,False,,,0.3334,,
trapezoid-asym-45-65x100,multigenerational.anglo,maximum,V0,1,3185.5,3185.5,0,0.5792,0.59,0.5792,,fits_small_garden,,B3,1066.3,1954.5,0.9817,0.7045,4,False,,,0.4914,,
trapezoid-asym-45-65x100,multigenerational.anglo,maximum,V1,2,3202.0,2082.9,1119.1,0.5822,0.59,0.3787,,fits,,A,1776.2,3057.1,0.9867,0.7401,1,True,open_area,V2,0.4944,,
trapezoid-asym-45-65x100,multigenerational.anglo,maximum,V2,2,3202.0,2594.6,607.4,0.5822,0.59,0.4717,,fits_small_garden,,A,935.4,2545.4,0.9867,0.737,2,False,,,0.4944,,
trapezoid-asym-45-65x100,multigenerational.anglo,maximum,V3,2,3202.0,2213.8,988.2,0.5822,0.59,0.4025,,fits,,A,1564.8,2926.2,0.9867,0.7327,3,False,,,0.4944,,
trapezoid-asym-45-65x100,multigenerational.anglo,maximum,V4,2,3202.0,3011.1,190.9,0.5822,0.59,0.5475,,fits,,B2,1267.2,2128.9,0.9867,0.6645,5,False,,,0.4944,,
trapezoid-asym-45-65x100,multigenerational.anglo,accessible,V0,1,2030.9,2030.9,0,0.3693,0.59,0.3693,,fits,,A,1859.6,3259.1,0.6259,0.8578,1,True,stair_independence,V1,0.317,,
trapezoid-asym-45-65x100,multigenerational.anglo,accessible,V1,2,2150.9,1526.4,624.5,0.3911,0.59,0.2775,,fits,,A,2647.1,3763.6,0.6628,0.8558,2,False,,,0.3388,,V3
trapezoid-asym-45-65x100,multigenerational.anglo,accessible,V2,2,2150.9,1880.7,270.2,0.3911,0.59,0.3419,,fits,,A,2097.9,3409.3,0.6628,0.8338,3,False,,,0.3388,,
trapezoid-asym-45-65x100,multigenerational.anglo,staged_final,V0,1,2150.5,2150.5,0,0.391,0.59,0.391,,fits,,A,1667.4,3139.5,0.6627,0.6707,3,False,,,0.3387,,
trapezoid-asym-45-65x100,multigenerational.anglo,staged_final,V1,2,2270.5,1491.7,778.8,0.4128,0.59,0.2712,,fits,,A,2700.0,3798.3,0.6997,0.6768,2,False,,,0.3605,,V3
trapezoid-asym-45-65x100,multigenerational.anglo,staged_final,V2,2,2270.5,1845.1,425.4,0.4128,0.59,0.3355,,fits,,A,2154.0,3444.9,0.6997,0.8554,1,True,separation,V1,0.3605,,
trapezoid-asym-45-65x100,empty_nest.none,minimum,V0,1,1155.8,1155.8,0,0.2101,0.59,0.2101,,fits,,A,3201.9,4134.2,0.3562,0.9406,1,True,stair_independence,V1,0.1579,,
trapezoid-asym-45-65x100,empty_nest.none,minimum,V1,2,1275.8,998.3,277.5,0.232,0.59,0.1815,,fits,,A,3431.6,4291.7,0.3931,0.8603,2,False,,,0.1797,,
trapezoid-asym-45-65x100,empty_nest.none,optimum,V0,1,1431.8,1431.8,0,0.2603,0.59,0.2603,,fits,,A,2790.7,3858.2,0.4412,0.9265,1,True,only_feasible,,0.208,,
trapezoid-asym-45-65x100,empty_nest.none,maximum,V0,1,2133.2,2133.2,0,0.3879,0.59,0.3879,,fits,,A,1695.3,3006.8,0.6574,0.8369,1,True,upper_efficiency,V1,0.3,,
trapezoid-asym-45-65x100,empty_nest.none,maximum,V1,2,2253.2,1981.7,271.5,0.4097,0.59,0.3603,,fits,,A,1938.0,3158.3,0.6944,0.8127,2,False,,,0.3219,,V2
trapezoid-asym-45-65x100,empty_nest.none,maximum,V4,2,2253.2,2048.2,205.0,0.4097,0.59,0.3724,,fits,,A,1831.9,3091.8,0.6944,0.7914,3,False,,,0.3219,,
trapezoid-asym-45-65x100,empty_nest.none,accessible,V0,1,1461.6,1461.6,0,0.2658,0.59,0.2658,,fits,,A,2745.5,3828.4,0.4504,0.924,1,True,only_feasible,,0.2135,,
trapezoid-asym-45-65x100,empty_nest.none,staged_final,V0,1,1431.8,1431.8,0,0.2603,0.59,0.2603,,fits,,A,2790.7,3858.2,0.4412,0.9265,1,True,only_feasible,,0.208,,
trapezoid-asym-45-65x100,empty_nest.latino,minimum,V0,1,1155.8,1155.8,0,0.2101,0.59,0.2101,,fits,,A,3201.9,4134.2,0.3562,0.9406,1,True,stair_independence,V1,0.1579,,
trapezoid-asym-45-65x100,empty_nest.latino,minimum,V1,2,1275.8,998.3,277.5,0.232,0.59,0.1815,,fits,,A,3431.6,4291.7,0.3931,0.8603,2,False,,,0.1797,,
trapezoid-asym-45-65x100,empty_nest.latino,optimum,V0,1,1431.8,1431.8,0,0.2603,0.59,0.2603,,fits,,A,2790.7,3858.2,0.4412,0.9265,1,True,only_feasible,,0.208,,
trapezoid-asym-45-65x100,empty_nest.latino,maximum,V0,1,2185.0,2185.0,0,0.3973,0.59,0.3973,,fits,,A,1611.6,2955.0,0.6733,0.832,1,True,upper_efficiency,V1,0.3095,,
trapezoid-asym-45-65x100,empty_nest.latino,maximum,V1,2,2305.0,2033.7,271.3,0.4191,0.59,0.3698,,fits,,A,1855.0,3106.3,0.7103,0.8078,2,False,,,0.3313,,V2
trapezoid-asym-45-65x100,empty_nest.latino,maximum,V4,2,2305.0,2100.1,204.9,0.4191,0.59,0.3818,,fits,,A,1748.6,3039.9,0.7103,0.7864,3,False,,,0.3313,,
trapezoid-asym-45-65x100,empty_nest.latino,accessible,V0,1,1461.6,1461.6,0,0.2658,0.59,0.2658,,fits,,A,2745.5,3828.4,0.4504,0.924,1,True,only_feasible,,0.2135,,
trapezoid-asym-45-65x100,empty_nest.latino,staged_final,V0,1,1431.8,1431.8,0,0.2603,0.59,0.2603,,fits,,A,2790.7,3858.2,0.4412,0.9265,1,True,only_feasible,,0.208,,
trapezoid-asym-45-65x100,empty_nest.anglo,minimum,V0,1,1155.8,1155.8,0,0.2101,0.59,0.2101,,fits,,A,3201.9,4134.2,0.3562,0.943,1,True,stair_independence,V1,0.1579,,
trapezoid-asym-45-65x100,empty_nest.anglo,minimum,V1,2,1275.8,979.6,296.1,0.232,0.59,0.1781,,fits,,A,3458.5,4310.4,0.3931,0.8647,2,False,,,0.1797,,
trapezoid-asym-45-65x100,empty_nest.anglo,optimum,V0,1,1558.2,1558.2,0,0.2833,0.59,0.2833,,fits,,A,2598.5,3731.8,0.4802,0.917,1,True,only_feasible,,0.231,,
trapezoid-asym-45-65x100,empty_nest.anglo,maximum,V0,1,2277.0,2277.0,0,0.414,0.59,0.414,,fits,,A,1461.9,2863.0,0.7017,0.8201,1,True,upper_efficiency,V1,0.3262,,
trapezoid-asym-45-65x100,empty_nest.anglo,maximum,V1,2,2397.0,2126.2,270.8,0.4358,0.59,0.3866,,fits,,A,1706.7,3013.8,0.7387,0.7983,2,False,,,0.348,,V2
trapezoid-asym-45-65x100,empty_nest.anglo,maximum,V4,2,2397.0,2192.4,204.6,0.4358,0.59,0.3986,,fits,,A,1599.5,2947.6,0.7387,0.7772,3,False,,,0.348,,
trapezoid-asym-45-65x100,empty_nest.anglo,accessible,V0,1,1588.1,1588.1,0,0.2888,0.59,0.2888,,fits,,A,2552.7,3701.9,0.4894,0.914,1,True,only_feasible,,0.2365,,
trapezoid-asym-45-65x100,empty_nest.anglo,staged_final,V0,1,1558.2,1558.2,0,0.2833,0.59,0.2833,,fits,,A,2598.5,3731.8,0.4802,0.917,1,True,only_feasible,,0.231,,
trapezoid-asym-45-65x100,remote_work.none,minimum,V0,1,1282.2,1282.2,0,0.2331,0.59,0.2331,,fits,,A,3014.9,4007.8,0.3951,0.921,1,True,stair_independence,V1,0.1809,,
trapezoid-asym-45-65x100,remote_work.none,minimum,V1,2,1402.2,990.9,411.4,0.255,0.59,0.1802,,fits,,A,3442.3,4299.1,0.4321,0.8931,2,False,,,0.2027,,
trapezoid-asym-45-65x100,remote_work.none,minimum,V2,2,1402.2,1151.1,251.1,0.255,0.59,0.2093,,fits,,A,3208.7,4138.9,0.4321,0.8773,3,False,,,0.2027,,
trapezoid-asym-45-65x100,remote_work.none,minimum,V4,2,1402.2,1206.6,195.6,0.255,0.59,0.2194,,fits,,A,3127.0,4083.4,0.4321,0.8588,4,False,,,0.2027,,
trapezoid-asym-45-65x100,remote_work.none,optimum,V0,1,1656.0,1656.0,0,0.3011,0.59,0.3011,,fits,,A,2448.4,3634.0,0.5103,0.8867,2,False,,,0.2488,,
trapezoid-asym-45-65x100,remote_work.none,optimum,V1,2,1776.0,1103.3,672.7,0.3229,0.59,0.2006,,fits,,A,3278.8,4186.7,0.5473,0.8574,4,False,,,0.2706,,
trapezoid-asym-45-65x100,remote_work.none,optimum,V2,2,1776.0,1394.5,381.5,0.3229,0.59,0.2535,,fits,,A,2846.9,3895.5,0.5473,0.8905,1,True,open_area,V0,0.2706,,
trapezoid-asym-45-65x100,remote_work.none,optimum,V4,2,1776.0,1449.1,326.9,0.3229,0.59,0.2635,,fits,,A,2764.5,3840.9,0.5473,0.879,3,False,,,0.2706,,
trapezoid-asym-45-65x100,remote_work.none,maximum,V0,1,2208.0,2208.0,0,0.4015,0.59,0.4015,,fits,,A,1574.3,3082.0,0.6804,0.824,3,False,,,0.3492,,
trapezoid-asym-45-65x100,remote_work.none,maximum,V1,2,2328.0,1236.4,1091.6,0.4233,0.59,0.2248,,fits,,A,3082.9,4053.6,0.7174,0.8132,4,False,,,0.371,,
trapezoid-asym-45-65x100,remote_work.none,maximum,V2,2,2328.0,1743.1,584.9,0.4233,0.59,0.3169,,fits,,A,2313.4,3546.9,0.7174,0.8408,1,True,open_area,V4,0.371,,
trapezoid-asym-45-65x100,remote_work.none,maximum,V4,2,2328.0,1809.5,518.5,0.4233,0.59,0.329,,fits,,A,2209.8,3480.5,0.7174,0.8373,2,False,,,0.371,,
trapezoid-asym-45-65x100,remote_work.none,accessible,V0,1,1685.9,1685.9,0,0.3065,0.59,0.3065,,fits,,A,2402.2,3604.1,0.5195,0.8833,1,True,upper_efficiency,V1,0.2543,,
trapezoid-asym-45-65x100,remote_work.none,accessible,V1,2,1805.9,1479.3,326.6,0.3283,0.59,0.269,,fits,,A,2718.8,3810.7,0.5565,0.8755,2,False,,,0.2761,,"V2,V4"
trapezoid-asym-45-65x100,remote_work.none,staged_final,V0,1,1656.0,1656.0,0,0.3011,0.59,0.3011,,fits,,A,2448.4,3634.0,0.5103,0.8867,2,False,,,0.2488,,
trapezoid-asym-45-65x100,remote_work.none,staged_final,V1,2,1776.0,1103.3,672.7,0.3229,0.59,0.2006,,fits,,A,3278.8,4186.7,0.5473,0.8574,4,False,,,0.2706,,
trapezoid-asym-45-65x100,remote_work.none,staged_final,V2,2,1776.0,1394.5,381.5,0.3229,0.59,0.2535,,fits,,A,2846.9,3895.5,0.5473,0.8905,1,True,open_area,V0,0.2706,,
trapezoid-asym-45-65x100,remote_work.none,staged_final,V4,2,1776.0,1449.1,326.9,0.3229,0.59,0.2635,,fits,,A,2764.5,3840.9,0.5473,0.879,3,False,,,0.2706,,
trapezoid-asym-45-65x100,remote_work.latino,minimum,V0,1,1282.2,1282.2,0,0.2331,0.59,0.2331,,fits,,A,3014.9,4007.8,0.3951,0.921,1,True,stair_independence,V1,0.1809,,
trapezoid-asym-45-65x100,remote_work.latino,minimum,V1,2,1402.2,990.9,411.4,0.255,0.59,0.1802,,fits,,A,3442.3,4299.1,0.4321,0.8931,2,False,,,0.2027,,
trapezoid-asym-45-65x100,remote_work.latino,minimum,V2,2,1402.2,1151.1,251.1,0.255,0.59,0.2093,,fits,,A,3208.7,4138.9,0.4321,0.8773,3,False,,,0.2027,,
trapezoid-asym-45-65x100,remote_work.latino,minimum,V4,2,1402.2,1206.6,195.6,0.255,0.59,0.2194,,fits,,A,3127.0,4083.4,0.4321,0.8588,4,False,,,0.2027,,
trapezoid-asym-45-65x100,remote_work.latino,optimum,V0,1,1656.0,1656.0,0,0.3011,0.59,0.3011,,fits,,A,2448.4,3634.0,0.5103,0.8867,2,False,,,0.2488,,
trapezoid-asym-45-65x100,remote_work.latino,optimum,V1,2,1776.0,1103.3,672.7,0.3229,0.59,0.2006,,fits,,A,3278.8,4186.7,0.5473,0.8574,4,False,,,0.2706,,
trapezoid-asym-45-65x100,remote_work.latino,optimum,V2,2,1776.0,1394.5,381.5,0.3229,0.59,0.2535,,fits,,A,2846.9,3895.5,0.5473,0.8905,1,True,open_area,V0,0.2706,,
trapezoid-asym-45-65x100,remote_work.latino,optimum,V4,2,1776.0,1449.1,326.9,0.3229,0.59,0.2635,,fits,,A,2764.5,3840.9,0.5473,0.879,3,False,,,0.2706,,
trapezoid-asym-45-65x100,remote_work.latino,maximum,V0,1,2432.2,2432.2,0,0.4422,0.59,0.4422,,fits,,A,1206.4,2857.8,0.7495,0.7985,4,False,,,0.39,,
trapezoid-asym-45-65x100,remote_work.latino,maximum,V1,2,2552.2,1465.3,1086.9,0.464,0.59,0.2664,,fits,,A,2740.0,3824.7,0.7865,0.8053,3,False,,,0.4118,,
trapezoid-asym-45-65x100,remote_work.latino,maximum,V2,2,2552.2,1969.8,582.5,0.464,0.59,0.3581,,fits,,A,1957.0,3320.2,0.7865,0.8152,1,True,open_area,V4,0.4118,,
trapezoid-asym-45-65x100,remote_work.latino,maximum,V4,2,2552.2,2035.8,516.4,0.464,0.59,0.3702,,fits,,A,1851.7,3254.2,0.7865,0.8117,2,False,,,0.4118,,
trapezoid-asym-45-65x100,remote_work.latino,accessible,V0,1,1685.9,1685.9,0,0.3065,0.59,0.3065,,fits,,A,2402.2,3604.1,0.5195,0.8833,1,True,upper_efficiency,V1,0.2543,,
trapezoid-asym-45-65x100,remote_work.latino,accessible,V1,2,1805.9,1479.3,326.6,0.3283,0.59,0.269,,fits,,A,2718.8,3810.7,0.5565,0.8755,2,False,,,0.2761,,"V2,V4"
trapezoid-asym-45-65x100,remote_work.latino,staged_final,V0,1,1656.0,1656.0,0,0.3011,0.59,0.3011,,fits,,A,2448.4,3634.0,0.5103,0.8867,2,False,,,0.2488,,
trapezoid-asym-45-65x100,remote_work.latino,staged_final,V1,2,1776.0,1103.3,672.7,0.3229,0.59,0.2006,,fits,,A,3278.8,4186.7,0.5473,0.8574,4,False,,,0.2706,,
trapezoid-asym-45-65x100,remote_work.latino,staged_final,V2,2,1776.0,1394.5,381.5,0.3229,0.59,0.2535,,fits,,A,2846.9,3895.5,0.5473,0.8905,1,True,open_area,V0,0.2706,,
trapezoid-asym-45-65x100,remote_work.latino,staged_final,V4,2,1776.0,1449.1,326.9,0.3229,0.59,0.2635,,fits,,A,2764.5,3840.9,0.5473,0.879,3,False,,,0.2706,,
trapezoid-asym-45-65x100,remote_work.anglo,minimum,V0,1,1282.2,1282.2,0,0.2331,0.59,0.2331,,fits,,A,3014.9,4007.8,0.3951,0.9247,1,True,stair_independence,V1,0.1809,,
trapezoid-asym-45-65x100,remote_work.anglo,minimum,V1,2,1402.2,972.4,429.9,0.255,0.59,0.1768,,fits,,A,3469.0,4317.6,0.4321,0.8957,2,False,,,0.2027,,
trapezoid-asym-45-65x100,remote_work.anglo,minimum,V2,2,1402.2,1151.1,251.1,0.255,0.59,0.2093,,fits,,A,3208.7,4138.9,0.4321,0.8831,3,False,,,0.2027,,
trapezoid-asym-45-65x100,remote_work.anglo,minimum,V4,2,1402.2,1206.6,195.6,0.255,0.59,0.2194,,fits,,A,3127.0,4083.4,0.4321,0.8655,4,False,,,0.2027,,
trapezoid-asym-45-65x100,remote_work.anglo,optimum,V0,1,1736.5,1736.5,0,0.3157,0.59,0.3157,,fits,,A,2323.7,3553.5,0.5351,0.8797,2,False,,,0.2635,,
trapezoid-asym-45-65x100,remote_work.anglo,optimum,V1,2,1856.5,1167.2,689.3,0.3375,0.59,0.2122,,fits,,A,3185.0,4122.8,0.5721,0.8575,4,False,,,0.2853,,
trapezoid-asym-45-65x100,remote_work.anglo,optimum,V2,2,1856.5,1475.8,380.7,0.3375,0.59,0.2683,,fits,,A,2724.0,3814.2,0.5721,0.8888,1,True,open_area,V0,0.2853,,
trapezoid-asym-45-65x100,remote_work.anglo,optimum,V4,2,1856.5,1530.3,326.2,0.3375,0.59,0.2782,,fits,,A,2641.2,3759.7,0.5721,0.8747,3,False,,,0.2853,,
trapezoid-asym-45-65x100,remote_work.anglo,maximum,V0,1,2317.2,2317.2,0,0.4213,0.59,0.4213,,fits,,A,1396.0,2972.8,0.7141,0.8097,4,False,,,0.369,,
trapezoid-asym-45-65x100,remote_work.anglo,maximum,V1,2,2437.2,1324.0,1113.3,0.4431,0.59,0.2407,,fits,,A,2952.7,3966.0,0.7511,0.8144,3,False,,,0.3909,,
trapezoid-asym-45-65x100,remote_work.anglo,maximum,V2,2,2437.2,1853.6,583.6,0.4431,0.59,0.337,,fits,,A,2140.6,3436.4,0.7511,0.8314,1,True,open_area,V4,0.3909,,
trapezoid-asym-45-65x100,remote_work.anglo,maximum,V4,2,2437.2,1919.8,517.4,0.4431,0.59,0.3491,,fits,,A,2036.2,3370.2,0.7511,0.8273,2,False,,,0.3909,,
trapezoid-asym-45-65x100,remote_work.anglo,accessible,V0,1,1766.4,1766.4,0,0.3212,0.59,0.3212,,fits,,A,2277.1,3523.6,0.5443,0.8761,1,True,upper_efficiency,V1,0.2689,,
trapezoid-asym-45-65x100,remote_work.anglo,accessible,V1,2,1886.4,1560.4,326.0,0.343,0.59,0.2837,,fits,,A,2595.2,3729.6,0.5813,0.871,2,False,,,0.2907,,"V2,V4"
trapezoid-asym-45-65x100,remote_work.anglo,staged_final,V0,1,1736.5,1736.5,0,0.3157,0.59,0.3157,,fits,,A,2323.7,3553.5,0.5351,0.8797,2,False,,,0.2635,,
trapezoid-asym-45-65x100,remote_work.anglo,staged_final,V1,2,1856.5,1167.2,689.3,0.3375,0.59,0.2122,,fits,,A,3185.0,4122.8,0.5721,0.8575,4,False,,,0.2853,,
trapezoid-asym-45-65x100,remote_work.anglo,staged_final,V2,2,1856.5,1475.8,380.7,0.3375,0.59,0.2683,,fits,,A,2724.0,3814.2,0.5721,0.8888,1,True,open_area,V0,0.2853,,
trapezoid-asym-45-65x100,remote_work.anglo,staged_final,V4,2,1856.5,1530.3,326.2,0.3375,0.59,0.2782,,fits,,A,2641.2,3759.7,0.5721,0.8747,3,False,,,0.2853,,
trapezoid-asym-45-65x100,shared_adults.none,minimum,V0,1,1506.5,1506.5,0,0.2739,0.59,0.2739,,fits,,A,2677.4,3783.5,0.4643,0.8215,2,False,,,0.2216,,
trapezoid-asym-45-65x100,shared_adults.none,minimum,V1,2,1626.5,981.0,645.5,0.2957,0.59,0.1784,,fits,,A,3456.6,4309.0,0.5012,0.9089,1,True,separation,V0,0.2435,,
trapezoid-asym-45-65x100,shared_adults.none,optimum,V0,1,1736.5,1736.5,0,0.3157,0.59,0.3157,,fits,,A,2323.7,3553.5,0.5351,0.7978,2,False,,,0.2635,,
trapezoid-asym-45-65x100,shared_adults.none,optimum,V1,2,1856.5,1161.2,695.3,0.3375,0.59,0.2111,,fits,,A,3193.9,4128.8,0.5721,0.896,1,True,separation,V0,0.2853,,
trapezoid-asym-45-65x100,shared_adults.none,maximum,V0,1,2420.8,2420.8,0,0.4401,0.59,0.4401,,fits,,A,1225.4,2719.2,0.746,0.7015,2,False,,,0.3523,,
trapezoid-asym-45-65x100,shared_adults.none,maximum,V1,2,2540.7,1597.7,943.0,0.462,0.59,0.2905,,fits,,A,2538.0,3542.3,0.783,0.8246,1,True,separation,V0,0.3741,,
trapezoid-asym-45-65x100,shared_adults.none,maximum,V4,2,2540.8,2336.6,204.2,0.462,0.59,0.4248,,fits,,A,1364.2,2803.4,0.783,0.6515,3,False,,,0.3741,,
trapezoid-asym-45-65x100,shared_adults.none,accessible,V0,1,1766.4,1766.4,0,0.3212,0.59,0.3212,,fits,,A,2277.1,3523.6,0.5443,0.7947,2,False,,,0.2689,,
trapezoid-asym-45-65x100,shared_adults.none,accessible,V1,2,1886.4,1403.2,483.2,0.343,0.59,0.2551,,fits,,A,2833.7,3886.8,0.5813,0.862,1,True,separation,V0,0.2907,,
trapezoid-asym-45-65x100,shared_adults.none,staged_final,V0,1,1736.5,1736.5,0,0.3157,0.59,0.3157,,fits,,A,2323.7,3553.5,0.5351,0.7978,2,False,,,0.2635,,
trapezoid-asym-45-65x100,shared_adults.none,staged_final,V1,2,1856.5,1161.2,695.3,0.3375,0.59,0.2111,,fits,,A,3193.9,4128.8,0.5721,0.896,1,True,separation,V0,0.2853,,
trapezoid-asym-45-65x100,shared_adults.latino,minimum,V0,1,1506.5,1506.5,0,0.2739,0.59,0.2739,,fits,,A,2677.4,3783.5,0.4643,0.8215,2,False,,,0.2216,,
trapezoid-asym-45-65x100,shared_adults.latino,minimum,V1,2,1626.5,981.0,645.5,0.2957,0.59,0.1784,,fits,,A,3456.6,4309.0,0.5012,0.9089,1,True,separation,V0,0.2435,,
trapezoid-asym-45-65x100,shared_adults.latino,optimum,V0,1,1736.5,1736.5,0,0.3157,0.59,0.3157,,fits,,A,2323.7,3553.5,0.5351,0.7978,2,False,,,0.2635,,
trapezoid-asym-45-65x100,shared_adults.latino,optimum,V1,2,1856.5,1161.2,695.3,0.3375,0.59,0.2111,,fits,,A,3193.9,4128.8,0.5721,0.896,1,True,separation,V0,0.2853,,
trapezoid-asym-45-65x100,shared_adults.latino,maximum,V0,1,2472.5,2472.5,0,0.4495,0.59,0.4495,,fits,,A,1139.6,2667.5,0.7619,0.6962,2,False,,,0.3617,,
trapezoid-asym-45-65x100,shared_adults.latino,maximum,V1,2,2592.5,1650.3,942.2,0.4714,0.59,0.3001,,fits,,A,2457.1,3489.7,0.7989,0.8192,1,True,separation,V0,0.3835,,
trapezoid-asym-45-65x100,shared_adults.latino,maximum,V4,2,2592.5,2388.5,204.0,0.4714,0.59,0.4343,,fits,,A,1278.8,2751.5,0.7989,0.6461,3,False,,,0.3835,,
trapezoid-asym-45-65x100,shared_adults.latino,accessible,V0,1,1766.4,1766.4,0,0.3212,0.59,0.3212,,fits,,A,2277.1,3523.6,0.5443,0.7947,2,False,,,0.2689,,
trapezoid-asym-45-65x100,shared_adults.latino,accessible,V1,2,1886.4,1403.2,483.2,0.343,0.59,0.2551,,fits,,A,2833.7,3886.8,0.5813,0.862,1,True,separation,V0,0.2907,,
trapezoid-asym-45-65x100,shared_adults.latino,staged_final,V0,1,1736.5,1736.5,0,0.3157,0.59,0.3157,,fits,,A,2323.7,3553.5,0.5351,0.7978,2,False,,,0.2635,,
trapezoid-asym-45-65x100,shared_adults.latino,staged_final,V1,2,1856.5,1161.2,695.3,0.3375,0.59,0.2111,,fits,,A,3193.9,4128.8,0.5721,0.896,1,True,separation,V0,0.2853,,
trapezoid-asym-45-65x100,shared_adults.anglo,minimum,V0,1,1506.5,1506.5,0,0.2739,0.59,0.2739,,fits,,A,2677.4,3783.5,0.4643,0.8285,2,False,,,0.2216,,
trapezoid-asym-45-65x100,shared_adults.anglo,minimum,V1,2,1626.5,962.7,663.8,0.2957,0.59,0.175,,fits,,A,3483.0,4327.3,0.5012,0.91,1,True,separation,V0,0.2435,,
trapezoid-asym-45-65x100,shared_adults.anglo,optimum,V0,1,1863.0,1863.0,0,0.3387,0.59,0.3387,,fits,,A,2125.8,3427.0,0.5741,0.7893,2,False,,,0.2865,,
trapezoid-asym-45-65x100,shared_adults.anglo,optimum,V1,2,1983.0,1223.6,759.4,0.3605,0.59,0.2225,,fits,,A,3101.9,4066.4,0.6111,0.8875,1,True,separation,V0,0.3083,,
trapezoid-asym-45-65x100,shared_adults.anglo,maximum,V0,1,2472.5,2472.5,0,0.4495,0.59,0.4495,,fits,,A,1139.6,2667.5,0.7619,0.696,2,False,,,0.3617,,
trapezoid-asym-45-65x100,shared_adults.anglo,maximum,V1,2,2592.5,1566.3,1026.2,0.4714,0.59,0.2848,,fits,,A,2586.2,3573.7,0.7989,0.821,1,True,separation,V0,0.3835,,
trapezoid-asym-45-65x100,shared_adults.anglo,maximum,V4,2,2592.5,2388.5,204.0,0.4714,0.59,0.4343,,fits,,A,1278.8,2751.5,0.7989,0.6491,3,False,,,0.3835,,
trapezoid-asym-45-65x100,shared_adults.anglo,accessible,V0,1,1892.9,1892.9,0,0.3442,0.59,0.3442,,fits,,A,2078.7,3397.1,0.5833,0.786,2,False,,,0.2919,,
trapezoid-asym-45-65x100,shared_adults.anglo,accessible,V1,2,2012.9,1464.9,548.0,0.366,0.59,0.2663,,fits,,A,2740.6,3825.1,0.6203,0.8536,1,True,separation,V0,0.3137,,
trapezoid-asym-45-65x100,shared_adults.anglo,staged_final,V0,1,1863.0,1863.0,0,0.3387,0.59,0.3387,,fits,,A,2125.8,3427.0,0.5741,0.7893,2,False,,,0.2865,,
trapezoid-asym-45-65x100,shared_adults.anglo,staged_final,V1,2,1983.0,1223.6,759.4,0.3605,0.59,0.2225,,fits,,A,3101.9,4066.4,0.6111,0.8875,1,True,separation,V0,0.3083,,
flag-70x80-pole20,young_couple.none,minimum,V0,1,1282.2,1282.2,0,0.229,0.59,0.229,,fits,,A,3028.7,3307.8,0.3881,0.9093,1,True,stair_independence,V1,0.1776,,
flag-70x80-pole20,young_couple.none,minimum,V1,2,1402.2,990.9,411.4,0.2504,0.59,0.1769,,fits,,A,3374.4,3599.1,0.4244,0.8985,2,False,,,0.1991,,
flag-70x80-pole20,young_couple.none,minimum,V2,2,1402.2,1151.1,251.1,0.2504,0.59,0.2056,,fits,,A,3184.2,3438.9,0.4244,0.8786,3,False,,,0.1991,,
flag-70x80-pole20,young_couple.none,minimum,V4,2,1402.2,1206.6,195.6,0.2504,0.59,0.2155,,fits,,A,3118.4,3383.4,0.4244,0.8608,4,False,,,0.1991,,
flag-70x80-pole20,young_couple.none,optimum,V0,1,1604.2,1604.2,0,0.2865,0.59,0.2865,,fits,,A,2646.7,2985.8,0.4855,0.8794,1,True,stair_independence,V1,0.2351,,
flag-70x80-pole20,young_couple.none,optimum,V1,2,1724.2,1184.2,540.1,0.3079,0.59,0.2115,,fits,,A,3145.0,3405.8,0.5219,0.8659,2,False,,,0.2566,,
flag-70x80-pole20,young_couple.none,optimum,V2,2,1724.2,1475.9,248.4,0.3079,0.59,0.2635,,fits,,A,2799.0,3114.1,0.5219,0.8478,3,False,,,0.2566,,
flag-70x80-pole20,young_couple.none,optimum,V4,2,1724.2,1530.6,193.7,0.3079,0.59,0.2733,,fits,,A,2734.1,3059.4,0.5219,0.8302,4,False,,,0.2566,,
flag-70x80-pole20,young_couple.none,maximum,V0,1,2334.5,2334.5,0,0.4169,0.59,0.4169,,fits,,A,1780.3,2105.5,0.7066,0.8051,3,False,,,0.3306,,
flag-70x80-pole20,young_couple.none,maximum,V1,2,2454.5,1522.1,932.4,0.4383,0.59,0.2718,,fits,,A,2744.2,2917.9,0.7429,0.7999,4,False,,,0.3521,,
flag-70x80-pole20,young_couple.none,maximum,V2,2,2454.5,2027.5,427.0,0.4383,0.59,0.362,,fits,,A,2144.5,2412.5,0.7429,0.8121,1,True,open_area,V4,0.3521,,
flag-70x80-pole20,young_couple.none,maximum,V4,2,2454.5,2093.7,360.8,0.4383,0.59,0.3739,,fits,,A,2066.0,2346.3,0.7429,0.8093,2,False,,,0.3521,,
flag-70x80-pole20,young_couple.none,accessible,V0,1,1634.1,1634.1,0,0.2918,0.59,0.2918,,fits,,A,2611.2,2955.9,0.4946,0.8766,1,True,upper_efficiency,V1,0.2405,,
flag-70x80-pole20,young_couple.none,accessible,V1,2,1754.1,1560.6,193.5,0.3132,0.59,0.2787,,fits,,A,2698.4,3029.4,0.5309,0.8274,2,False,,,0.2619,,"V2,V4"
flag-70x80-pole20,young_couple.none,staged_final,V0,1,1782.5,1782.5,0,0.3183,0.59,0.3183,,fits,,A,2435.2,2807.5,0.5395,0.8628,2,False,,,0.267,,
flag-70x80-pole20,young_couple.none,staged_final,V1,2,1902.5,1208.1,694.4,0.3397,0.59,0.2157,,fits,,A,3116.7,3381.9,0.5758,0.8567,3,False,,,0.2884,,
flag-70x80-pole20,young_couple.none,staged_final,V2,2,1902.5,1498.1,404.4,0.3397,0.59,0.2675,,fits,,A,2772.6,3091.9,0.5758,0.8688,1,True,open_area,V0,0.2884,,
flag-70x80-pole20,young_couple.none,staged_final,V4,2,1902.5,1709.6,192.9,0.3397,0.59,0.3053,,fits,,A,2521.7,2880.4,0.5758,0.8134,4,False,,,0.2884,,
flag-70x80-pole20,young_couple.latino,minimum,V0,1,1282.2,1282.2,0,0.229,0.59,0.229,,fits,,A,3028.7,3307.8,0.3881,0.9093,1,True,stair_independence,V1,0.1776,,
flag-70x80-pole20,young_couple.latino,minimum,V1,2,1402.2,990.9,411.4,0.2504,0.59,0.1769,,fits,,A,3374.4,3599.1,0.4244,0.8985,2,False,,,0.1991,,
flag-70x80-pole20,young_couple.latino,minimum,V2,2,1402.2,1151.1,251.1,0.2504,0.59,0.2056,,fits,,A,3184.2,3438.9,0.4244,0.8786,3,False,,,0.1991,,
flag-70x80-pole20,young_couple.latino,minimum,V4,2,1402.2,1206.6,195.6,0.2504,0.59,0.2155,,fits,,A,3118.4,3383.4,0.4244,0.8608,4,False,,,0.1991,,
flag-70x80-pole20,young_couple.latino,optimum,V0,1,1604.2,1604.2,0,0.2865,0.59,0.2865,,fits,,A,2646.7,2985.8,0.4855,0.8794,1,True,stair_independence,V1,0.2351,,
flag-70x80-pole20,young_couple.latino,optimum,V1,2,1724.2,1184.2,540.1,0.3079,0.59,0.2115,,fits,,A,3145.0,3405.8,0.5219,0.8659,2,False,,,0.2566,,
flag-70x80-pole20,young_couple.latino,optimum,V2,2,1724.2,1475.9,248.4,0.3079,0.59,0.2635,,fits,,A,2799.0,3114.1,0.5219,0.8478,3,False,,,0.2566,,
flag-70x80-pole20,young_couple.latino,optimum,V4,2,1724.2,1530.6,193.7,0.3079,0.59,0.2733,,fits,,A,2734.1,3059.4,0.5219,0.8302,4,False,,,0.2566,,
flag-70x80-pole20,young_couple.latino,maximum,V0,1,2386.2,2386.2,0,0.4261,0.59,0.4261,,fits,,A,1718.9,2053.8,0.7222,0.8003,3,False,,,0.3399,,
flag-70x80-pole20,young_couple.latino,maximum,V1,2,2506.2,1574.7,931.6,0.4475,0.59,0.2812,,fits,,A,2681.7,2865.3,0.7586,0.7965,4,False,,,0.3613,,
flag-70x80-pole20,young_couple.latino,maximum,V2,2,2506.2,2079.6,426.7,0.4475,0.59,0.3714,,fits,,A,2082.7,2360.4,0.7586,0.8073,1,True,open_area,V4,0.3613,,
flag-70x80-pole20,young_couple.latino,maximum,V4,2,2506.2,2145.7,360.5,0.4475,0.59,0.3832,,fits,,A,2004.2,2294.3,0.7586,0.8045,2,False,,,0.3613,,
flag-70x80-pole20,young_couple.latino,accessible,V0,1,1634.1,1634.1,0,0.2918,0.59,0.2918,,fits,,A,2611.2,2955.9,0.4946,0.8766,1,True,upper_efficiency,V1,0.2405,,
flag-70x80-pole20,young_couple.latino,accessible,V1,2,1754.1,1560.6,193.5,0.3132,0.59,0.2787,,fits,,A,2698.4,3029.4,0.5309,0.8274,2,False,,,0.2619,,"V2,V4"
flag-70x80-pole20,young_couple.latino,staged_final,V0,1,1782.5,1782.5,0,0.3183,0.59,0.3183,,fits,,A,2435.2,2807.5,0.5395,0.8628,2,False,,,0.267,,
flag-70x80-pole20,young_couple.latino,staged_final,V1,2,1902.5,1208.1,694.4,0.3397,0.59,0.2157,,fits,,A,3116.7,3381.9,0.5758,0.8567,3,False,,,0.2884,,
flag-70x80-pole20,young_couple.latino,staged_final,V2,2,1902.5,1498.1,404.4,0.3397,0.59,0.2675,,fits,,A,2772.6,3091.9,0.5758,0.8688,1,True,open_area,V0,0.2884,,
flag-70x80-pole20,young_couple.latino,staged_final,V4,2,1902.5,1709.6,192.9,0.3397,0.59,0.3053,,fits,,A,2521.7,2880.4,0.5758,0.8134,4,False,,,0.2884,,
flag-70x80-pole20,young_couple.anglo,minimum,V0,1,1282.2,1282.2,0,0.229,0.59,0.229,,fits,,A,3028.7,3307.8,0.3881,0.9067,1,True,stair_independence,V1,0.1776,,
flag-70x80-pole20,young_couple.anglo,minimum,V1,2,1402.2,972.4,429.9,0.2504,0.59,0.1736,,fits,,A,3396.3,3617.6,0.4244,0.8982,2,False,,,0.1991,,
flag-70x80-pole20,young_couple.anglo,minimum,V2,2,1402.2,1151.1,251.1,0.2504,0.59,0.2056,,fits,,A,3184.2,3438.9,0.4244,0.8785,3,False,,,0.1991,,
flag-70x80-pole20,young_couple.anglo,minimum,V4,2,1402.2,1206.6,195.6,0.2504,0.59,0.2155,,fits,,A,3118.4,3383.4,0.4244,0.8609,4,False,,,0.1991,,
flag-70x80-pole20,young_couple.anglo,optimum,V0,1,1684.7,1684.7,0,0.3008,0.59,0.3008,,fits,,A,2551.1,2905.2,0.5099,0.8666,1,True,stair_independence,V1,0.2495,,
flag-70x80-pole20,young_couple.anglo,optimum,V1,2,1804.7,1247.8,556.9,0.3223,0.59,0.2228,,fits,,A,3069.5,3342.2,0.5462,0.8573,2,False,,,0.2709,,
flag-70x80-pole20,young_couple.anglo,optimum,V2,2,1804.8,1556.9,247.9,0.3223,0.59,0.278,,fits,,A,2702.9,3033.1,0.5462,0.8375,3,False,,,0.2709,,
flag-70x80-pole20,young_couple.anglo,optimum,V4,2,1804.7,1611.4,193.3,0.3223,0.59,0.2878,,fits,,A,2638.1,2978.6,0.5462,0.8201,4,False,,,0.2709,,
flag-70x80-pole20,young_couple.anglo,maximum,V0,1,2426.5,2426.5,0,0.4333,0.59,0.4333,,fits,,A,1671.1,2013.5,0.7344,0.7852,4,False,,,0.3471,,
flag-70x80-pole20,young_couple.anglo,maximum,V1,2,2546.5,1591.6,954.9,0.4547,0.59,0.2842,,fits,,A,2661.7,2848.4,0.7707,0.7882,3,False,,,0.3685,,
flag-70x80-pole20,young_couple.anglo,maximum,V2,2,2546.5,2120.1,426.4,0.4547,0.59,0.3786,,fits,,A,2034.6,2319.9,0.7707,0.795,1,True,open_area,V4,0.3685,,
flag-70x80-pole20,young_couple.anglo,maximum,V4,2,2546.5,2186.2,360.3,0.4547,0.59,0.3904,,fits,,A,2081.7,2253.8,0.7707,0.7917,2,False,,,0.3685,,
flag-70x80-pole20,young_couple.anglo,accessible,V0,1,1714.6,1714.6,0,0.3062,0.59,0.3062,,fits,,A,2515.7,2875.4,0.519,0.8637,1,True,upper_efficiency,V1,0.2548,,
flag-70x80-pole20,young_couple.anglo,accessible,V1,2,1834.6,1641.4,193.2,0.3276,0.59,0.2931,,fits,,A,2602.5,2948.6,0.5553,0.8171,2,False,,,0.2763,,"V2,V4"
flag-70x80-pole20,young_couple.anglo,staged_final,V0,1,1782.5,1782.5,0,0.3183,0.59,0.3183,,fits,,A,2435.2,2807.5,0.5395,0.8569,3,False,,,0.267,,
flag-70x80-pole20,young_couple.anglo,staged_final,V1,2,1902.5,1226.2,676.3,0.3397,0.59,0.219,,fits,,A,3095.2,3363.8,0.5758,0.8571,2,False,,,0.2884,,
flag-70x80-pole20,young_couple.anglo,staged_final,V2,2,1902.5,1498.1,404.4,0.3397,0.59,0.2675,,fits,,A,2772.6,3091.9,0.5758,0.8656,1,True,stair_independence,V1,0.2884,,
flag-70x80-pole20,young_couple.anglo,staged_final,V4,2,1902.5,1709.6,192.9,0.3397,0.59,0.3053,,fits,,A,2521.7,2880.4,0.5758,0.8103,4,False,,,0.2884,,
flag-70x80-pole20,early_childhood.none,minimum,V0,1,1305.2,1305.2,0,0.2331,0.59,0.2331,,fits,,A,3001.4,3284.8,0.3951,0.9044,1,True,stair_independence,V1,0.1817,,
flag-70x80-pole20,early_childhood.none,minimum,V1,2,1425.2,989.7,435.6,0.2545,0.59,0.1767,,fits,,A,3375.8,3600.3,0.4314,0.8983,2,False,,,0.2032,,
flag-70x80-pole20,early_childhood.none,minimum,V2,2,1425.2,1149.8,275.5,0.2545,0.59,0.2053,,fits,,A,3185.9,3440.2,0.4314,0.564,3,False,,,0.2032,,
flag-70x80-pole20,early_childhood.none,optimum,V0,1,1610.0,1610.0,0,0.2875,0.59,0.2875,,fits,,A,2639.8,2980.0,0.4873,0.8741,1,True,stair_independence,V1,0.2362,,
flag-70x80-pole20,early_childhood.none,optimum,V1,2,1730.0,1165.7,564.3,0.3089,0.59,0.2082,,fits,,A,3166.9,3424.3,0.5236,0.8675,2,False,,,0.2576,,
flag-70x80-pole20,early_childhood.none,optimum,V2,2,1730.0,1457.4,272.6,0.3089,0.59,0.2602,,fits,,A,2820.9,3132.6,0.5236,0.5328,3,False,,,0.2576,,
flag-70x80-pole20,early_childhood.none,maximum,V0,1,2829.0,2829.0,0,0.5052,0.59,0.5052,,fits,,A,1193.6,1611.0,0.8562,0.7452,2,False,,,0.4189,,
flag-70x80-pole20,early_childhood.none,maximum,V1,2,2949.0,1999.7,949.3,0.5266,0.59,0.3571,,fits,,A,2177.5,2440.3,0.8926,0.7572,1,True,open_area,V0,0.4404,,
flag-70x80-pole20,early_childhood.none,maximum,V2,2,2949.0,2501.1,447.9,0.5266,0.59,0.4466,,fits,,A,1582.6,1938.9,0.8926,0.4361,4,False,,,0.4404,,
flag-70x80-pole20,early_childhood.none,maximum,V4,2,2949.0,2745.8,203.2,0.5266,0.59,0.4903,,fits,,A,1292.3,1694.2,0.8926,0.7018,3,False,,,0.4404,,
flag-70x80-pole20,early_childhood.none,accessible,V0,1,1639.9,1639.9,0,0.2928,0.59,0.2928,,fits,,A,2604.4,2950.1,0.4963,0.8711,1,True,supervision,V1,0.2415,,
flag-70x80-pole20,early_childhood.none,accessible,V1,2,1759.9,1542.1,217.8,0.3143,0.59,0.2754,,fits,,A,2720.4,3047.9,0.5327,0.5124,2,False,,,0.2629,,V2
flag-70x80-pole20,early_childhood.none,staged_final,V0,1,1656.0,1656.0,0,0.2957,0.59,0.2957,,fits,,A,2585.3,2934.0,0.5012,0.8695,1,True,stair_independence,V1,0.2444,,
flag-70x80-pole20,early_childhood.none,staged_final,V1,2,1776.0,1212.5,563.5,0.3171,0.59,0.2165,,fits,,A,3111.4,3377.5,0.5375,0.8629,2,False,,,0.2658,,
flag-70x80-pole20,early_childhood.none,staged_final,V2,2,1776.0,1503.7,272.3,0.3171,0.59,0.2685,,fits,,A,2766.0,3086.3,0.5375,0.5281,3,False,,,0.2658,,
flag-70x80-pole20,early_childhood.latino,minimum,V0,1,1305.2,1305.2,0,0.2331,0.59,0.2331,,fits,,A,3001.4,3284.8,0.3951,0.9044,1,True,stair_independence,V1,0.1817,,
flag-70x80-pole20,early_childhood.latino,minimum,V1,2,1425.2,989.7,435.6,0.2545,0.59,0.1767,,fits,,A,3375.8,3600.3,0.4314,0.8983,2,False,,,0.2032,,
flag-70x80-pole20,early_childhood.latino,minimum,V2,2,1425.2,1149.8,275.5,0.2545,0.59,0.2053,,fits,,A,3185.9,3440.2,0.4314,0.564,3,False,,,0.2032,,
flag-70x80-pole20,early_childhood.latino,optimum,V0,1,1610.0,1610.0,0,0.2875,0.59,0.2875,,fits,,A,2639.8,2980.0,0.4873,0.8741,1,True,stair_independence,V1,0.2362,,
flag-70x80-pole20,early_childhood.latino,optimum,V1,2,1730.0,1165.7,564.3,0.3089,0.59,0.2082,,fits,,A,3166.9,3424.3,0.5236,0.8675,2,False,,,0.2576,,
flag-70x80-pole20,early_childhood.latino,optimum,V2,2,1730.0,1457.4,272.6,0.3089,0.59,0.2602,,fits,,A,2820.9,3132.6,0.5236,0.5328,3,False,,,0.2576,,
flag-70x80-pole20,early_childhood.latino,maximum,V0,1,2880.8,2880.8,0,0.5144,0.59,0.5144,,fits,,A,1132.2,1559.2,0.8719,0.74,2,False,,,0.4282,,
flag-70x80-pole20,early_childhood.latino,maximum,V1,2,3000.8,2052.1,948.7,0.5358,0.59,0.3664,,fits,,A,2115.3,2387.9,0.9082,0.7528,1,True,open_area,V0,0.4496,,
flag-70x80-pole20,early_childhood.latino,maximum,V2,2,3000.7,2553.1,447.7,0.5358,0.59,0.4559,,fits,,A,1520.9,1886.9,0.9082,0.431,4,False,,,0.4496,,
flag-70x80-pole20,early_childhood.latino,maximum,V4,2,3000.8,2797.6,203.1,0.5358,0.59,0.4996,,fits,,A,1230.8,1642.4,0.9082,0.6967,3,False,,,0.4496,,
flag-70x80-pole20,early_childhood.latino,accessible,V0,1,1639.9,1639.9,0,0.2928,0.59,0.2928,,fits,,A,2604.4,2950.1,0.4963,0.8711,1,True,supervision,V1,0.2415,,
flag-70x80-pole20,early_childhood.latino,accessible,V1,2,1759.9,1542.1,217.8,0.3143,0.59,0.2754,,fits,,A,2720.4,3047.9,0.5327,0.5124,2,False,,,0.2629,,V2
flag-70x80-pole20,early_childhood.latino,staged_final,V0,1,1656.0,1656.0,0,0.2957,0.59,0.2957,,fits,,A,2585.3,2934.0,0.5012,0.8695,1,True,stair_independence,V1,0.2444,,
flag-70x80-pole20,early_childhood.latino,staged_final,V1,2,1776.0,1212.5,563.5,0.3171,0.59,0.2165,,fits,,A,3111.4,3377.5,0.5375,0.8629,2,False,,,0.2658,,
flag-70x80-pole20,early_childhood.latino,staged_final,V2,2,1776.0,1503.7,272.3,0.3171,0.59,0.2685,,fits,,A,2766.0,3086.3,0.5375,0.5281,3,False,,,0.2658,,
flag-70x80-pole20,early_childhood.anglo,minimum,V0,1,1305.2,1305.2,0,0.2331,0.59,0.2331,,fits,,A,3001.4,3284.8,0.3951,0.9044,1,True,stair_independence,V1,0.1817,,
flag-70x80-pole20,early_childhood.anglo,minimum,V1,2,1425.2,971.2,454.0,0.2545,0.59,0.1734,,fits,,A,3397.7,3618.8,0.4314,0.8972,2,False,,,0.2032,,
flag-70x80-pole20,early_childhood.anglo,minimum,V2,2,1425.2,1149.8,275.5,0.2545,0.59,0.2053,,fits,,A,3185.9,3440.2,0.4314,0.564,3,False,,,0.2032,,
flag-70x80-pole20,early_childhood.anglo,optimum,V0,1,1736.5,1736.5,0,0.3101,0.59,0.3101,,fits,,A,2489.7,2853.5,0.5256,0.8615,1,True,stair_independence,V1,0.2587,,
flag-70x80-pole20,early_childhood.anglo,optimum,V1,2,1856.5,1227.8,628.7,0.3315,0.59,0.2192,,fits,,A,3093.3,3362.2,0.5619,0.8541,2,False,,,0.2802,,
flag-70x80-pole20,early_childhood.anglo,optimum,V2,2,1856.5,1584.7,271.8,0.3315,0.59,0.283,,fits,,A,2669.8,3005.3,0.5619,0.5199,3,False,,,0.2802,,
flag-70x80-pole20,early_childhood.anglo,maximum,V0,1,2829.0,2829.0,0,0.5052,0.59,0.5052,,fits,,A,1193.6,1611.0,0.8562,0.7452,2,False,,,0.4189,,
flag-70x80-pole20,early_childhood.anglo,maximum,V1,2,2949.0,1916.2,1032.8,0.5266,0.59,0.3422,,fits,,A,2276.6,2523.8,0.8926,0.7585,1,True,open_area,V0,0.4404,,
flag-70x80-pole20,early_childhood.anglo,maximum,V2,2,2949.0,2501.1,447.9,0.5266,0.59,0.4466,,fits,,A,1582.6,1938.9,0.8926,0.4361,4,False,,,0.4404,,
flag-70x80-pole20,early_childhood.anglo,maximum,V4,2,2949.0,2745.8,203.2,0.5266,0.59,0.4903,,fits,,A,1292.3,1694.2,0.8926,0.7018,3,False,,,0.4404,,
flag-70x80-pole20,early_childhood.anglo,accessible,V0,1,1766.4,1766.4,0,0.3154,0.59,0.3154,,fits,,A,2454.3,2823.6,0.5346,0.8585,1,True,supervision,V1,0.2641,,
flag-70x80-pole20,early_childhood.anglo,accessible,V1,2,1886.4,1669.2,217.2,0.3369,0.59,0.2981,,fits,,A,2569.6,2920.8,0.5709,0.4996,2,False,,,0.2855,,V2
flag-70x80-pole20,early_childhood.anglo,staged_final,V0,1,1788.2,1788.2,0,0.3193,0.59,0.3193,,fits,,A,2428.3,2801.8,0.5412,0.8564,1,True,stair_independence,V1,0.268,,
flag-70x80-pole20,early_childhood.anglo,staged_final,V1,2,1908.2,1226.0,682.3,0.3408,0.59,0.2189,,fits,,A,3095.4,3364.0,0.5776,0.8517,2,False,,,0.2894,,
flag-70x80-pole20,early_childhood.anglo,staged_final,V2,2,1908.2,1582.4,325.8,0.3408,0.59,0.2826,,fits,,A,2672.5,3007.6,0.5776,0.5319,3,False,,,0.2894,,
flag-70x80-pole20,teens_family.none,minimum,V0,1,1454.8,1454.8,0,0.2598,0.59,0.2598,,fits,,A,2824.0,3135.2,0.4403,0.7017,2,False,,,0.2084,,
flag-70x80-pole20,teens_family.none,minimum,V1,2,1574.8,983.0,591.8,0.2812,0.59,0.1755,,fits,,A,3383.8,3607.0,0.4766,0.6984,3,False,,,0.2299,,
flag-70x80-pole20,teens_family.none,minimum,V2,2,1574.7,1141.9,432.9,0.2812,0.59,0.2039,,fits,,A,3195.2,3448.1,0.4766,0.8915,1,True,separation,V0,0.2299,,
flag-70x80-pole20,teens_family.none,optimum,V0,1,1805.5,1805.5,0,0.3224,0.59,0.3224,,fits,,A,2407.9,2784.5,0.5465,0.6662,2,False,,,0.2711,,
flag-70x80-pole20,teens_family.none,optimum,V1,2,1925.5,1207.3,718.2,0.3438,0.59,0.2156,,fits,,A,3117.6,3382.7,0.5828,0.6607,3,False,,,0.2925,,
flag-70x80-pole20,teens_family.none,optimum,V2,2,1925.5,1497.2,428.3,0.3438,0.59,0.2673,,fits,,A,2773.7,3092.8,0.5828,0.8557,1,True,separation,V0,0.2925,,
flag-70x80-pole20,teens_family.none,maximum,V0,1,3156.7,3156.7,0,0.5637,0.59,0.5637,,fits_small_garden,,A,804.7,1283.3,0.9554,0.5222,3,False,,,0.4775,,
flag-70x80-pole20,teens_family.none,maximum,V1,2,3276.8,2128.8,1147.9,0.5851,0.59,0.3801,,fits,,A,2024.3,2311.2,0.9918,0.5374,2,False,,,0.4989,,
flag-70x80-pole20,teens_family.none,maximum,V2,2,3276.8,2628.2,648.5,0.5851,0.59,0.4693,,fits,,A,1431.8,1811.8,0.9918,0.7219,1,True,separation,V1,0.4989,,
flag-70x80-pole20,teens_family.none,maximum,V4,2,3276.8,3050.3,226.5,0.5851,0.59,0.5447,,fits_small_garden,,A,931.0,1389.7,0.9918,0.48,4,False,,,0.4989,,
flag-70x80-pole20,teens_family.none,accessible,V0,1,1835.4,1835.4,0,0.3277,0.59,0.3277,,fits,,A,2372.4,2754.6,0.5555,0.6631,2,False,,,0.2764,,
flag-70x80-pole20,teens_family.none,accessible,V1,2,1955.4,1581.7,373.7,0.3492,0.59,0.2824,,fits,,A,2673.5,3008.3,0.5918,0.8501,1,True,separation,V0,0.2978,,V2
flag-70x80-pole20,teens_family.none,staged_final,V0,1,1656.0,1656.0,0,0.2957,0.59,0.2957,,fits,,A,2585.3,2934.0,0.5012,0.6813,2,False,,,0.2444,,
flag-70x80-pole20,teens_family.none,staged_final,V1,2,1776.0,1212.5,563.5,0.3171,0.59,0.2165,,fits,,A,3111.4,3377.5,0.5375,0.6687,3,False,,,0.2658,,
flag-70x80-pole20,teens_family.none,staged_final,V2,2,1776.0,1503.7,272.3,0.3171,0.59,0.2685,,fits,,A,2766.0,3086.3,0.5375,0.837,1,True,separation,V0,0.2658,,
flag-70x80-pole20,teens_family.latino,minimum,V0,1,1454.8,1454.8,0,0.2598,0.59,0.2598,,fits,,A,2824.0,3135.2,0.4403,0.7017,2,False,,,0.2084,,
flag-70x80-pole20,teens_family.latino,minimum,V1,2,1574.8,983.0,591.8,0.2812,0.59,0.1755,,fits,,A,3383.8,3607.0,0.4766,0.6984,3,False,,,0.2299,,
flag-70x80-pole20,teens_family.latino,minimum,V2,2,1574.7,1141.9,432.9,0.2812,0.59,0.2039,,fits,,A,3195.2,3448.1,0.4766,0.8915,1,True,separation,V0,0.2299,,
flag-70x80-pole20,teens_family.latino,optimum,V0,1,1805.5,1805.5,0,0.3224,0.59,0.3224,,fits,,A,2407.9,2784.5,0.5465,0.6662,2,False,,,0.2711,,
flag-70x80-pole20,teens_family.latino,optimum,V1,2,1925.5,1207.3,718.2,0.3438,0.59,0.2156,,fits,,A,3117.6,3382.7,0.5828,0.6607,3,False,,,0.2925,,
flag-70x80-pole20,teens_family.latino,optimum,V2,2,1925.5,1497.2,428.3,0.3438,0.59,0.2673,,fits,,A,2773.7,3092.8,0.5828,0.8557,1,True,separation,V0,0.2925,,
flag-70x80-pole20,teens_family.latino,maximum,V0,1,3214.2,3214.2,0,0.574,0.59,0.574,,fits_small_garden,,A,736.5,1225.8,0.9728,0.5163,3,False,,,0.4877,,
flag-70x80-pole20,teens_family.latino,maximum,V1,2,2977.8,1861.8,1116.0,0.5317,0.59,0.3325,,fits,,A,2341.1,2578.2,0.9013,0.5619,2,False,,,0.4455,,
flag-70x80-pole20,teens_family.latino,maximum,V2,2,2977.8,2362.9,614.8,0.5317,0.59,0.4219,,fits,,A,1746.6,2077.1,0.9013,0.7507,1,True,separation,V1,0.4455,,
flag-70x80-pole20,teens_family.latino,maximum,V4,2,2977.7,2786.5,191.3,0.5317,0.59,0.4976,,fits,,A,1244.0,1653.5,0.9013,0.4981,4,False,,,0.4455,,
flag-70x80-pole20,teens_family.latino,accessible,V0,1,1835.4,1835.4,0,0.3277,0.59,0.3277,,fits,,A,2372.4,2754.6,0.5555,0.6631,2,False,,,0.2764,,
flag-70x80-pole20,teens_family.latino,accessible,V1,2,1955.4,1581.7,373.7,0.3492,0.59,0.2824,,fits,,A,2673.5,3008.3,0.5918,0.8501,1,True,separation,V0,0.2978,,V2
flag-70x80-pole20,teens_family.latino,staged_final,V0,1,1656.0,1656.0,0,0.2957,0.59,0.2957,,fits,,A,2585.3,2934.0,0.5012,0.6813,2,False,,,0.2444,,
flag-70x80-pole20,teens_family.latino,staged_final,V1,2,1776.0,1212.5,563.5,0.3171,0.59,0.2165,,fits,,A,3111.4,3377.5,0.5375,0.6687,3,False,,,0.2658,,
flag-70x80-pole20,teens_family.latino,staged_final,V2,2,1776.0,1503.7,272.3,0.3171,0.59,0.2685,,fits,,A,2766.0,3086.3,0.5375,0.837,1,True,separation,V0,0.2658,,
flag-70x80-pole20,teens_family.anglo,minimum,V0,1,1454.8,1454.8,0,0.2598,0.59,0.2598,,fits,,A,2824.0,3135.2,0.4403,0.706,3,False,,,0.2084,,
flag-70x80-pole20,teens_family.anglo,minimum,V1,2,1574.7,964.6,610.1,0.2812,0.59,0.1723,,fits,,A,3405.5,3625.4,0.4766,0.7068,2,False,,,0.2299,,
flag-70x80-pole20,teens_family.anglo,minimum,V2,2,1574.7,1123.6,451.2,0.2812,0.59,0.2006,,fits,,A,3217.0,3466.4,0.4766,0.8897,1,True,separation,V1,0.2299,,
flag-70x80-pole20,teens_family.anglo,optimum,V0,1,1937.7,1937.7,0,0.346,0.59,0.346,,fits,,A,2251.0,2652.2,0.5865,0.6538,3,False,,,0.2947,,
flag-70x80-pole20,teens_family.anglo,optimum,V1,2,2057.8,1221.4,836.3,0.3675,0.59,0.2181,,fits,,A,3100.8,3368.6,0.6228,0.6573,2,False,,,0.3161,,
flag-70x80-pole20,teens_family.anglo,optimum,V2,2,2057.8,1510.3,547.4,0.3675,0.59,0.2697,,fits,,A,2758.1,3079.7,0.6228,0.8407,1,True,separation,V1,0.3161,,
flag-70x80-pole20,teens_family.anglo,maximum,V0,1,3220.0,3220.0,0,0.575,0.59,0.575,,fits_small_garden,,A,729.7,1220.0,0.9746,0.5069,3,False,,,0.4887,,
flag-70x80-pole20,teens_family.anglo,maximum,V1,2,3058.2,1794.3,1263.9,0.5461,0.59,0.3204,,fits,,A,2421.1,2645.7,0.9256,0.5625,2,False,,,0.4599,,
flag-70x80-pole20,teens_family.anglo,maximum,V2,2,3058.2,2378.4,679.8,0.5461,0.59,0.4247,,fits,,A,1728.2,2061.6,0.9256,0.736,1,True,separation,V1,0.4599,,
flag-70x80-pole20,teens_family.anglo,maximum,V4,2,3058.2,2867.1,191.1,0.5461,0.59,0.512,,fits,,A,1148.3,1572.9,0.9256,0.486,4,False,,,0.4599,,
flag-70x80-pole20,teens_family.anglo,accessible,V0,1,1967.6,1967.6,0,0.3514,0.59,0.3514,,fits,,A,2215.5,2622.4,0.5955,0.6506,2,False,,,0.3,,
flag-70x80-pole20,teens_family.anglo,accessible,V1,2,2087.6,1660.8,426.8,0.3728,0.59,0.2966,,fits,,A,2579.5,2929.2,0.6319,0.8352,1,True,separation,V0,0.3215,,V2
flag-70x80-pole20,teens_family.anglo,staged_final,V0,1,1736.5,1736.5,0,0.3101,0.59,0.3101,,fits,,A,2489.7,2853.5,0.5256,0.6755,2,False,,,0.2587,,
flag-70x80-pole20,teens_family.anglo,staged_final,V1,2,1856.5,1227.8,628.7,0.3315,0.59,0.2192,,fits,,A,3093.3,3362.2,0.5619,0.6675,3,False,,,0.2802,,
flag-70x80-pole20,teens_family.anglo,staged_final,V2,2,1856.5,1584.7,271.8,0.3315,0.59,0.283,,fits,,A,2669.8,3005.3,0.5619,0.826,1,True,separation,V0,0.2802,,
flag-70x80-pole20,multigenerational.none,minimum,V0,1,1523.7,1523.7,0,0.2721,0.59,0.2721,,fits,,A,2742.2,3066.2,0.4612,0.8724,1,True,stair_independence,V1,0.2208,,
flag-70x80-pole20,multigenerational.none,minimum,V1,2,1643.8,1212.0,431.8,0.2935,0.59,0.2164,,fits,,A,3112.1,3378.0,0.4975,0.8695,2,False,,,0.2422,,V3
flag-70x80-pole20,multigenerational.none,minimum,V2,2,1643.8,1370.4,273.3,0.2935,0.59,0.2447,,fits,,A,2924.1,3219.6,0.4975,0.8495,3,False,,,0.2422,,
flag-70x80-pole20,multigenerational.none,optimum,V0,1,1857.2,1857.2,0,0.3317,0.59,0.3317,,fits,,A,2346.5,2732.8,0.5621,0.8364,1,True,stair_independence,V1,0.2803,,
flag-70x80-pole20,multigenerational.none,optimum,V1,2,1977.2,1416.8,560.5,0.3531,0.59,0.253,,fits,,A,2869.1,3173.2,0.5984,0.8335,2,False,,,0.3017,,V3
flag-70x80-pole20,multigenerational.none,optimum,V2,2,1977.2,1706.2,271.1,0.3531,0.59,0.3047,,fits,,A,2525.7,2883.8,0.5984,0.8127,3,False,,,0.3017,,
flag-70x80-pole20,multigenerational.none,maximum,V0,1,3110.7,3110.7,0,0.5555,0.59,0.5555,,fits_small_garden,,A,859.3,1329.3,0.9415,0.6926,4,False,,,0.4692,,
flag-70x80-pole20,multigenerational.none,maximum,V1,2,3230.7,2118.0,1112.8,0.5769,0.59,0.3782,,fits,,A,2037.2,2322.0,0.9778,0.7166,1,True,open_area,V2,0.4907,,
flag-70x80-pole20,multigenerational.none,maximum,V2,2,3230.7,2617.6,613.2,0.5769,0.59,0.4674,,fits,,A,1444.4,1822.4,0.9778,0.7136,2,False,,,0.4907,,
flag-70x80-pole20,multigenerational.none,maximum,V3,2,3230.7,2248.8,981.9,0.5769,0.59,0.4016,,fits,,A,2011.0,2191.2,0.9778,0.7093,3,False,,,0.4907,,
flag-70x80-pole20,multigenerational.none,maximum,V4,2,3230.7,3039.9,190.9,0.5769,0.59,0.5428,,fits_small_garden,,A,943.3,1400.1,0.9778,0.6412,5,False,,,0.4907,,
flag-70x80-pole20,multigenerational.none,accessible,V0,1,1887.1,1887.1,0,0.337,0.59,0.337,,fits,,A,2311.0,2702.9,0.5712,0.8332,1,True,stair_independence,V1,0.2857,,
flag-70x80-pole20,multigenerational.none,accessible,V1,2,2007.1,1447.0,560.1,0.3584,0.59,0.2584,,fits,,A,2833.2,3143.0,0.6075,0.8308,2,False,,,0.3071,,V3
flag-70x80-pole20,multigenerational.none,accessible,V2,2,2007.1,1736.3,270.9,0.3584,0.59,0.31,,fits,,A,2490.0,2853.7,0.6075,0.8094,3,False,,,0.3071,,
flag-70x80-pole20,multigenerational.none,staged_final,V0,1,2006.7,2006.7,0,0.3583,0.59,0.3583,,fits,,A,2169.1,2583.2,0.6074,0.6463,3,False,,,0.307,,
flag-70x80-pole20,multigenerational.none,staged_final,V1,2,2126.8,1411.9,714.9,0.3798,0.59,0.2521,,fits,,A,2874.9,3178.1,0.6437,0.6519,2,False,,,0.3284,,V3
flag-70x80-pole20,multigenerational.none,staged_final,V2,2,2126.8,1700.2,426.5,0.3798,0.59,0.3036,,fits,,A,2532.8,2889.8,0.6437,0.8309,1,True,separation,V1,0.3284,,
flag-70x80-pole20,multigenerational.latino,minimum,V0,1,1523.7,1523.7,0,0.2721,0.59,0.2721,,fits,,A,2742.2,3066.2,0.4612,0.8724,1,True,stair_independence,V1,0.2208,,
flag-70x80-pole20,multigenerational.latino,minimum,V1,2,1643.8,1212.0,431.8,0.2935,0.59,0.2164,,fits,,A,3112.1,3378.0,0.4975,0.8695,2,False,,,0.2422,,V3
flag-70x80-pole20,multigenerational.latino,minimum,V2,2,1643.8,1370.4,273.3,0.2935,0.59,0.2447,,fits,,A,2924.1,3219.6,0.4975,0.8495,3,False,,,0.2422,,
flag-70x80-pole20,multigenerational.latino,optimum,V0,1,1811.2,1811.2,0,0.3234,0.59,0.3234,,fits,,A,2401.1,2778.8,0.5482,0.8414,1,True,stair_independence,V1,0.2721,,
flag-70x80-pole20,multigenerational.latino,optimum,V1,2,1931.2,1370.1,561.1,0.3449,0.59,0.2447,,fits,,A,2924.4,3219.9,0.5845,0.8385,2,False,,,0.2935,,V3
flag-70x80-pole20,multigenerational.latino,optimum,V2,2,1931.2,1659.9,271.3,0.3449,0.59,0.2964,,fits,,A,2580.6,2930.1,0.5845,0.8177,3,False,,,0.2935,,
flag-70x80-pole20,multigenerational.latino,maximum,V0,1,3133.7,3133.7,0,0.5596,0.59,0.5596,,fits_small_garden,,A,832.0,1306.3,0.9485,0.6901,4,False,,,0.4733,,
flag-70x80-pole20,multigenerational.latino,maximum,V1,2,3253.8,2141.2,1112.5,0.581,0.59,0.3824,,fits,,A,2009.5,2298.8,0.9848,0.7144,1,True,open_area,V2,0.4948,,
flag-70x80-pole20,multigenerational.latino,maximum,V2,2,3253.8,2640.7,613.0,0.581,0.59,0.4716,,fits,,A,1416.9,1799.3,0.9848,0.7111,2,False,,,0.4948,,
flag-70x80-pole20,multigenerational.latino,maximum,V3,2,3253.8,2272.1,981.7,0.581,0.59,0.4057,,fits,,A,1854.3,2167.9,0.9848,0.7071,3,False,,,0.4948,,
flag-70x80-pole20,multigenerational.latino,maximum,V4,2,3253.7,3062.9,190.8,0.581,0.59,0.547,,fits_small_garden,,A,916.0,1377.1,0.9848,0.6387,5,False,,,0.4948,,
flag-70x80-pole20,multigenerational.latino,accessible,V0,1,1841.1,1841.1,0,0.3288,0.59,0.3288,,fits,,A,2365.6,2748.9,0.5572,0.8381,1,True,stair_independence,V1,0.2774,,
flag-70x80-pole20,multigenerational.latino,accessible,V1,2,1961.1,1400.4,560.7,0.3502,0.59,0.2501,,fits,,A,2888.5,3189.6,0.5936,0.8358,2,False,,,0.2989,,V3
flag-70x80-pole20,multigenerational.latino,accessible,V2,2,1961.2,1690.0,271.1,0.3502,0.59,0.3018,,fits,,A,2544.9,2900.0,0.5936,0.8144,3,False,,,0.2989,,
flag-70x80-pole20,multigenerational.latino,staged_final,V0,1,2006.7,2006.7,0,0.3583,0.59,0.3583,,fits,,A,2169.1,2583.2,0.6074,0.6463,3,False,,,0.307,,
flag-70x80-pole20,multigenerational.latino,staged_final,V1,2,2126.8,1411.9,714.9,0.3798,0.59,0.2521,,fits,,A,2874.9,3178.1,0.6437,0.6519,2,False,,,0.3284,,V3
flag-70x80-pole20,multigenerational.latino,staged_final,V2,2,2126.8,1700.2,426.5,0.3798,0.59,0.3036,,fits,,A,2532.8,2889.8,0.6437,0.8309,1,True,separation,V1,0.3284,,
flag-70x80-pole20,multigenerational.anglo,minimum,V0,1,1523.7,1523.7,0,0.2721,0.59,0.2721,,fits,,A,2742.2,3066.2,0.4612,0.8724,1,True,stair_independence,V1,0.2208,,
flag-70x80-pole20,multigenerational.anglo,minimum,V1,2,1643.7,1193.7,450.1,0.2935,0.59,0.2132,,fits,,A,3133.8,3396.3,0.4975,0.8688,2,False,,,0.2422,,V3
flag-70x80-pole20,multigenerational.anglo,minimum,V2,2,1643.8,1370.4,273.3,0.2935,0.59,0.2447,,fits,,A,2924.1,3219.6,0.4975,0.8495,3,False,,,0.2422,,
flag-70x80-pole20,multigenerational.anglo,optimum,V0,1,2001.0,2001.0,0,0.3573,0.59,0.3573,,fits,,A,2175.9,2589.0,0.6056,0.8209,1,True,stair_independence,V1,0.306,,
flag-70x80-pole20,multigenerational.anglo,optimum,V1,2,2121.0,1496.2,624.8,0.3787,0.59,0.2672,,fits,,A,2774.9,3093.8,0.6419,0.8178,2,False,,,0.3274,,V3
flag-70x80-pole20,multigenerational.anglo,optimum,V2,2,2121.0,1850.7,270.3,0.3787,0.59,0.3305,,fits,,A,2354.3,2739.3,0.6419,0.7969,3,False,,,0.3274,,
flag-70x80-pole20,multigenerational.anglo,maximum,V0,1,3254.5,3254.5,0,0.5812,0.59,0.5812,,fits_small_garden,,A,688.7,1185.5,0.985,0.677,4,False,,,0.4949,,
flag-70x80-pole20,multigenerational.anglo,maximum,V1,2,3271.0,2016.8,1254.2,0.5841,0.59,0.3601,,fits,,A,2157.2,2423.2,0.99,0.7163,1,True,open_area,V2,0.4979,,
flag-70x80-pole20,multigenerational.anglo,maximum,V2,2,3271.0,2596.2,674.8,0.5841,0.59,0.4636,,fits,,A,1469.8,1843.8,0.99,0.7127,2,False,,,0.4979,,
flag-70x80-pole20,multigenerational.anglo,maximum,V3,2,3271.0,2146.9,1124.1,0.5841,0.59,0.3834,,fits,,A,2002.9,2293.1,0.99,0.7091,3,False,,,0.4979,,
flag-70x80-pole20,multigenerational.anglo,maximum,V4,2,3271.0,3080.9,190.1,0.5841,0.59,0.5502,,fits_small_garden,,A,894.6,1359.1,0.99,0.6365,5,False,,,0.4979,,
flag-70x80-pole20,multigenerational.anglo,accessible,V0,1,2030.9,2030.9,0,0.3627,0.59,0.3627,,fits,,A,2140.5,2559.1,0.6147,0.8176,1,True,stair_independence,V1,0.3113,,
flag-70x80-pole20,multigenerational.anglo,accessible,V1,2,2150.9,1526.4,624.5,0.3841,0.59,0.2726,,fits,,A,2739.0,3063.6,0.651,0.8152,2,False,,,0.3327,,V3
flag-70x80-pole20,multigenerational.anglo,accessible,V2,2,2150.9,1880.7,270.2,0.3841,0.59,0.3358,,fits,,A,2318.6,2709.3,0.651,0.7936,3,False,,,0.3327,,
flag-70x80-pole20,multigenerational.anglo,staged_final,V0,1,2202.2,2202.2,0,0.3933,0.59,0.3933,,fits,,A,2063.6,2387.8,0.6665,0.6252,3,False,,,0.3419,,
flag-70x80-pole20,multigenerational.anglo,staged_final,V1,2,2322.2,1490.3,832.0,0.4147,0.59,0.2661,,fits,,A,2781.9,3099.7,0.7029,0.6336,2,False,,,0.3633,,V3
flag-70x80-pole20,multigenerational.anglo,staged_final,V2,2,2322.2,1843.3,478.9,0.4147,0.59,0.3292,,fits,,A,2363.0,2746.7,0.7029,0.8127,1,True,separation,V1,0.3633,,
flag-70x80-pole20,empty_nest.none,minimum,V0,1,1155.8,1155.8,0,0.2064,0.59,0.2064,,fits,,A,3178.8,3434.2,0.3498,0.921,1,True,stair_independence,V1,0.155,,
flag-70x80-pole20,empty_nest.none,minimum,V1,2,1275.8,998.3,277.5,0.2278,0.59,0.1783,,fits,,A,3365.6,3591.7,0.3861,0.8475,2,False,,,0.1765,,
flag-70x80-pole20,empty_nest.none,optimum,V0,1,1431.8,1431.8,0,0.2557,0.59,0.2557,,fits,,A,2851.3,3158.2,0.4333,0.8954,1,True,only_feasible,,0.2043,,
flag-70x80-pole20,empty_nest.none,maximum,V0,1,2133.2,2133.2,0,0.3809,0.59,0.3809,,fits,,A,2019.0,2306.8,0.6457,0.8238,1,True,upper_efficiency,V1,0.2947,,
flag-70x80-pole20,empty_nest.none,maximum,V1,2,2253.2,1981.7,271.5,0.4024,0.59,0.3539,,fits,,A,2198.8,2458.3,0.682,0.7996,2,False,,,0.3161,,V2
flag-70x80-pole20,empty_nest.none,maximum,V4,2,2253.2,2048.2,205.0,0.4024,0.59,0.3658,,fits,,A,2119.9,2391.8,0.682,0.7783,3,False,,,0.3161,,
flag-70x80-pole20,empty_nest.none,accessible,V0,1,1461.6,1461.6,0,0.261,0.59,0.261,,fits,,A,2815.8,3128.4,0.4424,0.8926,1,True,only_feasible,,0.2097,,
flag-70x80-pole20,empty_nest.none,staged_final,V0,1,1431.8,1431.8,0,0.2557,0.59,0.2557,,fits,,A,2851.3,3158.2,0.4333,0.8954,1,True,only_feasible,,0.2043,,
flag-70x80-pole20,empty_nest.latino,minimum,V0,1,1155.8,1155.8,0,0.2064,0.59,0.2064,,fits,,A,3178.8,3434.2,0.3498,0.921,1,True,stair_independence,V1,0.155,,
flag-70x80-pole20,empty_nest.latino,minimum,V1,2,1275.8,998.3,277.5,0.2278,0.59,0.1783,,fits,,A,3365.6,3591.7,0.3861,0.8475,2,False,,,0.1765,,
flag-70x80-pole20,empty_nest.latino,optimum,V0,1,1431.8,1431.8,0,0.2557,0.59,0.2557,,fits,,A,2851.3,3158.2,0.4333,0.8954,1,True,only_feasible,,0.2043,,
flag-70x80-pole20,empty_nest.latino,maximum,V0,1,2185.0,2185.0,0,0.3902,0.59,0.3902,,fits,,A,2083.1,2255.0,0.6613,0.819,1,True,upper_efficiency,V1,0.3039,,
flag-70x80-pole20,empty_nest.latino,maximum,V1,2,2305.0,2033.7,271.3,0.4116,0.59,0.3632,,fits,,A,2137.1,2406.3,0.6976,0.7947,2,False,,,0.3254,,V2
flag-70x80-pole20,empty_nest.latino,maximum,V4,2,2305.0,2100.1,204.9,0.4116,0.59,0.375,,fits,,A,2058.3,2339.9,0.6976,0.7735,3,False,,,0.3254,,
flag-70x80-pole20,empty_nest.latino,accessible,V0,1,1461.6,1461.6,0,0.261,0.59,0.261,,fits,,A,2815.8,3128.4,0.4424,0.8926,1,True,only_feasible,,0.2097,,
flag-70x80-pole20,empty_nest.latino,staged_final,V0,1,1431.8,1431.8,0,0.2557,0.59,0.2557,,fits,,A,2851.3,3158.2,0.4333,0.8954,1,True,only_feasible,,0.2043,,
flag-70x80-pole20,empty_nest.anglo,minimum,V0,1,1155.8,1155.8,0,0.2064,0.59,0.2064,,fits,,A,3178.8,3434.2,0.3498,0.9192,1,True,stair_independence,V1,0.155,,
flag-70x80-pole20,empty_nest.anglo,minimum,V1,2,1275.8,979.6,296.1,0.2278,0.59,0.1749,,fits,,A,3387.7,3610.4,0.3861,0.85,2,False,,,0.1765,,
flag-70x80-pole20,empty_nest.anglo,optimum,V0,1,1558.2,1558.2,0,0.2783,0.59,0.2783,,fits,,A,2701.2,3031.8,0.4716,0.8792,1,True,only_feasible,,0.2269,,
flag-70x80-pole20,empty_nest.anglo,maximum,V0,1,2277.0,2277.0,0,0.4066,0.59,0.4066,,fits,,A,1848.5,2163.0,0.6892,0.8001,1,True,upper_efficiency,V1,0.3204,,
flag-70x80-pole20,empty_nest.anglo,maximum,V1,2,2397.0,2126.2,270.8,0.428,0.59,0.3797,,fits,,A,2027.4,2313.8,0.7255,0.7782,2,False,,,0.3418,,V2
flag-70x80-pole20,empty_nest.anglo,maximum,V4,2,2397.0,2192.4,204.6,0.428,0.59,0.3915,,fits,,A,2074.7,2247.6,0.7255,0.7571,3,False,,,0.3418,,
flag-70x80-pole20,empty_nest.anglo,accessible,V0,1,1588.1,1588.1,0,0.2836,0.59,0.2836,,fits,,A,2665.8,3001.9,0.4807,0.8763,1,True,only_feasible,,0.2323,,
flag-70x80-pole20,empty_nest.anglo,staged_final,V0,1,1558.2,1558.2,0,0.2783,0.59,0.2783,,fits,,A,2701.2,3031.8,0.4716,0.8792,1,True,only_feasible,,0.2269,,
flag-70x80-pole20,remote_work.none,minimum,V0,1,1282.2,1282.2,0,0.229,0.59,0.229,,fits,,A,3028.7,3307.8,0.3881,0.8911,1,True,stair_independence,V1,0.1776,,
flag-70x80-pole20,remote_work.none,minimum,V1,2,1402.2,990.9,411.4,0.2504,0.59,0.1769,,fits,,A,3374.4,3599.1,0.4244,0.8782,2,False,,,0.1991,,
flag-70x80-pole20,remote_work.none,minimum,V2,2,1402.2,1151.1,251.1,0.2504,0.59,0.2056,,fits,,A,3184.2,3438.9,0.4244,0.8543,3,False,,,0.1991,,
flag-70x80-pole20,remote_work.none,minimum,V4,2,1402.2,1206.6,195.6,0.2504,0.59,0.2155,,fits,,A,3118.4,3383.4,0.4244,0.8329,4,False,,,0.1991,,
flag-70x80-pole20,remote_work.none,optimum,V0,1,1656.0,1656.0,0,0.2957,0.59,0.2957,,fits,,A,2585.3,2934.0,0.5012,0.8495,2,False,,,0.2444,,
flag-70x80-pole20,remote_work.none,optimum,V1,2,1776.0,1103.3,672.7,0.3171,0.59,0.197,,fits,,A,3241.0,3486.7,0.5375,0.8373,4,False,,,0.2658,,
flag-70x80-pole20,remote_work.none,optimum,V2,2,1776.0,1394.5,381.5,0.3171,0.59,0.249,,fits,,A,2895.5,3195.5,0.5375,0.8555,1,True,open_area,V0,0.2658,,
flag-70x80-pole20,remote_work.none,optimum,V4,2,1776.0,1449.1,326.9,0.3171,0.59,0.2588,,fits,,A,2830.7,3140.9,0.5375,0.8417,3,False,,,0.2658,,
flag-70x80-pole20,remote_work.none,maximum,V0,1,2208.0,2208.0,0,0.3943,0.59,0.3943,,fits,,A,2057.1,2382.0,0.6683,0.7879,3,False,,,0.3429,,
flag-70x80-pole20,remote_work.none,maximum,V1,2,2328.0,1236.4,1091.6,0.4157,0.59,0.2208,,fits,,A,3083.1,3353.6,0.7046,0.7869,4,False,,,0.3644,,
flag-70x80-pole20,remote_work.none,maximum,V2,2,2328.0,1743.1,584.9,0.4157,0.59,0.3113,,fits,,A,2481.9,2846.9,0.7046,0.8043,1,True,open_area,V4,0.3644,,
flag-70x80-pole20,remote_work.none,maximum,V4,2,2328.0,1809.5,518.5,0.4157,0.59,0.3231,,fits,,A,2403.1,2780.5,0.7046,0.8009,2,False,,,0.3644,,
flag-70x80-pole20,remote_work.none,accessible,V0,1,1685.9,1685.9,0,0.3011,0.59,0.3011,,fits,,A,2549.8,2904.1,0.5103,0.8461,1,True,upper_efficiency,V1,0.2497,,
flag-70x80-pole20,remote_work.none,accessible,V1,2,1805.9,1479.3,326.6,0.3225,0.59,0.2642,,fits,,A,2794.9,3110.7,0.5466,0.8383,2,False,,,0.2711,,"V2,V4"
flag-70x80-pole20,remote_work.none,staged_final,V0,1,1656.0,1656.0,0,0.2957,0.59,0.2957,,fits,,A,2585.3,2934.0,0.5012,0.8495,2,False,,,0.2444,,
flag-70x80-pole20,remote_work.none,staged_final,V1,2,1776.0,1103.3,672.7,0.3171,0.59,0.197,,fits,,A,3241.0,3486.7,0.5375,0.8373,4,False,,,0.2658,,
flag-70x80-pole20,remote_work.none,staged_final,V2,2,1776.0,1394.5,381.5,0.3171,0.59,0.249,,fits,,A,2895.5,3195.5,0.5375,0.8555,1,True,open_area,V0,0.2658,,
flag-70x80-pole20,remote_work.none,staged_final,V4,2,1776.0,1449.1,326.9,0.3171,0.59,0.2588,,fits,,A,2830.7,3140.9,0.5375,0.8417,3,False,,,0.2658,,
flag-70x80-pole20,remote_work.latino,minimum,V0,1,1282.2,1282.2,0,0.229,0.59,0.229,,fits,,A,3028.7,3307.8,0.3881,0.8911,1,True,stair_independence,V1,0.1776,,
flag-70x80-pole20,remote_work.latino,minimum,V1,2,1402.2,990.9,411.4,0.2504,0.59,0.1769,,fits,,A,3374.4,3599.1,0.4244,0.8782,2,False,,,0.1991,,
flag-70x80-pole20,remote_work.latino,minimum,V2,2,1402.2,1151.1,251.1,0.2504,0.59,0.2056,,fits,,A,3184.2,3438.9,0.4244,0.8543,3,False,,,0.1991,,
flag-70x80-pole20,remote_work.latino,minimum,V4,2,1402.2,1206.6,195.6,0.2504,0.59,0.2155,,fits,,A,3118.4,3383.4,0.4244,0.8329,4,False,,,0.1991,,
flag-70x80-pole20,remote_work.latino,optimum,V0,1,1656.0,1656.0,0,0.2957,0.59,0.2957,,fits,,A,2585.3,2934.0,0.5012,0.8495,2,False,,,0.2444,,
flag-70x80-pole20,remote_work.latino,optimum,V1,2,1776.0,1103.3,672.7,0.3171,0.59,0.197,,fits,,A,3241.0,3486.7,0.5375,0.8373,4,False,,,0.2658,,
flag-70x80-pole20,remote_work.latino,optimum,V2,2,1776.0,1394.5,381.5,0.3171,0.59,0.249,,fits,,A,2895.5,3195.5,0.5375,0.8555,1,True,open_area,V0,0.2658,,
flag-70x80-pole20,remote_work.latino,optimum,V4,2,1776.0,1449.1,326.9,0.3171,0.59,0.2588,,fits,,A,2830.7,3140.9,0.5375,0.8417,3,False,,,0.2658,,
flag-70x80-pole20,remote_work.latino,maximum,V0,1,2432.2,2432.2,0,0.4343,0.59,0.4343,,fits,,A,1664.3,2157.8,0.7362,0.7629,4,False,,,0.383,,
flag-70x80-pole20,remote_work.latino,maximum,V1,2,2552.2,1465.3,1086.9,0.4558,0.59,0.2617,,fits,,A,2811.5,3124.7,0.7725,0.7689,3,False,,,0.4044,,
flag-70x80-pole20,remote_work.latino,maximum,V2,2,2552.2,1969.8,582.5,0.4558,0.59,0.3517,,fits,,A,2213.0,2620.2,0.7725,0.7792,1,True,open_area,V4,0.4044,,
flag-70x80-pole20,remote_work.latino,maximum,V4,2,2552.2,2035.8,516.4,0.4558,0.59,0.3635,,fits,,A,2134.6,2554.2,0.7725,0.7758,2,False,,,0.4044,,
flag-70x80-pole20,remote_work.latino,accessible,V0,1,1685.9,1685.9,0,0.3011,0.59,0.3011,,fits,,A,2549.8,2904.1,0.5103,0.8461,1,True,upper_efficiency,V1,0.2497,,
flag-70x80-pole20,remote_work.latino,accessible,V1,2,1805.9,1479.3,326.6,0.3225,0.59,0.2642,,fits,,A,2794.9,3110.7,0.5466,0.8383,2,False,,,0.2711,,"V2,V4"
flag-70x80-pole20,remote_work.latino,staged_final,V0,1,1656.0,1656.0,0,0.2957,0.59,0.2957,,fits,,A,2585.3,2934.0,0.5012,0.8495,2,False,,,0.2444,,
flag-70x80-pole20,remote_work.latino,staged_final,V1,2,1776.0,1103.3,672.7,0.3171,0.59,0.197,,fits,,A,3241.0,3486.7,0.5375,0.8373,4,False,,,0.2658,,
flag-70x80-pole20,remote_work.latino,staged_final,V2,2,1776.0,1394.5,381.5,0.3171,0.59,0.249,,fits,,A,2895.5,3195.5,0.5375,0.8555,1,True,open_area,V0,0.2658,,
flag-70x80-pole20,remote_work.latino,staged_final,V4,2,1776.0,1449.1,326.9,0.3171,0.59,0.2588,,fits,,A,2830.7,3140.9,0.5375,0.8417,3,False,,,0.2658,,
flag-70x80-pole20,remote_work.anglo,minimum,V0,1,1282.2,1282.2,0,0.229,0.59,0.229,,fits,,A,3028.7,3307.8,0.3881,0.8889,1,True,stair_independence,V1,0.1776,,
flag-70x80-pole20,remote_work.anglo,minimum,V1,2,1402.2,972.4,429.9,0.2504,0.59,0.1736,,fits,,A,3396.3,3617.6,0.4244,0.8788,2,False,,,0.1991,,
flag-70x80-pole20,remote_work.anglo,minimum,V2,2,1402.2,1151.1,251.1,0.2504,0.59,0.2056,,fits,,A,3184.2,3438.9,0.4244,0.8554,3,False,,,0.1991,,
flag-70x80-pole20,remote_work.anglo,minimum,V4,2,1402.2,1206.6,195.6,0.2504,0.59,0.2155,,fits,,A,3118.4,3383.4,0.4244,0.8344,4,False,,,0.1991,,
flag-70x80-pole20,remote_work.anglo,optimum,V0,1,1736.5,1736.5,0,0.3101,0.59,0.3101,,fits,,A,2489.7,2853.5,0.5256,0.8351,2,False,,,0.2587,,
flag-70x80-pole20,remote_work.anglo,optimum,V1,2,1856.5,1167.2,689.3,0.3315,0.59,0.2084,,fits,,A,3165.1,3422.8,0.5619,0.8292,4,False,,,0.2802,,
flag-70x80-pole20,remote_work.anglo,optimum,V2,2,1856.5,1475.8,380.7,0.3315,0.59,0.2635,,fits,,A,2799.0,3114.2,0.5619,0.844,1,True,open_area,V0,0.2802,,
flag-70x80-pole20,remote_work.anglo,optimum,V4,2,1856.5,1530.3,326.2,0.3315,0.59,0.2733,,fits,,A,2734.4,3059.7,0.5619,0.83,3,False,,,0.2802,,
flag-70x80-pole20,remote_work.anglo,maximum,V0,1,2317.2,2317.2,0,0.4138,0.59,0.4138,,fits,,A,1800.7,2272.8,0.7013,0.7664,4,False,,,0.3625,,
flag-70x80-pole20,remote_work.anglo,maximum,V1,2,2437.2,1324.0,1113.3,0.4352,0.59,0.2364,,fits,,A,2979.2,3266.0,0.7377,0.7772,3,False,,,0.3839,,
flag-70x80-pole20,remote_work.anglo,maximum,V2,2,2437.2,1853.6,583.6,0.4352,0.59,0.331,,fits,,A,2350.8,2736.4,0.7377,0.7876,1,True,open_area,V4,0.3839,,
flag-70x80-pole20,remote_work.anglo,maximum,V4,2,2437.2,1919.8,517.4,0.4352,0.59,0.3428,,fits,,A,2272.2,2670.2,0.7377,0.7836,2,False,,,0.3839,,
flag-70x80-pole20,remote_work.anglo,accessible,V0,1,1766.4,1766.4,0,0.3154,0.59,0.3154,,fits,,A,2454.3,2823.6,0.5346,0.8316,1,True,upper_efficiency,V1,0.2641,,
flag-70x80-pole20,remote_work.anglo,accessible,V1,2,1886.4,1560.4,326.0,0.3369,0.59,0.2786,,fits,,A,2698.7,3029.6,0.5709,0.8264,2,False,,,0.2855,,"V2,V4"
flag-70x80-pole20,remote_work.anglo,staged_final,V0,1,1736.5,1736.5,0,0.3101,0.59,0.3101,,fits,,A,2489.7,2853.5,0.5256,0.8351,2,False,,,0.2587,,
flag-70x80-pole20,remote_work.anglo,staged_final,V1,2,1856.5,1167.2,689.3,0.3315,0.59,0.2084,,fits,,A,3165.1,3422.8,0.5619,0.8292,4,False,,,0.2802,,
flag-70x80-pole20,remote_work.anglo,staged_final,V2,2,1856.5,1475.8,380.7,0.3315,0.59,0.2635,,fits,,A,2799.0,3114.2,0.5619,0.844,1,True,open_area,V0,0.2802,,
flag-70x80-pole20,remote_work.anglo,staged_final,V4,2,1856.5,1530.3,326.2,0.3315,0.59,0.2733,,fits,,A,2734.4,3059.7,0.5619,0.83,3,False,,,0.2802,,
flag-70x80-pole20,shared_adults.none,minimum,V0,1,1506.5,1506.5,0,0.269,0.59,0.269,,fits,,A,2762.6,3083.5,0.456,0.7874,2,False,,,0.2177,,
flag-70x80-pole20,shared_adults.none,minimum,V1,2,1626.5,981.0,645.5,0.2904,0.59,0.1752,,fits,,A,3386.1,3609.0,0.4923,0.8961,1,True,separation,V0,0.2391,,
flag-70x80-pole20,shared_adults.none,optimum,V0,1,1736.5,1736.5,0,0.3101,0.59,0.3101,,fits,,A,2489.7,2853.5,0.5256,0.7641,2,False,,,0.2587,,
flag-70x80-pole20,shared_adults.none,optimum,V1,2,1856.5,1161.2,695.3,0.3315,0.59,0.2074,,fits,,A,3172.3,3428.8,0.5619,0.8751,1,True,separation,V0,0.2802,,
flag-70x80-pole20,shared_adults.none,maximum,V0,1,2420.8,2420.8,0,0.4323,0.59,0.4323,,fits,,A,1677.9,2019.2,0.7327,0.6877,2,False,,,0.346,,
flag-70x80-pole20,shared_adults.none,maximum,V1,2,2540.7,1597.7,943.0,0.4537,0.59,0.2853,,fits,,A,2654.4,2842.3,0.769,0.8102,1,True,separation,V0,0.3675,,
flag-70x80-pole20,shared_adults.none,maximum,V4,2,2540.8,2336.6,204.2,0.4537,0.59,0.4172,,fits,,A,1777.8,2103.4,0.769,0.6378,3,False,,,0.3675,,
flag-70x80-pole20,shared_adults.none,accessible,V0,1,1766.4,1766.4,0,0.3154,0.59,0.3154,,fits,,A,2454.3,2823.6,0.5346,0.761,2,False,,,0.2641,,
flag-70x80-pole20,shared_adults.none,accessible,V1,2,1886.4,1403.2,483.2,0.3369,0.59,0.2506,,fits,,A,2885.1,3186.8,0.5709,0.8299,1,True,separation,V0,0.2855,,
flag-70x80-pole20,shared_adults.none,staged_final,V0,1,1736.5,1736.5,0,0.3101,0.59,0.3101,,fits,,A,2489.7,2853.5,0.5256,0.7641,2,False,,,0.2587,,
flag-70x80-pole20,shared_adults.none,staged_final,V1,2,1856.5,1161.2,695.3,0.3315,0.59,0.2074,,fits,,A,3172.3,3428.8,0.5619,0.8751,1,True,separation,V0,0.2802,,
flag-70x80-pole20,shared_adults.latino,minimum,V0,1,1506.5,1506.5,0,0.269,0.59,0.269,,fits,,A,2762.6,3083.5,0.456,0.7874,2,False,,,0.2177,,
flag-70x80-pole20,shared_adults.latino,minimum,V1,2,1626.5,981.0,645.5,0.2904,0.59,0.1752,,fits,,A,3386.1,3609.0,0.4923,0.8961,1,True,separation,V0,0.2391,,
flag-70x80-pole20,shared_adults.latino,optimum,V0,1,1736.5,1736.5,0,0.3101,0.59,0.3101,,fits,,A,2489.7,2853.5,0.5256,0.7641,2,False,,,0.2587,,
flag-70x80-pole20,shared_adults.latino,optimum,V1,2,1856.5,1161.2,695.3,0.3315,0.59,0.2074,,fits,,A,3172.3,3428.8,0.5619,0.8751,1,True,separation,V0,0.2802,,
flag-70x80-pole20,shared_adults.latino,maximum,V0,1,2472.5,2472.5,0,0.4415,0.59,0.4415,,fits,,A,1616.5,1967.5,0.7483,0.6825,2,False,,,0.3553,,
flag-70x80-pole20,shared_adults.latino,maximum,V1,2,2592.5,1650.3,942.2,0.4629,0.59,0.2947,,fits,,A,2592.0,2789.7,0.7847,0.8049,1,True,separation,V0,0.3767,,
flag-70x80-pole20,shared_adults.latino,maximum,V4,2,2592.5,2388.5,204.0,0.4629,0.59,0.4265,,fits,,A,1716.2,2051.5,0.7847,0.6325,3,False,,,0.3767,,
flag-70x80-pole20,shared_adults.latino,accessible,V0,1,1766.4,1766.4,0,0.3154,0.59,0.3154,,fits,,A,2454.3,2823.6,0.5346,0.761,2,False,,,0.2641,,
flag-70x80-pole20,shared_adults.latino,accessible,V1,2,1886.4,1403.2,483.2,0.3369,0.59,0.2506,,fits,,A,2885.1,3186.8,0.5709,0.8299,1,True,separation,V0,0.2855,,
flag-70x80-pole20,shared_adults.latino,staged_final,V0,1,1736.5,1736.5,0,0.3101,0.59,0.3101,,fits,,A,2489.7,2853.5,0.5256,0.7641,2,False,,,0.2587,,
flag-70x80-pole20,shared_adults.latino,staged_final,V1,2,1856.5,1161.2,695.3,0.3315,0.59,0.2074,,fits,,A,3172.3,3428.8,0.5619,0.8751,1,True,separation,V0,0.2802,,
flag-70x80-pole20,shared_adults.anglo,minimum,V0,1,1506.5,1506.5,0,0.269,0.59,0.269,,fits,,A,2762.6,3083.5,0.456,0.7874,2,False,,,0.2177,,
flag-70x80-pole20,shared_adults.anglo,minimum,V1,2,1626.5,962.7,663.8,0.2904,0.59,0.1719,,fits,,A,3407.8,3627.3,0.4923,0.8953,1,True,separation,V0,0.2391,,
flag-70x80-pole20,shared_adults.anglo,optimum,V0,1,1863.0,1863.0,0,0.3327,0.59,0.3327,,fits,,A,2339.7,2727.0,0.5639,0.7488,2,False,,,0.2813,,
flag-70x80-pole20,shared_adults.anglo,optimum,V1,2,1983.0,1223.6,759.4,0.3541,0.59,0.2185,,fits,,A,3098.2,3366.4,0.6002,0.8587,1,True,separation,V0,0.3028,,
flag-70x80-pole20,shared_adults.anglo,maximum,V0,1,2472.5,2472.5,0,0.4415,0.59,0.4415,,fits,,A,1616.5,1967.5,0.7483,0.6746,2,False,,,0.3553,,
flag-70x80-pole20,shared_adults.anglo,maximum,V1,2,2592.5,1566.3,1026.2,0.4629,0.59,0.2797,,fits,,A,2691.7,2873.7,0.7847,0.7988,1,True,separation,V0,0.3767,,
flag-70x80-pole20,shared_adults.anglo,maximum,V4,2,2592.5,2388.5,204.0,0.4629,0.59,0.4265,,fits,,A,1716.2,2051.5,0.7847,0.6278,3,False,,,0.3767,,
flag-70x80-pole20,shared_adults.anglo,accessible,V0,1,1892.9,1892.9,0,0.338,0.59,0.338,,fits,,A,2304.2,2697.1,0.5729,0.7456,2,False,,,0.2867,,
flag-70x80-pole20,shared_adults.anglo,accessible,V1,2,2012.9,1464.9,548.0,0.3594,0.59,0.2616,,fits,,A,2812.0,3125.1,0.6092,0.8128,1,True,separation,V0,0.3081,,
flag-70x80-pole20,shared_adults.anglo,staged_final,V0,1,1863.0,1863.0,0,0.3327,0.59,0.3327,,fits,,A,2339.7,2727.0,0.5639,0.7488,2,False,,,0.2813,,
flag-70x80-pole20,shared_adults.anglo,staged_final,V1,2,1983.0,1223.6,759.4,0.3541,0.59,0.2185,,fits,,A,3098.2,3366.4,0.6002,0.8587,1,True,separation,V0,0.3028,,
