lot_id,household_id,profile,scheme_id,floors,gross_sqft,ground_sqft,upper_sqft,IC,IC_max,IO,IO_max,status,governing,strategy_used,garden_sqft,open_area_sqft,index,score,rank,best,decisive_metric,runner_up,IC_garage_excluded,variant_sensitive,equivalent_schemes
interior-50x100,young_couple.none,minimum,V0,1,1282.2,1282.2,0,0.2565,0.6,0.2565,,fits,,A,2606.1,3507.8,0.4274,0.9288,1,True,stair_independence,V1,0.1989,,
interior-50x100,young_couple.none,optimum,V0,1,1604.2,1604.2,0,0.3208,0.6,0.3208,,fits,,A,2193.3,3185.8,0.5347,0.8959,1,True,stair_independence,V1,0.2633,,
interior-50x100,young_couple.none,maximum,V2,2,2454.5,2027.5,427.0,0.4909,0.6,0.4055,,fits,,A,1650.7,2612.5,0.8182,0.813,1,True,open_area,V4,0.3943,,
interior-50x100,young_couple.none,accessible,V0,1,1634.1,1634.1,0,0.3268,0.6,0.3268,,fits,,A,2154.9,3155.9,0.5447,0.8928,1,True,upper_efficiency,V1,0.2693,,
interior-50x100,young_couple.none,staged_final,V2,2,1902.5,1498.1,404.4,0.3805,0.6,0.2996,,fits,,A,2329.4,3291.9,0.6342,0.8844,1,True,open_area,V0,0.323,,
interior-50x100,young_couple.latino,minimum,V0,1,1282.2,1282.2,0,0.2565,0.6,0.2565,,fits,,A,2606.1,3507.8,0.4274,0.9288,1,True,stair_independence,V1,0.1989,,
interior-50x100,young_couple.latino,optimum,V0,1,1604.2,1604.2,0,0.3208,0.6,0.3208,,fits,,A,2193.3,3185.8,0.5347,0.8959,1,True,stair_independence,V1,0.2633,,
interior-50x100,young_couple.latino,maximum,V2,2,2506.2,2079.6,426.7,0.5012,0.6,0.4159,,fits,,A,1583.9,2560.4,0.8354,0.8077,1,True,open_area,V4,0.4047,,
interior-50x100,young_couple.latino,accessible,V0,1,1634.1,1634.1,0,0.3268,0.6,0.3268,,fits,,A,2154.9,3155.9,0.5447,0.8928,1,True,upper_efficiency,V1,0.2693,,
interior-50x100,young_couple.latino,staged_final,V2,2,1902.5,1498.1,404.4,0.3805,0.6,0.2996,,fits,,A,2329.4,3291.9,0.6342,0.8844,1,True,open_area,V0,0.323,,
interior-50x100,young_couple.anglo,minimum,V0,1,1282.2,1282.2,0,0.2565,0.6,0.2565,,fits,,A,2606.1,3507.8,0.4274,0.9316,1,True,stair_independence,V1,0.1989,,
interior-50x100,young_couple.anglo,optimum,V0,1,1684.7,1684.7,0,0.3369,0.6,0.3369,,fits,,A,2090.1,3105.2,0.5616,0.8876,1,True,stair_independence,V1,0.2794,,
interior-50x100,young_couple.anglo,maximum,V2,2,2546.5,2120.1,426.4,0.5093,0.6,0.424,,fits,,A,1531.9,2519.9,0.8488,0.8002,1,True,stair_independence,V1,0.4127,,
interior-50x100,young_couple.anglo,accessible,V0,1,1714.6,1714.6,0,0.3429,0.6,0.3429,,fits,,A,2051.7,3075.4,0.5716,0.8843,1,True,upper_efficiency,V1,0.2854,,
interior-50x100,young_couple.anglo,staged_final,V2,2,1902.5,1498.1,404.4,0.3805,0.6,0.2996,,fits,,A,2329.4,3291.9,0.6342,0.8866,1,True,open_area,V0,0.323,,
interior-50x100,early_childhood.none,minimum,V0,1,1305.2,1305.2,0,0.2611,0.6,0.2611,,fits,,A,2576.6,3484.8,0.4351,0.9295,1,True,stair_independence,V1,0.2036,,
interior-50x100,early_childhood.none,optimum,V0,1,1610.0,1610.0,0,0.322,0.6,0.322,,fits,,A,2185.9,3180.0,0.5367,0.8958,1,True,stair_independence,V1,0.2645,,
interior-50x100,early_childhood.none,maximum,V1,2,2949.0,1999.7,949.3,0.5898,0.6,0.3999,,fits,,A,1686.3,2640.3,0.983,0.7611,1,True,open_area,V0,0.4932,,
interior-50x100,early_childhood.none,accessible,V0,1,1639.9,1639.9,0,0.328,0.6,0.328,,fits,,A,2147.6,3150.1,0.5466,0.8925,1,True,supervision,V1,0.2705,,
interior-50x100,early_childhood.none,staged_final,V0,1,1656.0,1656.0,0,0.3312,0.6,0.3312,,fits,,A,2126.9,3134.0,0.552,0.8908,1,True,stair_independence,V1,0.2737,,
interior-50x100,early_childhood.latino,minimum,V0,1,1305.2,1305.2,0,0.2611,0.6,0.2611,,fits,,A,2576.6,3484.8,0.4351,0.9295,1,True,stair_independence,V1,0.2036,,
interior-50x100,early_childhood.latino,optimum,V0,1,1610.0,1610.0,0,0.322,0.6,0.322,,fits,,A,2185.9,3180.0,0.5367,0.8958,1,True,stair_independence,V1,0.2645,,
interior-50x100,early_childhood.latino,maximum,V1,2,2655.8,1702.5,953.2,0.5312,0.6,0.3405,,fits,,A,2067.3,2937.5,0.8852,0.7881,1,True,open_area,V0,0.4345,,
interior-50x100,early_childhood.latino,accessible,V0,1,1639.9,1639.9,0,0.328,0.6,0.328,,fits,,A,2147.6,3150.1,0.5466,0.8925,1,True,supervision,V1,0.2705,,
interior-50x100,early_childhood.latino,staged_final,V0,1,1610.0,1610.0,0,0.322,0.6,0.322,,fits,,A,2185.9,3180.0,0.5367,0.8958,1,True,stair_independence,V1,0.2645,,
interior-50x100,early_childhood.anglo,minimum,V0,1,1305.2,1305.2,0,0.2611,0.6,0.2611,,fits,,A,2576.6,3484.8,0.4351,0.9295,1,True,stair_independence,V1,0.2036,,
interior-50x100,early_childhood.anglo,optimum,V0,1,1736.5,1736.5,0,0.3473,0.6,0.3473,,fits,,A,2023.7,3053.5,0.5788,0.8819,1,True,stair_independence,V1,0.2898,,
interior-50x100,early_childhood.anglo,maximum,V1,2,2949.0,1916.2,1032.8,0.5898,0.6,0.3832,,fits,,A,1793.4,2723.8,0.983,0.7629,1,True,open_area,V0,0.4932,,
interior-50x100,early_childhood.anglo,accessible,V0,1,1766.4,1766.4,0,0.3533,0.6,0.3533,,fits,,A,2147.1,3023.6,0.5888,0.8786,1,True,supervision,V1,0.2958,,
interior-50x100,early_childhood.anglo,staged_final,V0,1,1736.5,1736.5,0,0.3473,0.6,0.3473,,fits,,A,2023.7,3053.5,0.5788,0.8819,1,True,stair_independence,V1,0.2898,,
interior-50x100,teens_family.none,minimum,V2,2,1574.7,1141.9,432.9,0.3149,0.6,0.2284,,fits,,A,2786.0,3648.1,0.5249,0.9046,1,True,separation,V0,0.2574,,
interior-50x100,teens_family.none,optimum,V2,2,1925.5,1497.2,428.3,0.3851,0.6,0.2994,,fits,,A,2330.6,3292.8,0.6418,0.8725,1,True,separation,V0,0.3276,,
interior-50x100,teens_family.none,maximum,V2,2,2977.8,2362.9,614.8,0.5956,0.6,0.4726,,fits,,A,1220.6,2277.1,0.9926,0.7469,1,True,separation,V1,0.499,,
interior-50x100,teens_family.none,accessible,V1,2,1955.4,1581.7,373.7,0.3911,0.6,0.3163,,fits,,A,2222.2,3208.3,0.6518,0.8663,1,True,separation,V0,0.3336,,V2
interior-50x100,teens_family.none,staged_final,V2,2,1776.0,1503.7,272.3,0.3552,0.6,0.3007,,fits,,A,2322.2,3286.3,0.592,0.8547,1,True,separation,V0,0.2977,,
interior-50x100,teens_family.latino,minimum,V2,2,1574.7,1141.9,432.9,0.3149,0.6,0.2284,,fits,,A,2786.0,3648.1,0.5249,0.9046,1,True,separation,V0,0.2574,,
interior-50x100,teens_family.latino,optimum,V2,2,1925.5,1497.2,428.3,0.3851,0.6,0.2994,,fits,,A,2330.6,3292.8,0.6418,0.8725,1,True,separation,V0,0.3276,,
interior-50x100,teens_family.latino,maximum,V2,2,2977.8,2362.9,614.8,0.5956,0.6,0.4726,,fits,,A,1220.6,2277.1,0.9926,0.7469,1,True,separation,V1,0.499,,
interior-50x100,teens_family.latino,accessible,V1,2,1955.4,1581.7,373.7,0.3911,0.6,0.3163,,fits,,A,2222.2,3208.3,0.6518,0.8663,1,True,separation,V0,0.3336,,V2
interior-50x100,teens_family.latino,staged_final,V2,2,1776.0,1503.7,272.3,0.3552,0.6,0.3007,,fits,,A,2322.2,3286.3,0.592,0.8547,1,True,separation,V0,0.2977,,
interior-50x100,teens_family.anglo,minimum,V2,2,1574.7,1123.6,451.2,0.3149,0.6,0.2247,,fits,,A,2809.5,3666.4,0.5249,0.9065,1,True,separation,V0,0.2574,,
interior-50x100,teens_family.anglo,optimum,V2,2,2006.0,1512.2,493.8,0.4012,0.6,0.3024,,fits,,A,2311.3,3277.8,0.6687,0.8655,1,True,separation,V1,0.3437,,
interior-50x100,teens_family.anglo,maximum,V2,2,2972.0,2295.4,676.6,0.5944,0.6,0.4591,,fits,,A,1307.2,2344.6,0.9907,0.7473,1,True,separation,V1,0.4978,,
interior-50x100,teens_family.anglo,accessible,V1,2,2035.9,1662.8,373.1,0.4072,0.6,0.3326,,fits,,A,2118.2,3127.2,0.6786,0.8588,1,True,separation,V0,0.3497,,V2
interior-50x100,teens_family.anglo,staged_final,V2,2,1856.5,1584.7,271.8,0.3713,0.6,0.3169,,fits,,A,2218.3,3205.3,0.6188,0.8485,1,True,separation,V0,0.3138,,
interior-50x100,multigenerational.none,minimum,V0,1,1523.7,1523.7,0,0.3047,0.6,0.3047,,fits,,A,2296.5,3266.2,0.5079,0.8971,1,True,stair_independence,V1,0.2472,,
interior-50x100,multigenerational.none,optimum,V0,1,1811.2,1811.2,0,0.3622,0.6,0.3622,,fits,,A,2093.8,2978.8,0.6037,0.8626,1,True,stair_independence,V1,0.3047,,
interior-50x100,multigenerational.none,maximum,V1,2,2983.5,2004.6,978.9,0.5967,0.6,0.4009,,fits,,A,1680.0,2635.4,0.9945,0.7414,1,True,open_area,V2,0.5001,,
interior-50x100,multigenerational.none,accessible,V0,1,1841.1,1841.1,0,0.3682,0.6,0.3682,,fits,,A,2058.2,2948.9,0.6137,0.859,1,True,stair_independence,V1,0.3107,,
interior-50x100,multigenerational.none,staged_final,V2,2,2080.8,1653.9,426.9,0.4162,0.6,0.3308,,fits,,A,2129.7,3136.1,0.6936,0.8568,1,True,separation,V1,0.3587,,
interior-50x100,multigenerational.latino,minimum,V0,1,1523.7,1523.7,0,0.3047,0.6,0.3047,,fits,,A,2296.5,3266.2,0.5079,0.8971,1,True,stair_independence,V1,0.2472,,
interior-50x100,multigenerational.latino,optimum,V0,1,1811.2,1811.2,0,0.3622,0.6,0.3622,,fits,,A,2093.8,2978.8,0.6037,0.8626,1,True,stair_independence,V1,0.3047,,
interior-50x100,multigenerational.latino,maximum,V1,2,2983.5,2004.6,978.9,0.5967,0.6,0.4009,,fits,,A,1680.0,2635.4,0.9945,0.7414,1,True,open_area,V2,0.5001,,
interior-50x100,multigenerational.latino,accessible,V0,1,1841.1,1841.1,0,0.3682,0.6,0.3682,,fits,,A,2058.2,2948.9,0.6137,0.859,1,True,stair_independence,V1,0.3107,,
interior-50x100,multigenerational.latino,staged_final,V2,2,2080.8,1653.9,426.9,0.4162,0.6,0.3308,,fits,,A,2129.7,3136.1,0.6936,0.8568,1,True,separation,V1,0.3587,,
interior-50x100,multigenerational.anglo,minimum,V0,1,1523.7,1523.7,0,0.3047,0.6,0.3047,,fits,,A,2296.5,3266.2,0.5079,0.8971,1,True,stair_independence,V1,0.2472,,
interior-50x100,multigenerational.anglo,optimum,V0,1,2001.0,2001.0,0,0.4002,0.6,0.4002,,fits,,A,1684.6,2789.0,0.667,0.8398,1,True,stair_independence,V1,0.3427,,
interior-50x100,multigenerational.anglo,maximum,V1,2,2937.5,1815.0,1122.5,0.5875,0.6,0.363,,fits,,A,2089.3,2975.0,0.9792,0.7706,1,True,open_area,V2,0.53,,
interior-50x100,multigenerational.anglo,accessible,V1,2,2150.9,1526.4,624.5,0.4302,0.6,0.3053,,fits,,A,2293.0,3263.6,0.717,0.8366,1,True,open_area,V0,0.3727,,V3
interior-50x100,multigenerational.anglo,staged_final,V2,2,2270.5,1845.1,425.4,0.4541,0.6,0.369,,fits,,A,2053.5,2944.9,0.7568,0.8339,1,True,separation,V1,0.3966,,
interior-50x100,empty_nest.none,minimum,V0,1,1155.8,1155.8,0,0.2311,0.6,0.2311,,fits,,A,2768.3,3634.2,0.3852,0.9358,1,True,stair_independence,V1,0.1736,,
interior-50x100,empty_nest.none,optimum,V0,1,1431.8,1431.8,0,0.2863,0.6,0.2863,,fits,,A,2414.4,3358.2,0.4773,0.9137,1,True,only_feasible,,0.2288,,
interior-50x100,empty_nest.none,maximum,V0,1,2133.2,2133.2,0,0.4266,0.6,0.4266,,fits,,A,1515.1,2506.8,0.7111,0.8259,1,True,upper_efficiency,V1,0.3301,,
interior-50x100,empty_nest.none,accessible,V0,1,1461.6,1461.6,0,0.2923,0.6,0.2923,,fits,,A,2376.1,3328.4,0.4872,0.9106,1,True,only_feasible,,0.2348,,
interior-50x100,empty_nest.none,staged_final,V0,1,1431.8,1431.8,0,0.2863,0.6,0.2863,,fits,,A,2414.4,3358.2,0.4773,0.9137,1,True,only_feasible,,0.2288,,
interior-50x100,empty_nest.latino,minimum,V0,1,1155.8,1155.8,0,0.2311,0.6,0.2311,,fits,,A,2768.3,3634.2,0.3852,0.9358,1,True,stair_independence,V1,0.1736,,
interior-50x100,empty_nest.latino,optimum,V0,1,1431.8,1431.8,0,0.2863,0.6,0.2863,,fits,,A,2414.4,3358.2,0.4773,0.9137,1,True,only_feasible,,0.2288,,
interior-50x100,empty_nest.latino,maximum,V0,1,2185.0,2185.0,0,0.437,0.6,0.437,,fits,,A,1448.7,2455.0,0.7283,0.8205,1,True,upper_efficiency,V1,0.3404,,
interior-50x100,empty_nest.latino,accessible,V0,1,1461.6,1461.6,0,0.2923,0.6,0.2923,,fits,,A,2376.1,3328.4,0.4872,0.9106,1,True,only_feasible,,0.2348,,
interior-50x100,empty_nest.latino,staged_final,V0,1,1431.8,1431.8,0,0.2863,0.6,0.2863,,fits,,A,2414.4,3358.2,0.4773,0.9137,1,True,only_feasible,,0.2288,,
interior-50x100,empty_nest.anglo,minimum,V0,1,1155.8,1155.8,0,0.2311,0.6,0.2311,,fits,,A,2768.3,3634.2,0.3852,0.9384,1,True,stair_independence,V1,0.1736,,
interior-50x100,empty_nest.anglo,optimum,V0,1,1558.2,1558.2,0,0.3116,0.6,0.3116,,fits,,A,2252.2,3231.8,0.5194,0.9016,1,True,only_feasible,,0.2541,,
interior-50x100,empty_nest.anglo,maximum,V0,1,2277.0,2277.0,0,0.4554,0.6,0.4554,,fits,,A,1330.8,2363.0,0.759,0.8056,1,True,upper_efficiency,V1,0.3588,,
interior-50x100,empty_nest.anglo,accessible,V0,1,1588.1,1588.1,0,0.3176,0.6,0.3176,,fits,,A,2213.9,3201.9,0.5294,0.8983,1,True,only_feasible,,0.2601,,
interior-50x100,empty_nest.anglo,staged_final,V0,1,1558.2,1558.2,0,0.3116,0.6,0.3116,,fits,,A,2252.2,3231.8,0.5194,0.9016,1,True,only_feasible,,0.2541,,
interior-50x100,remote_work.none,minimum,V0,1,1282.2,1282.2,0,0.2565,0.6,0.2565,,fits,,A,2606.1,3507.8,0.4274,0.9145,1,True,stair_independence,V1,0.1989,,
interior-50x100,remote_work.none,optimum,V2,2,1776.0,1394.5,381.5,0.3552,0.6,0.2789,,fits,,A,2462.2,3395.5,0.592,0.8756,1,True,open_area,V0,0.2977,,
interior-50x100,remote_work.none,maximum,V2,2,2328.0,1743.1,584.9,0.4656,0.6,0.3486,,fits,,A,2015.2,3046.9,0.776,0.8189,1,True,open_area,V4,0.4081,,
interior-50x100,remote_work.none,accessible,V0,1,1685.9,1685.9,0,0.3372,0.6,0.3372,,fits,,A,2088.6,3104.1,0.562,0.865,1,True,upper_efficiency,V1,0.2797,,
interior-50x100,remote_work.none,staged_final,V2,2,1776.0,1394.5,381.5,0.3552,0.6,0.2789,,fits,,A,2462.2,3395.5,0.592,0.8756,1,True,open_area,V0,0.2977,,
interior-50x100,remote_work.latino,minimum,V0,1,1282.2,1282.2,0,0.2565,0.6,0.2565,,fits,,A,2606.1,3507.8,0.4274,0.9145,1,True,stair_independence,V1,0.1989,,
interior-50x100,remote_work.latino,optimum,V2,2,1776.0,1394.5,381.5,0.3552,0.6,0.2789,,fits,,A,2462.2,3395.5,0.592,0.8756,1,True,open_area,V0,0.2977,,
interior-50x100,remote_work.latino,maximum,V2,2,2552.2,1969.8,582.5,0.5104,0.6,0.394,,fits,,A,1724.7,2820.2,0.8507,0.791,1,True,open_area,V4,0.453,,
interior-50x100,remote_work.latino,accessible,V0,1,1685.9,1685.9,0,0.3372,0.6,0.3372,,fits,,A,2088.6,3104.1,0.562,0.865,1,True,upper_efficiency,V1,0.2797,,
interior-50x100,remote_work.latino,staged_final,V2,2,1776.0,1394.5,381.5,0.3552,0.6,0.2789,,fits,,A,2462.2,3395.5,0.592,0.8756,1,True,open_area,V0,0.2977,,
interior-50x100,remote_work.anglo,minimum,V0,1,1282.2,1282.2,0,0.2565,0.6,0.2565,,fits,,A,2606.1,3507.8,0.4274,0.9186,1,True,stair_independence,V1,0.1989,,
interior-50x100,remote_work.anglo,optimum,V2,2,1856.5,1475.8,380.7,0.3713,0.6,0.2952,,fits,,A,2357.9,3314.2,0.6188,0.8695,1,True,open_area,V0,0.3138,,
interior-50x100,remote_work.anglo,maximum,V2,2,2437.2,1853.6,583.6,0.4874,0.6,0.3707,,fits,,A,2043.3,2936.4,0.8124,0.8069,1,True,open_area,V4,0.4299,,
interior-50x100,remote_work.anglo,accessible,V0,1,1766.4,1766.4,0,0.3533,0.6,0.3533,,fits,,A,2147.1,3023.6,0.5888,0.8554,1,True,upper_efficiency,V1,0.2958,,
interior-50x100,remote_work.anglo,staged_final,V2,2,1856.5,1475.8,380.7,0.3713,0.6,0.2952,,fits,,A,2357.9,3314.2,0.6188,0.8695,1,True,open_area,V0,0.3138,,
interior-50x100,shared_adults.none,minimum,V1,2,1626.5,981.0,645.5,0.3253,0.6,0.1962,,fits,,A,2992.3,3809.0,0.5422,0.9014,1,True,separation,V0,0.2678,,
interior-50x100,shared_adults.none,optimum,V1,2,1856.5,1161.2,695.3,0.3713,0.6,0.2322,,fits,,A,2761.3,3628.8,0.6188,0.8875,1,True,separation,V0,0.3138,,
interior-50x100,shared_adults.none,maximum,V1,2,2540.7,1597.7,943.0,0.5081,0.6,0.3195,,fits,,A,2201.6,3042.3,0.8469,0.8131,1,True,separation,V0,0.4115,,
interior-50x100,shared_adults.none,accessible,V1,2,1886.4,1403.2,483.2,0.3773,0.6,0.2806,,fits,,A,2451.0,3386.8,0.6288,0.8475,1,True,separation,V0,0.3198,,
interior-50x100,shared_adults.none,staged_final,V1,2,1856.5,1161.2,695.3,0.3713,0.6,0.2322,,fits,,A,2761.3,3628.8,0.6188,0.8875,1,True,separation,V0,0.3138,,
interior-50x100,shared_adults.latino,minimum,V1,2,1626.5,981.0,645.5,0.3253,0.6,0.1962,,fits,,A,2992.3,3809.0,0.5422,0.9014,1,True,separation,V0,0.2678,,
interior-50x100,shared_adults.latino,optimum,V1,2,1856.5,1161.2,695.3,0.3713,0.6,0.2322,,fits,,A,2761.3,3628.8,0.6188,0.8875,1,True,separation,V0,0.3138,,
interior-50x100,shared_adults.latino,maximum,V1,2,2592.5,1650.3,942.2,0.5185,0.6,0.3301,,fits,,A,2134.2,2989.7,0.8642,0.8073,1,True,separation,V0,0.4219,,
interior-50x100,shared_adults.latino,accessible,V1,2,1886.4,1403.2,483.2,0.3773,0.6,0.2806,,fits,,A,2451.0,3386.8,0.6288,0.8475,1,True,separation,V0,0.3198,,
interior-50x100,shared_adults.latino,staged_final,V1,2,1856.5,1161.2,695.3,0.3713,0.6,0.2322,,fits,,A,2761.3,3628.8,0.6188,0.8875,1,True,separation,V0,0.3138,,
interior-50x100,shared_adults.anglo,minimum,V1,2,1626.5,962.7,663.8,0.3253,0.6,0.1925,,fits,,A,3015.8,3827.3,0.5422,0.9029,1,True,separation,V0,0.2678,,
interior-50x100,shared_adults.anglo,optimum,V1,2,1983.0,1223.6,759.4,0.3966,0.6,0.2447,,fits,,A,2681.3,3566.4,0.661,0.8788,1,True,separation,V0,0.3391,,
interior-50x100,shared_adults.anglo,maximum,V1,2,2592.5,1566.3,1026.2,0.5185,0.6,0.3133,,fits,,A,2241.9,3073.7,0.8642,0.8078,1,True,separation,V0,0.4219,,
interior-50x100,shared_adults.anglo,accessible,V1,2,2012.9,1464.9,548.0,0.4026,0.6,0.293,,fits,,A,2371.9,3325.1,0.671,0.8353,1,True,separation,V0,0.3451,,
interior-50x100,shared_adults.anglo,staged_final,V1,2,1983.0,1223.6,759.4,0.3966,0.6,0.2447,,fits,,A,2681.3,3566.4,0.661,0.8788,1,True,separation,V0,0.3391,,
corner-55x100,young_couple.none,minimum,V0,1,1282.2,1282.2,0,0.2331,0.59,0.2331,,fits,,A,3034.9,4007.8,0.3951,0.9341,1,True,stair_independence,V1,0.1809,,
corner-55x100,young_couple.none,optimum,V0,1,1604.2,1604.2,0,0.2917,0.59,0.2917,,fits,,A,2623.1,3685.8,0.4944,0.9105,1,True,stair_independence,V1,0.2394,,
corner-55x100,young_couple.none,maximum,V2,2,2454.5,2027.5,427.0,0.4463,0.59,0.3686,,fits,,A,2081.7,3112.5,0.7564,0.842,1,True,open_area,V4,0.3585,,
corner-55x100,young_couple.none,accessible,V0,1,1634.1,1634.1,0,0.2971,0.59,0.2971,,fits,,A,2584.8,3655.9,0.5036,0.9077,1,True,upper_efficiency,V1,0.2448,,
corner-55x100,young_couple.none,staged_final,V2,2,1902.5,1498.1,404.4,0.3459,0.59,0.2724,,fits,,A,2758.8,3791.9,0.5863,0.8998,1,True,open_area,V0,0.2936,,
corner-55x100,young_couple.latino,minimum,V0,1,1282.2,1282.2,0,0.2331,0.59,0.2331,,fits,,A,3034.9,4007.8,0.3951,0.9341,1,True,stair_independence,V1,0.1809,,
corner-55x100,young_couple.latino,optimum,V0,1,1604.2,1604.2,0,0.2917,0.59,0.2917,,fits,,A,2623.1,3685.8,0.4944,0.9105,1,True,stair_independence,V1,0.2394,,
corner-55x100,young_couple.latino,maximum,V2,2,2506.2,2079.6,426.7,0.4557,0.59,0.3781,,fits,,A,2015.1,3060.4,0.7723,0.8371,1,True,open_area,V4,0.3679,,
corner-55x100,young_couple.latino,accessible,V0,1,1634.1,1634.1,0,0.2971,0.59,0.2971,,fits,,A,2584.8,3655.9,0.5036,0.9077,1,True,upper_efficiency,V1,0.2448,,
corner-55x100,young_couple.latino,staged_final,V2,2,1902.5,1498.1,404.4,0.3459,0.59,0.2724,,fits,,A,2758.8,3791.9,0.5863,0.8998,1,True,open_area,V0,0.2936,,
corner-55x100,young_couple.anglo,minimum,V0,1,1282.2,1282.2,0,0.2331,0.59,0.2331,,fits,,A,3034.9,4007.8,0.3951,0.9368,1,True,stair_independence,V1,0.1809,,
corner-55x100,young_couple.anglo,optimum,V0,1,1684.7,1684.7,0,0.3063,0.59,0.3063,,fits,,A,2520.1,3605.2,0.5192,0.9042,1,True,stair_independence,V1,0.254,,
corner-55x100,young_couple.anglo,maximum,V2,2,2546.5,2120.1,426.4,0.463,0.59,0.3855,,fits,,A,1963.2,3019.9,0.7847,0.8313,1,True,open_area,V4,0.3752,,
corner-55x100,young_couple.anglo,accessible,V0,1,1714.6,1714.6,0,0.3118,0.59,0.3118,,fits,,A,2481.8,3575.4,0.5284,0.9012,1,True,upper_efficiency,V1,0.2595,,
corner-55x100,young_couple.anglo,staged_final,V2,2,1902.5,1498.1,404.4,0.3459,0.59,0.2724,,fits,,A,2758.8,3791.9,0.5863,0.9032,1,True,open_area,V0,0.2936,,
corner-55x100,early_childhood.none,minimum,V0,1,1305.2,1305.2,0,0.2373,0.59,0.2373,,fits,,A,3005.5,3984.8,0.4022,0.9356,1,True,stair_independence,V1,0.185,,
corner-55x100,early_childhood.none,optimum,V0,1,1610.0,1610.0,0,0.2927,0.59,0.2927,,fits,,A,2615.7,3680.0,0.4961,0.9118,1,True,stair_independence,V1,0.2405,,
corner-55x100,early_childhood.none,maximum,V1,2,2949.0,1999.7,949.3,0.5362,0.59,0.3636,,fits,,A,2117.2,3140.3,0.9088,0.7932,1,True,open_area,V0,0.4484,,
corner-55x100,early_childhood.none,accessible,V0,1,1639.9,1639.9,0,0.2982,0.59,0.2982,,fits,,A,2577.5,3650.1,0.5054,0.9088,1,True,supervision,V1,0.2459,,
corner-55x100,early_childhood.none,staged_final,V0,1,1656.0,1656.0,0,0.3011,0.59,0.3011,,fits,,A,2556.9,3634.0,0.5103,0.9071,1,True,stair_independence,V1,0.2488,,
corner-55x100,early_childhood.latino,minimum,V0,1,1305.2,1305.2,0,0.2373,0.59,0.2373,,fits,,A,3005.5,3984.8,0.4022,0.9356,1,True,stair_independence,V1,0.185,,
corner-55x100,early_childhood.latino,optimum,V0,1,1610.0,1610.0,0,0.2927,0.59,0.2927,,fits,,A,2615.7,3680.0,0.4961,0.9118,1,True,stair_independence,V1,0.2405,,
corner-55x100,early_childhood.latino,maximum,V1,2,3000.8,2052.1,948.7,0.5456,0.59,0.3731,,fits,,A,2050.3,3087.9,0.9247,0.7887,1,True,open_area,V0,0.4578,,
corner-55x100,early_childhood.latino,accessible,V0,1,1639.9,1639.9,0,0.2982,0.59,0.2982,,fits,,A,2577.5,3650.1,0.5054,0.9088,1,True,supervision,V1,0.2459,,
corner-55x100,early_childhood.latino,staged_final,V0,1,1656.0,1656.0,0,0.3011,0.59,0.3011,,fits,,A,2556.9,3634.0,0.5103,0.9071,1,True,stair_independence,V1,0.2488,,
corner-55x100,early_childhood.anglo,minimum,V0,1,1305.2,1305.2,0,0.2373,0.59,0.2373,,fits,,A,3005.5,3984.8,0.4022,0.9356,1,True,stair_independence,V1,0.185,,
corner-55x100,early_childhood.anglo,optimum,V0,1,1736.5,1736.5,0,0.3157,0.59,0.3157,,fits,,A,2453.9,3553.5,0.5351,0.899,1,True,stair_independence,V1,0.2635,,
corner-55x100,early_childhood.anglo,maximum,V1,2,2949.0,1916.2,1032.8,0.5362,0.59,0.3484,,fits,,A,2224.1,3223.8,0.9088,0.7946,1,True,open_area,V0,0.4484,,
corner-55x100,early_childhood.anglo,accessible,V0,1,1766.4,1766.4,0,0.3212,0.59,0.3212,,fits,,A,2415.7,3523.6,0.5443,0.8959,1,True,supervision,V1,0.2689,,
corner-55x100,early_childhood.anglo,staged_final,V0,1,1788.2,1788.2,0,0.3251,0.59,0.3251,,fits,,A,2387.7,3501.8,0.5511,0.8937,1,True,stair_independence,V1,0.2729,,
corner-55x100,teens_family.none,minimum,V2,2,1574.7,1141.9,432.9,0.2863,0.59,0.2076,,fits,,A,3214.4,4148.1,0.4853,0.9118,1,True,separation,V0,0.234,,
corner-55x100,teens_family.none,optimum,V2,2,1925.5,1497.2,428.3,0.3501,0.59,0.2722,,fits,,A,2760.0,3792.8,0.5934,0.8894,1,True,separation,V0,0.2978,,
corner-55x100,teens_family.none,maximum,V2,2,2977.8,2362.9,614.8,0.5414,0.59,0.4296,,fits,,A,1652.7,2777.1,0.9176,0.7825,1,True,separation,V1,0.4536,,
corner-55x100,teens_family.none,accessible,V1,2,1955.4,1581.7,373.7,0.3555,0.59,0.2876,,fits,,A,2652.0,3708.3,0.6026,0.8837,1,True,separation,V0,0.3033,,V2
corner-55x100,teens_family.none,staged_final,V2,2,1776.0,1503.7,272.3,0.3229,0.59,0.2734,,fits,,A,2751.7,3786.3,0.5473,0.8709,1,True,separation,V0,0.2706,,
corner-55x100,teens_family.latino,minimum,V2,2,1574.7,1141.9,432.9,0.2863,0.59,0.2076,,fits,,A,3214.4,4148.1,0.4853,0.9118,1,True,separation,V0,0.234,,
corner-55x100,teens_family.latino,optimum,V2,2,1925.5,1497.2,428.3,0.3501,0.59,0.2722,,fits,,A,2760.0,3792.8,0.5934,0.8894,1,True,separation,V0,0.2978,,
corner-55x100,teens_family.latino,maximum,V2,2,2977.8,2362.9,614.8,0.5414,0.59,0.4296,,fits,,A,1652.7,2777.1,0.9176,0.7825,1,True,separation,V1,0.4536,,
corner-55x100,teens_family.latino,accessible,V1,2,1955.4,1581.7,373.7,0.3555,0.59,0.2876,,fits,,A,2652.0,3708.3,0.6026,0.8837,1,True,separation,V0,0.3033,,V2
corner-55x100,teens_family.latino,staged_final,V2,2,1776.0,1503.7,272.3,0.3229,0.59,0.2734,,fits,,A,2751.7,3786.3,0.5473,0.8709,1,True,separation,V0,0.2706,,
corner-55x100,teens_family.anglo,minimum,V2,2,1574.7,1123.6,451.2,0.2863,0.59,0.2043,,fits,,A,3237.9,4166.4,0.4853,0.9134,1,True,separation,V0,0.234,,
corner-55x100,teens_family.anglo,optimum,V2,2,2057.8,1510.3,547.4,0.3741,0.59,0.2746,,fits,,A,2743.2,3779.7,0.6341,0.8813,1,True,separation,V0,0.3219,,
corner-55x100,teens_family.anglo,maximum,V2,2,3058.2,2378.4,679.8,0.556,0.59,0.4324,,fits,,A,1632.8,2761.6,0.9424,0.7746,1,True,separation,V1,0.4682,,
corner-55x100,teens_family.anglo,accessible,V1,2,2087.6,1660.8,426.8,0.3796,0.59,0.302,,fits,,A,2550.7,3629.2,0.6433,0.8756,1,True,separation,V0,0.3273,,V2
corner-55x100,teens_family.anglo,staged_final,V2,2,1856.5,1584.7,271.8,0.3375,0.59,0.2881,,fits,,A,2648.0,3705.3,0.5721,0.8668,1,True,separation,V0,0.2853,,
corner-55x100,multigenerational.none,minimum,V0,1,1523.7,1523.7,0,0.277,0.59,0.277,,fits,,A,2726.0,3766.2,0.4696,0.9136,1,True,stair_independence,V1,0.2248,,
corner-55x100,multigenerational.none,optimum,V0,1,1857.2,1857.2,0,0.3377,0.59,0.3377,,fits,,A,2299.4,3432.8,0.5723,0.8769,1,True,stair_independence,V1,0.2854,,
corner-55x100,multigenerational.none,maximum,V1,2,3230.7,2118.0,1112.8,0.5874,0.59,0.3851,,fits,,A,1966.0,3022.0,0.9956,0.7553,1,True,open_area,V2,0.4996,,
corner-55x100,multigenerational.none,accessible,V0,1,1887.1,1887.1,0,0.3431,0.59,0.3431,,fits,,A,2261.2,3402.9,0.5816,0.8736,1,True,stair_independence,V1,0.2908,,
corner-55x100,multigenerational.none,staged_final,V2,2,2126.8,1700.2,426.5,0.3867,0.59,0.3091,,fits,,A,2500.3,3589.8,0.6554,0.8713,1,True,separation,V1,0.3344,,
corner-55x100,multigenerational.latino,minimum,V0,1,1523.7,1523.7,0,0.277,0.59,0.277,,fits,,A,2726.0,3766.2,0.4696,0.9136,1,True,stair_independence,V1,0.2248,,
corner-55x100,multigenerational.latino,optimum,V0,1,1811.2,1811.2,0,0.3293,0.59,0.3293,,fits,,A,2358.3,3478.8,0.5582,0.882,1,True,stair_independence,V1,0.277,,
corner-55x100,multigenerational.latino,maximum,V1,2,3179.0,2065.6,1113.4,0.578,0.59,0.3756,,fits,,A,2032.9,3074.4,0.9797,0.7604,1,True,open_area,V2,0.4902,,
corner-55x100,multigenerational.latino,accessible,V0,1,1841.1,1841.1,0,0.3348,0.59,0.3348,,fits,,A,2320.0,3448.9,0.5674,0.8787,1,True,stair_independence,V1,0.2825,,
corner-55x100,multigenerational.latino,staged_final,V2,2,2126.8,1700.2,426.5,0.3867,0.59,0.3091,,fits,,A,2500.3,3589.8,0.6554,0.8713,1,True,separation,V1,0.3344,,
corner-55x100,multigenerational.anglo,minimum,V0,1,1523.7,1523.7,0,0.277,0.59,0.277,,fits,,A,2726.0,3766.2,0.4696,0.9136,1,True,stair_independence,V1,0.2248,,
corner-55x100,multigenerational.anglo,optimum,V0,1,2001.0,2001.0,0,0.3638,0.59,0.3638,,fits,,A,2115.6,3289.0,0.6166,0.8611,1,True,stair_independence,V1,0.3115,,
corner-55x100,multigenerational.anglo,maximum,V1,2,3202.0,2082.9,1119.1,0.5822,0.59,0.3787,,fits,,A,2010.8,3057.1,0.9867,0.7579,1,True,open_area,V2,0.4944,,
corner-55x100,multigenerational.anglo,accessible,V0,1,2030.9,2030.9,0,0.3693,0.59,0.3693,,fits,,A,2077.3,3259.1,0.6259,0.8578,1,True,stair_independence,V1,0.317,,
corner-55x100,multigenerational.anglo,staged_final,V2,2,2270.5,1845.1,425.4,0.4128,0.59,0.3355,,fits,,A,2315.0,3444.9,0.6997,0.8554,1,True,separation,V1,0.3605,,
corner-55x100,empty_nest.none,minimum,V0,1,1155.8,1155.8,0,0.2101,0.59,0.2101,,fits,,A,3196.7,4134.2,0.3562,0.9406,1,True,stair_independence,V1,0.1579,,
corner-55x100,empty_nest.none,optimum,V0,1,1431.8,1431.8,0,0.2603,0.59,0.2603,,fits,,A,2843.7,3858.2,0.4412,0.9265,1,True,only_feasible,,0.208,,
corner-55x100,empty_nest.none,maximum,V0,1,2133.2,2133.2,0,0.3879,0.59,0.3879,,fits,,A,1946.4,3006.8,0.6574,0.8539,1,True,upper_efficiency,V1,0.3,,
corner-55x100,empty_nest.none,accessible,V0,1,1461.6,1461.6,0,0.2658,0.59,0.2658,,fits,,A,2805.4,3828.4,0.4504,0.924,1,True,only_feasible,,0.2135,,
corner-55x100,empty_nest.none,staged_final,V0,1,1431.8,1431.8,0,0.2603,0.59,0.2603,,fits,,A,2843.7,3858.2,0.4412,0.9265,1,True,only_feasible,,0.208,,
corner-55x100,empty_nest.latino,minimum,V0,1,1155.8,1155.8,0,0.2101,0.59,0.2101,,fits,,A,3196.7,4134.2,0.3562,0.9406,1,True,stair_independence,V1,0.1579,,
corner-55x100,empty_nest.latino,optimum,V0,1,1431.8,1431.8,0,0.2603,0.59,0.2603,,fits,,A,2843.7,3858.2,0.4412,0.9265,1,True,only_feasible,,0.208,,
corner-55x100,empty_nest.latino,maximum,V0,1,2185.0,2185.0,0,0.3973,0.59,0.3973,,fits,,A,1880.2,2955.0,0.6733,0.849,1,True,upper_efficiency,V1,0.3095,,
corner-55x100,empty_nest.latino,accessible,V0,1,1461.6,1461.6,0,0.2658,0.59,0.2658,,fits,,A,2805.4,3828.4,0.4504,0.924,1,True,only_feasible,,0.2135,,
corner-55x100,empty_nest.latino,staged_final,V0,1,1431.8,1431.8,0,0.2603,0.59,0.2603,,fits,,A,2843.7,3858.2,0.4412,0.9265,1,True,only_feasible,,0.208,,
corner-55x100,empty_nest.anglo,minimum,V0,1,1155.8,1155.8,0,0.2101,0.59,0.2101,,fits,,A,3196.7,4134.2,0.3562,0.943,1,True,stair_independence,V1,0.1579,,
corner-55x100,empty_nest.anglo,optimum,V0,1,1558.2,1558.2,0,0.2833,0.59,0.2833,,fits,,A,2681.9,3731.8,0.4802,0.917,1,True,only_feasible,,0.231,,
corner-55x100,empty_nest.anglo,maximum,V0,1,2277.0,2277.0,0,0.414,0.59,0.414,,fits,,A,1762.6,2863.0,0.7017,0.8365,1,True,upper_efficiency,V1,0.3262,,
corner-55x100,empty_nest.anglo,accessible,V0,1,1588.1,1588.1,0,0.2888,0.59,0.2888,,fits,,A,2643.6,3701.9,0.4894,0.914,1,True,only_feasible,,0.2365,,
corner-55x100,empty_nest.anglo,staged_final,V0,1,1558.2,1558.2,0,0.2833,0.59,0.2833,,fits,,A,2681.9,3731.8,0.4802,0.917,1,True,only_feasible,,0.231,,
corner-55x100,remote_work.none,minimum,V0,1,1282.2,1282.2,0,0.2331,0.59,0.2331,,fits,,A,3034.9,4007.8,0.3951,0.921,1,True,stair_independence,V1,0.1809,,
corner-55x100,remote_work.none,optimum,V2,2,1776.0,1394.5,381.5,0.3229,0.59,0.2535,,fits,,A,2891.3,3895.5,0.5473,0.8905,1,True,open_area,V0,0.2706,,
corner-55x100,remote_work.none,maximum,V2,2,2328.0,1743.1,584.9,0.4233,0.59,0.3169,,fits,,A,2445.4,3546.9,0.7174,0.8408,1,True,open_area,V4,0.371,,
corner-55x100,remote_work.none,accessible,V0,1,1685.9,1685.9,0,0.3065,0.59,0.3065,,fits,,A,2518.6,3604.1,0.5195,0.8833,1,True,upper_efficiency,V1,0.2543,,
corner-55x100,remote_work.none,staged_final,V2,2,1776.0,1394.5,381.5,0.3229,0.59,0.2535,,fits,,A,2891.3,3895.5,0.5473,0.8905,1,True,open_area,V0,0.2706,,
corner-55x100,remote_work.latino,minimum,V0,1,1282.2,1282.2,0,0.2331,0.59,0.2331,,fits,,A,3034.9,4007.8,0.3951,0.921,1,True,stair_independence,V1,0.1809,,
corner-55x100,remote_work.latino,optimum,V2,2,1776.0,1394.5,381.5,0.3229,0.59,0.2535,,fits,,A,2891.3,3895.5,0.5473,0.8905,1,True,open_area,V0,0.2706,,
corner-55x100,remote_work.latino,maximum,V2,2,2552.2,1969.8,582.5,0.464,0.59,0.3581,,fits,,A,2155.5,3320.2,0.7865,0.8152,1,True,open_area,V4,0.4118,,
corner-55x100,remote_work.latino,accessible,V0,1,1685.9,1685.9,0,0.3065,0.59,0.3065,,fits,,A,2518.6,3604.1,0.5195,0.8833,1,True,upper_efficiency,V1,0.2543,,
corner-55x100,remote_work.latino,staged_final,V2,2,1776.0,1394.5,381.5,0.3229,0.59,0.2535,,fits,,A,2891.3,3895.5,0.5473,0.8905,1,True,open_area,V0,0.2706,,
corner-55x100,remote_work.anglo,minimum,V0,1,1282.2,1282.2,0,0.2331,0.59,0.2331,,fits,,A,3034.9,4007.8,0.3951,0.9247,1,True,stair_independence,V1,0.1809,,
corner-55x100,remote_work.anglo,optimum,V2,2,1856.5,1475.8,380.7,0.3375,0.59,0.2683,,fits,,A,2787.3,3814.2,0.5721,0.8888,1,True,open_area,V0,0.2853,,
corner-55x100,remote_work.anglo,maximum,V2,2,2437.2,1853.6,583.6,0.4431,0.59,0.337,,fits,,A,2304.1,3436.4,0.7511,0.8314,1,True,open_area,V4,0.3909,,
corner-55x100,remote_work.anglo,accessible,V0,1,1766.4,1766.4,0,0.3212,0.59,0.3212,,fits,,A,2415.7,3523.6,0.5443,0.8761,1,True,upper_efficiency,V1,0.2689,,
corner-55x100,remote_work.anglo,staged_final,V2,2,1856.5,1475.8,380.7,0.3375,0.59,0.2683,,fits,,A,2787.3,3814.2,0.5721,0.8888,1,True,open_area,V0,0.2853,,
corner-55x100,shared_adults.none,minimum,V1,2,1626.5,981.0,645.5,0.2957,0.59,0.1784,,fits,,A,3420.3,4309.0,0.5012,0.9089,1,True,separation,V0,0.2435,,
corner-55x100,shared_adults.none,optimum,V1,2,1856.5,1161.2,695.3,0.3375,0.59,0.2111,,fits,,A,3189.8,4128.8,0.5721,0.896,1,True,separation,V0,0.2853,,
corner-55x100,shared_adults.none,maximum,V1,2,2540.7,1597.7,943.0,0.462,0.59,0.2905,,fits,,A,2631.4,3542.3,0.783,0.8431,1,True,separation,V0,0.3741,,
corner-55x100,shared_adults.none,accessible,V1,2,1886.4,1403.2,483.2,0.343,0.59,0.2551,,fits,,A,2880.2,3886.8,0.5813,0.862,1,True,separation,V0,0.2907,,
corner-55x100,shared_adults.none,staged_final,V1,2,1856.5,1161.2,695.3,0.3375,0.59,0.2111,,fits,,A,3189.8,4128.8,0.5721,0.896,1,True,separation,V0,0.2853,,
corner-55x100,shared_adults.latino,minimum,V1,2,1626.5,981.0,645.5,0.2957,0.59,0.1784,,fits,,A,3420.3,4309.0,0.5012,0.9089,1,True,separation,V0,0.2435,,
corner-55x100,shared_adults.latino,optimum,V1,2,1856.5,1161.2,695.3,0.3375,0.59,0.2111,,fits,,A,3189.8,4128.8,0.5721,0.896,1,True,separation,V0,0.2853,,
corner-55x100,shared_adults.latino,maximum,V1,2,2592.5,1650.3,942.2,0.4714,0.59,0.3001,,fits,,A,2564.1,3489.7,0.7989,0.8377,1,True,separation,V0,0.3835,,
corner-55x100,shared_adults.latino,accessible,V1,2,1886.4,1403.2,483.2,0.343,0.59,0.2551,,fits,,A,2880.2,3886.8,0.5813,0.862,1,True,separation,V0,0.2907,,
corner-55x100,shared_adults.latino,staged_final,V1,2,1856.5,1161.2,695.3,0.3375,0.59,0.2111,,fits,,A,3189.8,4128.8,0.5721,0.896,1,True,separation,V0,0.2853,,
corner-55x100,shared_adults.anglo,minimum,V1,2,1626.5,962.7,663.8,0.2957,0.59,0.175,,fits,,A,3443.7,4327.3,0.5012,0.91,1,True,separation,V0,0.2435,,
corner-55x100,shared_adults.anglo,optimum,V1,2,1983.0,1223.6,759.4,0.3605,0.59,0.2225,,fits,,A,3109.9,4066.4,0.6111,0.8875,1,True,separation,V0,0.3083,,
corner-55x100,shared_adults.anglo,maximum,V1,2,2592.5,1566.3,1026.2,0.4714,0.59,0.2848,,fits,,A,2671.6,3573.7,0.7989,0.8388,1,True,separation,V0,0.3835,,
corner-55x100,shared_adults.anglo,accessible,V1,2,2012.9,1464.9,548.0,0.366,0.59,0.2663,,fits,,A,2801.3,3825.1,0.6203,0.8536,1,True,separation,V0,0.3137,,
corner-55x100,shared_adults.anglo,staged_final,V1,2,1983.0,1223.6,759.4,0.3605,0.59,0.2225,,fits,,A,3109.9,4066.4,0.6111,0.8875,1,True,separation,V0,0.3083,,
shallow-50x95,young_couple.none,minimum,V0,1,1282.2,1282.2,0,0.2699,0.6,0.2699,,fits,,A,2356.1,3257.8,0.4499,0.9216,1,True,stair_independence,V1,0.2094,,
shallow-50x95,young_couple.none,optimum,V0,1,1604.2,1604.2,0,0.3377,0.6,0.3377,,fits,,A,2090.2,2935.8,0.5629,0.8867,1,True,stair_independence,V1,0.2772,,
shallow-50x95,young_couple.none,maximum,V2,2,2454.5,2027.5,427.0,0.5167,0.6,0.4268,,fits,,A,1400.7,2362.5,0.8612,0.7999,1,True,open_area,V4,0.4151,,
shallow-50x95,young_couple.none,accessible,V0,1,1634.1,1634.1,0,0.344,0.6,0.344,,fits,,A,2054.6,2905.9,0.5734,0.8834,1,True,upper_efficiency,V1,0.2835,,
shallow-50x95,young_couple.none,staged_final,V2,2,1902.5,1498.1,404.4,0.4005,0.6,0.3154,,fits,,A,2079.4,3041.9,0.6675,0.8746,1,True,open_area,V0,0.34,,
shallow-50x95,young_couple.latino,minimum,V0,1,1282.2,1282.2,0,0.2699,0.6,0.2699,,fits,,A,2356.1,3257.8,0.4499,0.9216,1,True,stair_independence,V1,0.2094,,
shallow-50x95,young_couple.latino,optimum,V0,1,1604.2,1604.2,0,0.3377,0.6,0.3377,,fits,,A,2090.2,2935.8,0.5629,0.8867,1,True,stair_independence,V1,0.2772,,
shallow-50x95,young_couple.latino,maximum,V2,2,2506.2,2079.6,426.7,0.5276,0.6,0.4378,,fits,,A,1333.9,2310.4,0.8794,0.7942,1,True,open_area,V4,0.4259,,
shallow-50x95,young_couple.latino,accessible,V0,1,1634.1,1634.1,0,0.344,0.6,0.344,,fits,,A,2054.6,2905.9,0.5734,0.8834,1,True,upper_efficiency,V1,0.2835,,
shallow-50x95,young_couple.latino,staged_final,V2,2,1902.5,1498.1,404.4,0.4005,0.6,0.3154,,fits,,A,2079.4,3041.9,0.6675,0.8746,1,True,open_area,V0,0.34,,
shallow-50x95,young_couple.anglo,minimum,V0,1,1282.2,1282.2,0,0.2699,0.6,0.2699,,fits,,A,2356.1,3257.8,0.4499,0.924,1,True,stair_independence,V1,0.2094,,
shallow-50x95,young_couple.anglo,optimum,V0,1,1684.7,1684.7,0,0.3547,0.6,0.3547,,fits,,A,1840.1,2855.2,0.5911,0.8772,1,True,stair_independence,V1,0.2942,,
shallow-50x95,young_couple.anglo,maximum,V2,2,2546.5,2120.1,426.4,0.5361,0.6,0.4463,,fits,,A,1281.9,2269.9,0.8935,0.7856,1,True,stair_independence,V1,0.4344,,
shallow-50x95,young_couple.anglo,accessible,V0,1,1714.6,1714.6,0,0.361,0.6,0.361,,fits,,A,1801.7,2825.4,0.6016,0.8737,1,True,upper_efficiency,V1,0.3005,,
shallow-50x95,young_couple.anglo,staged_final,V2,2,1902.5,1498.1,404.4,0.4005,0.6,0.3154,,fits,,A,2079.4,3041.9,0.6675,0.8762,1,True,stair_independence,V1,0.34,,
shallow-50x95,early_childhood.none,minimum,V0,1,1305.2,1305.2,0,0.2748,0.6,0.2748,,fits,,A,2326.6,3234.8,0.458,0.9213,1,True,stair_independence,V1,0.2143,,
shallow-50x95,early_childhood.none,optimum,V0,1,1610.0,1610.0,0,0.3389,0.6,0.3389,,fits,,A,2083.3,2930.0,0.5649,0.8859,1,True,stair_independence,V1,0.2784,,
shallow-50x95,early_childhood.none,maximum,V1,2,2604.0,1650.0,954.0,0.5482,0.6,0.3474,,fits,,A,2035.7,2740.0,0.9137,0.7792,1,True,open_area,V0,0.4465,,
shallow-50x95,early_childhood.none,accessible,V0,1,1639.9,1639.9,0,0.3452,0.6,0.3452,,fits,,A,2047.7,2900.1,0.5754,0.8824,1,True,supervision,V1,0.2847,,
shallow-50x95,early_childhood.none,staged_final,V0,1,1610.0,1610.0,0,0.3389,0.6,0.3389,,fits,,A,2083.3,2930.0,0.5649,0.8859,1,True,stair_independence,V1,0.2784,,
shallow-50x95,early_childhood.latino,minimum,V0,1,1305.2,1305.2,0,0.2748,0.6,0.2748,,fits,,A,2326.6,3234.8,0.458,0.9213,1,True,stair_independence,V1,0.2143,,
shallow-50x95,early_childhood.latino,optimum,V0,1,1610.0,1610.0,0,0.3389,0.6,0.3389,,fits,,A,2083.3,2930.0,0.5649,0.8859,1,True,stair_independence,V1,0.2784,,
shallow-50x95,early_childhood.latino,maximum,V1,2,2655.8,1702.5,953.2,0.5591,0.6,0.3584,,fits,,A,1817.3,2687.5,0.9318,0.7744,1,True,open_area,V0,0.4574,,
shallow-50x95,early_childhood.latino,accessible,V0,1,1639.9,1639.9,0,0.3452,0.6,0.3452,,fits,,A,2047.7,2900.1,0.5754,0.8824,1,True,supervision,V1,0.2847,,
shallow-50x95,early_childhood.latino,staged_final,V0,1,1610.0,1610.0,0,0.3389,0.6,0.3389,,fits,,A,2083.3,2930.0,0.5649,0.8859,1,True,stair_independence,V1,0.2784,,
shallow-50x95,early_childhood.anglo,minimum,V0,1,1305.2,1305.2,0,0.2748,0.6,0.2748,,fits,,A,2326.6,3234.8,0.458,0.9213,1,True,stair_independence,V1,0.2143,,
shallow-50x95,early_childhood.anglo,optimum,V0,1,1736.5,1736.5,0,0.3656,0.6,0.3656,,fits,,A,1773.7,2803.5,0.6093,0.8711,1,True,stair_independence,V1,0.3051,,
shallow-50x95,early_childhood.anglo,maximum,V1,2,2604.0,1566.0,1038.0,0.5482,0.6,0.3297,,fits,,A,2135.7,2824.0,0.9137,0.7805,1,True,open_area,V0,0.4465,,
shallow-50x95,early_childhood.anglo,accessible,V0,1,1766.4,1766.4,0,0.3719,0.6,0.3719,,fits,,A,1735.4,2773.6,0.6198,0.8677,1,True,supervision,V1,0.3113,,
shallow-50x95,early_childhood.anglo,staged_final,V0,1,1736.5,1736.5,0,0.3656,0.6,0.3656,,fits,,A,1773.7,2803.5,0.6093,0.8711,1,True,stair_independence,V1,0.3051,,
shallow-50x95,teens_family.none,minimum,V2,2,1574.7,1141.9,432.9,0.3315,0.6,0.2404,,fits,,A,2536.0,3398.1,0.5525,0.8995,1,True,separation,V0,0.271,,
shallow-50x95,teens_family.none,optimum,V2,2,1925.5,1497.2,428.3,0.4054,0.6,0.3152,,fits,,A,2080.6,3042.8,0.6756,0.8617,1,True,separation,V0,0.3448,,
shallow-50x95,teens_family.none,maximum,V2,2,2816.8,2263.7,553.0,0.593,0.6,0.4766,,fits,,A,1097.8,2126.3,0.9883,0.7457,1,True,separation,V1,0.4913,,
shallow-50x95,teens_family.none,accessible,V1,2,1955.4,1581.7,373.7,0.4117,0.6,0.333,,fits,,A,2117.1,2958.3,0.6861,0.8552,1,True,separation,V0,0.3511,,V2
shallow-50x95,teens_family.none,staged_final,V2,2,1776.0,1503.7,272.3,0.3739,0.6,0.3166,,fits,,A,2072.2,3036.3,0.6232,0.8443,1,True,separation,V0,0.3134,,
shallow-50x95,teens_family.latino,minimum,V2,2,1574.7,1141.9,432.9,0.3315,0.6,0.2404,,fits,,A,2536.0,3398.1,0.5525,0.8995,1,True,separation,V0,0.271,,
shallow-50x95,teens_family.latino,optimum,V2,2,1925.5,1497.2,428.3,0.4054,0.6,0.3152,,fits,,A,2080.6,3042.8,0.6756,0.8617,1,True,separation,V0,0.3448,,
shallow-50x95,teens_family.latino,maximum,V2,2,2816.8,2263.7,553.0,0.593,0.6,0.4766,,fits,,A,1097.8,2126.3,0.9883,0.7457,1,True,separation,V1,0.4913,,
shallow-50x95,teens_family.latino,accessible,V1,2,1955.4,1581.7,373.7,0.4117,0.6,0.333,,fits,,A,2117.1,2958.3,0.6861,0.8552,1,True,separation,V0,0.3511,,V2
shallow-50x95,teens_family.latino,staged_final,V2,2,1776.0,1503.7,272.3,0.3739,0.6,0.3166,,fits,,A,2072.2,3036.3,0.6232,0.8443,1,True,separation,V0,0.3134,,
shallow-50x95,teens_family.anglo,minimum,V2,2,1574.7,1123.6,451.2,0.3315,0.6,0.2365,,fits,,A,2559.5,3416.4,0.5525,0.9017,1,True,separation,V0,0.271,,
shallow-50x95,teens_family.anglo,optimum,V2,2,2006.0,1512.2,493.8,0.4223,0.6,0.3183,,fits,,A,2061.3,3027.8,0.7039,0.8537,1,True,separation,V1,0.3618,,
shallow-50x95,teens_family.anglo,maximum,V2,2,2834.0,2227.6,606.4,0.5966,0.6,0.469,,fits,,A,1144.1,2162.4,0.9944,0.7424,1,True,separation,V1,0.4949,,
shallow-50x95,teens_family.anglo,accessible,V1,2,2035.9,1662.8,373.1,0.4286,0.6,0.3501,,fits,,A,2020.5,2877.2,0.7144,0.8465,1,True,separation,V0,0.3681,,V2
shallow-50x95,teens_family.anglo,staged_final,V2,2,1856.5,1584.7,271.8,0.3908,0.6,0.3336,,fits,,A,2113.4,2955.3,0.6514,0.837,1,True,separation,V0,0.3303,,
shallow-50x95,multigenerational.none,minimum,V0,1,1523.7,1523.7,0,0.3208,0.6,0.3208,,fits,,A,2046.5,3016.2,0.5346,0.8868,1,True,stair_independence,V1,0.2603,,
shallow-50x95,multigenerational.none,optimum,V1,2,1931.2,1370.1,561.1,0.4066,0.6,0.2884,,fits,,A,2243.4,3169.9,0.6776,0.851,1,True,open_area,V0,0.3461,,V3
shallow-50x95,multigenerational.none,maximum,V1,2,2822.5,1835.8,986.7,0.5942,0.6,0.3865,,fits,,A,1646.5,2704.2,0.9904,0.7639,1,True,open_area,V2,0.5337,,
shallow-50x95,multigenerational.none,accessible,V1,2,1961.1,1400.4,560.7,0.4129,0.6,0.2948,,fits,,A,2204.6,3139.6,0.6881,0.8477,1,True,open_area,V0,0.3523,,V3
shallow-50x95,multigenerational.none,staged_final,V2,2,2080.8,1653.9,426.9,0.4381,0.6,0.3482,,fits,,A,2031.1,2886.1,0.7301,0.8443,1,True,separation,V1,0.3775,,
shallow-50x95,multigenerational.latino,minimum,V0,1,1523.7,1523.7,0,0.3208,0.6,0.3208,,fits,,A,2046.5,3016.2,0.5346,0.8868,1,True,stair_independence,V1,0.2603,,
shallow-50x95,multigenerational.latino,optimum,V1,2,1931.2,1370.1,561.1,0.4066,0.6,0.2884,,fits,,A,2243.4,3169.9,0.6776,0.851,1,True,open_area,V0,0.3461,,V3
shallow-50x95,multigenerational.latino,maximum,V1,2,2822.5,1835.8,986.7,0.5942,0.6,0.3865,,fits,,A,1646.5,2704.2,0.9904,0.7639,1,True,open_area,V2,0.5337,,
shallow-50x95,multigenerational.latino,accessible,V1,2,1961.1,1400.4,560.7,0.4129,0.6,0.2948,,fits,,A,2204.6,3139.6,0.6881,0.8477,1,True,open_area,V0,0.3523,,V3
shallow-50x95,multigenerational.latino,staged_final,V2,2,2080.8,1653.9,426.9,0.4381,0.6,0.3482,,fits,,A,2031.1,2886.1,0.7301,0.8443,1,True,separation,V1,0.3775,,
shallow-50x95,multigenerational.anglo,minimum,V0,1,1523.7,1523.7,0,0.3208,0.6,0.3208,,fits,,A,2046.5,3016.2,0.5346,0.8868,1,True,stair_independence,V1,0.2603,,
shallow-50x95,multigenerational.anglo,optimum,V1,2,2121.0,1496.2,624.8,0.4465,0.6,0.315,,fits,,A,2081.9,3043.8,0.7442,0.8275,1,True,open_area,V0,0.386,,V3
shallow-50x95,multigenerational.anglo,maximum,V1,2,2811.0,1818.1,992.9,0.5918,0.6,0.3828,,fits,,A,1669.1,2721.9,0.9863,0.7625,1,True,open_area,V2,0.5313,,V3
shallow-50x95,multigenerational.anglo,accessible,V1,2,2150.9,1526.4,624.5,0.4528,0.6,0.3214,,fits,,A,2043.0,3013.6,0.7547,0.8243,1,True,open_area,V0,0.3923,,V3
shallow-50x95,multigenerational.anglo,staged_final,V2,2,2270.5,1845.1,425.4,0.478,0.6,0.3884,,fits,,A,1634.5,2694.9,0.7967,0.8203,1,True,separation,V1,0.4175,,
shallow-50x95,empty_nest.none,minimum,V0,1,1155.8,1155.8,0,0.2433,0.6,0.2433,,fits,,A,2518.3,3384.2,0.4055,0.9324,1,True,stair_independence,V1,0.1828,,
shallow-50x95,empty_nest.none,optimum,V0,1,1431.8,1431.8,0,0.3014,0.6,0.3014,,fits,,A,2164.4,3108.2,0.5024,0.9054,1,True,only_feasible,,0.2409,,
shallow-50x95,empty_nest.none,maximum,V0,1,2133.2,2133.2,0,0.4491,0.6,0.4491,,fits,,A,1265.1,2256.8,0.7485,0.8134,1,True,upper_efficiency,V1,0.3474,,
shallow-50x95,empty_nest.none,accessible,V0,1,1461.6,1461.6,0,0.3077,0.6,0.3077,,fits,,A,2126.1,3078.4,0.5129,0.9022,1,True,only_feasible,,0.2472,,
shallow-50x95,empty_nest.none,staged_final,V0,1,1431.8,1431.8,0,0.3014,0.6,0.3014,,fits,,A,2164.4,3108.2,0.5024,0.9054,1,True,only_feasible,,0.2409,,
shallow-50x95,empty_nest.latino,minimum,V0,1,1155.8,1155.8,0,0.2433,0.6,0.2433,,fits,,A,2518.3,3384.2,0.4055,0.9324,1,True,stair_independence,V1,0.1828,,
shallow-50x95,empty_nest.latino,optimum,V0,1,1431.8,1431.8,0,0.3014,0.6,0.3014,,fits,,A,2164.4,3108.2,0.5024,0.9054,1,True,only_feasible,,0.2409,,
shallow-50x95,empty_nest.latino,maximum,V0,1,2185.0,2185.0,0,0.46,0.6,0.46,,fits,,A,1198.7,2205.0,0.7667,0.8077,1,True,upper_efficiency,V1,0.3583,,
shallow-50x95,empty_nest.latino,accessible,V0,1,1461.6,1461.6,0,0.3077,0.6,0.3077,,fits,,A,2126.1,3078.4,0.5129,0.9022,1,True,only_feasible,,0.2472,,
shallow-50x95,empty_nest.latino,staged_final,V0,1,1431.8,1431.8,0,0.3014,0.6,0.3014,,fits,,A,2164.4,3108.2,0.5024,0.9054,1,True,only_feasible,,0.2409,,
shallow-50x95,empty_nest.anglo,minimum,V0,1,1155.8,1155.8,0,0.2433,0.6,0.2433,,fits,,A,2518.3,3384.2,0.4055,0.9351,1,True,stair_independence,V1,0.1828,,
shallow-50x95,empty_nest.anglo,optimum,V0,1,1558.2,1558.2,0,0.3281,0.6,0.3281,,fits,,A,2002.2,2981.8,0.5468,0.8919,1,True,only_feasible,,0.2675,,
shallow-50x95,empty_nest.anglo,maximum,V0,1,2277.0,2277.0,0,0.4794,0.6,0.4794,,fits,,A,1080.8,2113.0,0.7989,0.7913,1,True,upper_efficiency,V1,0.3777,,
shallow-50x95,empty_nest.anglo,accessible,V0,1,1588.1,1588.1,0,0.3343,0.6,0.3343,,fits,,A,2109.3,2951.9,0.5572,0.8884,1,True,only_feasible,,0.2738,,
shallow-50x95,empty_nest.anglo,staged_final,V0,1,1558.2,1558.2,0,0.3281,0.6,0.3281,,fits,,A,2002.2,2981.8,0.5468,0.8919,1,True,only_feasible,,0.2675,,
shallow-50x95,remote_work.none,minimum,V0,1,1282.2,1282.2,0,0.2699,0.6,0.2699,,fits,,A,2356.1,3257.8,0.4499,0.906,1,True,stair_independence,V1,0.2094,,
shallow-50x95,remote_work.none,optimum,V2,2,1776.0,1394.5,381.5,0.3739,0.6,0.2936,,fits,,A,2212.2,3145.5,0.6232,0.8646,1,True,open_area,V0,0.3134,,
shallow-50x95,remote_work.none,maximum,V2,2,2328.0,1743.1,584.9,0.4901,0.6,0.367,,fits,,A,1765.2,2796.9,0.8168,0.8049,1,True,open_area,V4,0.4296,,
shallow-50x95,remote_work.none,accessible,V0,1,1685.9,1685.9,0,0.3549,0.6,0.3549,,fits,,A,1838.6,2854.1,0.5915,0.8534,1,True,upper_efficiency,V1,0.2944,,
shallow-50x95,remote_work.none,staged_final,V2,2,1776.0,1394.5,381.5,0.3739,0.6,0.2936,,fits,,A,2212.2,3145.5,0.6232,0.8646,1,True,open_area,V0,0.3134,,
shallow-50x95,remote_work.latino,minimum,V0,1,1282.2,1282.2,0,0.2699,0.6,0.2699,,fits,,A,2356.1,3257.8,0.4499,0.906,1,True,stair_independence,V1,0.2094,,
shallow-50x95,remote_work.latino,optimum,V2,2,1776.0,1394.5,381.5,0.3739,0.6,0.2936,,fits,,A,2212.2,3145.5,0.6232,0.8646,1,True,open_area,V0,0.3134,,
shallow-50x95,remote_work.latino,maximum,V2,2,2552.2,1969.8,582.5,0.5373,0.6,0.4147,,fits,,A,1474.7,2570.2,0.8955,0.7755,1,True,open_area,V4,0.4768,,
shallow-50x95,remote_work.latino,accessible,V0,1,1685.9,1685.9,0,0.3549,0.6,0.3549,,fits,,A,1838.6,2854.1,0.5915,0.8534,1,True,upper_efficiency,V1,0.2944,,
shallow-50x95,remote_work.latino,staged_final,V2,2,1776.0,1394.5,381.5,0.3739,0.6,0.2936,,fits,,A,2212.2,3145.5,0.6232,0.8646,1,True,open_area,V0,0.3134,,
shallow-50x95,remote_work.anglo,minimum,V0,1,1282.2,1282.2,0,0.2699,0.6,0.2699,,fits,,A,2356.1,3257.8,0.4499,0.9095,1,True,stair_independence,V1,0.2094,,
shallow-50x95,remote_work.anglo,optimum,V2,2,1856.5,1475.8,380.7,0.3908,0.6,0.3107,,fits,,A,2107.9,3064.2,0.6514,0.8572,1,True,open_area,V0,0.3303,,
shallow-50x95,remote_work.anglo,maximum,V2,2,2437.2,1853.6,583.6,0.5131,0.6,0.3902,,fits,,A,1623.6,2686.4,0.8552,0.7914,1,True,stair_independence,V1,0.4526,,
shallow-50x95,remote_work.anglo,accessible,V0,1,1766.4,1766.4,0,0.3719,0.6,0.3719,,fits,,A,1735.4,2773.6,0.6198,0.8425,1,True,upper_efficiency,V1,0.3113,,
shallow-50x95,remote_work.anglo,staged_final,V2,2,1856.5,1475.8,380.7,0.3908,0.6,0.3107,,fits,,A,2107.9,3064.2,0.6514,0.8572,1,True,open_area,V0,0.3303,,
shallow-50x95,shared_adults.none,minimum,V1,2,1626.5,981.0,645.5,0.3424,0.6,0.2065,,fits,,A,2742.3,3559.0,0.5707,0.8962,1,True,separation,V0,0.2819,,
shallow-50x95,shared_adults.none,optimum,V1,2,1856.5,1161.2,695.3,0.3908,0.6,0.2445,,fits,,A,2511.3,3378.8,0.6514,0.8816,1,True,separation,V0,0.3303,,
shallow-50x95,shared_adults.none,maximum,V1,2,2540.7,1597.7,943.0,0.5349,0.6,0.3364,,fits,,A,2097.9,2792.3,0.8915,0.7997,1,True,separation,V0,0.4332,,
shallow-50x95,shared_adults.none,accessible,V1,2,1886.4,1403.2,483.2,0.3971,0.6,0.2954,,fits,,A,2201.0,3136.8,0.6619,0.8371,1,True,separation,V0,0.3366,,
shallow-50x95,shared_adults.none,staged_final,V1,2,1856.5,1161.2,695.3,0.3908,0.6,0.2445,,fits,,A,2511.3,3378.8,0.6514,0.8816,1,True,separation,V0,0.3303,,
shallow-50x95,shared_adults.latino,minimum,V1,2,1626.5,981.0,645.5,0.3424,0.6,0.2065,,fits,,A,2742.3,3559.0,0.5707,0.8962,1,True,separation,V0,0.2819,,
shallow-50x95,shared_adults.latino,optimum,V1,2,1856.5,1161.2,695.3,0.3908,0.6,0.2445,,fits,,A,2511.3,3378.8,0.6514,0.8816,1,True,separation,V0,0.3303,,
shallow-50x95,shared_adults.latino,maximum,V1,2,2592.5,1650.3,942.2,0.5458,0.6,0.3474,,fits,,A,2035.3,2739.7,0.9096,0.7935,1,True,separation,V0,0.4441,,
shallow-50x95,shared_adults.latino,accessible,V1,2,1886.4,1403.2,483.2,0.3971,0.6,0.2954,,fits,,A,2201.0,3136.8,0.6619,0.8371,1,True,separation,V0,0.3366,,
shallow-50x95,shared_adults.latino,staged_final,V1,2,1856.5,1161.2,695.3,0.3908,0.6,0.2445,,fits,,A,2511.3,3378.8,0.6514,0.8816,1,True,separation,V0,0.3303,,
shallow-50x95,shared_adults.anglo,minimum,V1,2,1626.5,962.7,663.8,0.3424,0.6,0.2027,,fits,,A,2765.8,3577.3,0.5707,0.8979,1,True,separation,V0,0.2819,,
shallow-50x95,shared_adults.anglo,optimum,V1,2,1983.0,1223.6,759.4,0.4175,0.6,0.2576,,fits,,A,2431.3,3316.4,0.6958,0.8722,1,True,separation,V0,0.3569,,
shallow-50x95,shared_adults.anglo,maximum,V1,2,2592.5,1566.3,1026.2,0.5458,0.6,0.3297,,fits,,A,2135.4,2823.7,0.9096,0.7936,1,True,separation,V0,0.4441,,
shallow-50x95,shared_adults.anglo,accessible,V1,2,2012.9,1464.9,548.0,0.4238,0.6,0.3084,,fits,,A,2121.9,3075.1,0.7063,0.8237,1,True,separation,V0,0.3632,,
shallow-50x95,shared_adults.anglo,staged_final,V1,2,1983.0,1223.6,759.4,0.4175,0.6,0.2576,,fits,,A,2431.3,3316.4,0.6958,0.8722,1,True,separation,V0,0.3569,,
narrow-40x125,young_couple.none,minimum,V0,1,1282.2,1282.2,0,0.2565,0.6,0.2565,,fits,,A,2678.9,3507.8,0.4274,0.9229,1,True,stair_independence,V1,0.1989,,
narrow-40x125,young_couple.none,optimum,V0,1,1604.2,1604.2,0,0.3208,0.6,0.3208,,fits,,A,2246.6,3185.8,0.5347,0.8901,1,True,stair_independence,V1,0.2633,,
narrow-40x125,young_couple.none,maximum,V2,2,2454.5,2027.5,427.0,0.4909,0.6,0.4055,,fits,,A,1678.6,2613.7,0.8182,0.7781,1,True,open_area,V4,0.3943,,
narrow-40x125,young_couple.none,accessible,V0,1,1634.1,1634.1,0,0.3268,0.6,0.3268,,fits,,A,2206.5,3155.9,0.5447,0.887,1,True,upper_efficiency,V1,0.2693,,
narrow-40x125,young_couple.none,staged_final,V2,2,1902.5,1498.1,404.4,0.3805,0.6,0.2996,,fits,,A,2389.1,3291.9,0.6342,0.8786,1,True,open_area,V0,0.323,,
narrow-40x125,young_couple.latino,minimum,V0,1,1282.2,1282.2,0,0.2565,0.6,0.2565,,fits,,A,2678.9,3507.8,0.4274,0.9229,1,True,stair_independence,V1,0.1989,,
narrow-40x125,young_couple.latino,optimum,V0,1,1604.2,1604.2,0,0.3208,0.6,0.3208,,fits,,A,2246.6,3185.8,0.5347,0.8901,1,True,stair_independence,V1,0.2633,,
narrow-40x125,young_couple.latino,maximum,V2,2,2506.2,2079.6,426.7,0.5012,0.6,0.4159,,fits,,A,1608.6,2561.6,0.8354,0.7727,1,True,open_area,V4,0.4047,,
narrow-40x125,young_couple.latino,accessible,V0,1,1634.1,1634.1,0,0.3268,0.6,0.3268,,fits,,A,2206.5,3155.9,0.5447,0.887,1,True,upper_efficiency,V1,0.2693,,
narrow-40x125,young_couple.latino,staged_final,V2,2,1902.5,1498.1,404.4,0.3805,0.6,0.2996,,fits,,A,2389.1,3291.9,0.6342,0.8786,1,True,open_area,V0,0.323,,
narrow-40x125,young_couple.anglo,minimum,V0,1,1282.2,1282.2,0,0.2565,0.6,0.2565,,fits,,A,2678.9,3507.8,0.4274,0.926,1,True,stair_independence,V1,0.1989,,
narrow-40x125,young_couple.anglo,optimum,V0,1,1684.7,1684.7,0,0.3369,0.6,0.3369,,fits,,A,2138.6,3105.2,0.5616,0.882,1,True,stair_independence,V1,0.2794,,
narrow-40x125,young_couple.anglo,maximum,V2,2,2546.5,2120.1,426.4,0.5093,0.6,0.424,,fits,,A,1554.2,2521.1,0.8488,0.7666,1,True,stair_independence,V1,0.4127,,
narrow-40x125,young_couple.anglo,accessible,V0,1,1714.6,1714.6,0,0.3429,0.6,0.3429,,fits,,A,2098.5,3075.4,0.5716,0.8787,1,True,upper_efficiency,V1,0.2854,,
narrow-40x125,young_couple.anglo,staged_final,V2,2,1902.5,1498.1,404.4,0.3805,0.6,0.2996,,fits,,A,2389.1,3291.9,0.6342,0.881,1,True,open_area,V0,0.323,,
narrow-40x125,early_childhood.none,minimum,V0,1,1305.2,1305.2,0,0.2611,0.6,0.2611,,fits,,A,2648.0,3484.8,0.4351,0.9239,1,True,stair_independence,V1,0.2036,,
narrow-40x125,early_childhood.none,optimum,V0,1,1610.0,1610.0,0,0.322,0.6,0.322,,fits,,A,2238.9,3180.0,0.5367,0.8902,1,True,stair_independence,V1,0.2645,,
narrow-40x125,early_childhood.none,maximum,V1,2,2949.0,1999.7,949.3,0.5898,0.6,0.3999,,fits,,A,2019.4,2640.3,0.983,0.7275,1,True,open_area,V0,0.4932,,
narrow-40x125,early_childhood.none,accessible,V0,1,1639.9,1639.9,0,0.328,0.6,0.328,,fits,,A,2198.8,3150.1,0.5466,0.8869,1,True,supervision,V1,0.2705,,
narrow-40x125,early_childhood.none,staged_final,V0,1,1656.0,1656.0,0,0.3312,0.6,0.3312,,fits,,A,2177.2,3134.0,0.552,0.8852,1,True,stair_independence,V1,0.2737,,
narrow-40x125,early_childhood.latino,minimum,V0,1,1305.2,1305.2,0,0.2611,0.6,0.2611,,fits,,A,2648.0,3484.8,0.4351,0.9239,1,True,stair_independence,V1,0.2036,,
narrow-40x125,early_childhood.latino,optimum,V0,1,1610.0,1610.0,0,0.322,0.6,0.322,,fits,,A,2238.9,3180.0,0.5367,0.8902,1,True,stair_independence,V1,0.2645,,
narrow-40x125,early_childhood.latino,maximum,V1,2,2655.8,1702.5,953.2,0.5312,0.6,0.3405,,fits,,A,2114.7,2938.7,0.8852,0.7546,1,True,open_area,V0,0.4345,,
narrow-40x125,early_childhood.latino,accessible,V0,1,1639.9,1639.9,0,0.328,0.6,0.328,,fits,,A,2198.8,3150.1,0.5466,0.8869,1,True,supervision,V1,0.2705,,
narrow-40x125,early_childhood.latino,staged_final,V0,1,1610.0,1610.0,0,0.322,0.6,0.322,,fits,,A,2238.9,3180.0,0.5367,0.8902,1,True,stair_independence,V1,0.2645,,
narrow-40x125,early_childhood.anglo,minimum,V0,1,1305.2,1305.2,0,0.2611,0.6,0.2611,,fits,,A,2648.0,3484.8,0.4351,0.9239,1,True,stair_independence,V1,0.2036,,
narrow-40x125,early_childhood.anglo,optimum,V0,1,1736.5,1736.5,0,0.3473,0.6,0.3473,,fits,,A,2069.1,3053.5,0.5788,0.8763,1,True,stair_independence,V1,0.2898,,
narrow-40x125,early_childhood.anglo,maximum,V1,2,2949.0,1916.2,1032.8,0.5898,0.6,0.3832,,fits,,A,2118.9,2723.8,0.983,0.7293,1,True,open_area,V0,0.4932,,
narrow-40x125,early_childhood.anglo,accessible,V0,1,1766.4,1766.4,0,0.3533,0.6,0.3533,,fits,,A,2029.0,3023.6,0.5888,0.873,1,True,supervision,V1,0.2958,,
narrow-40x125,early_childhood.anglo,staged_final,V0,1,1736.5,1736.5,0,0.3473,0.6,0.3473,,fits,,A,2069.1,3053.5,0.5788,0.8763,1,True,stair_independence,V1,0.2898,,
narrow-40x125,teens_family.none,minimum,V2,2,1574.7,1141.9,432.9,0.3149,0.6,0.2284,,fits,,A,2867.3,3648.1,0.5249,0.8982,1,True,separation,V0,0.2574,,
narrow-40x125,teens_family.none,optimum,V2,2,1925.5,1497.2,428.3,0.3851,0.6,0.2994,,fits,,A,2390.4,3292.8,0.6418,0.8662,1,True,separation,V0,0.3276,,
narrow-40x125,teens_family.none,maximum,V2,2,2977.8,2362.9,614.8,0.5956,0.6,0.4726,,fits,,A,1228.3,2278.3,0.9926,0.7088,1,True,separation,V1,0.499,,
narrow-40x125,teens_family.none,accessible,V1,2,1955.4,1581.7,373.7,0.3911,0.6,0.3163,,fits,,A,2277.0,3208.3,0.6518,0.86,1,True,separation,V0,0.3336,,V2
narrow-40x125,teens_family.none,staged_final,V2,2,1776.0,1503.7,272.3,0.3552,0.6,0.3007,,fits,,A,2381.6,3286.3,0.592,0.8483,1,True,separation,V0,0.2977,,
narrow-40x125,teens_family.latino,minimum,V2,2,1574.7,1141.9,432.9,0.3149,0.6,0.2284,,fits,,A,2867.3,3648.1,0.5249,0.8982,1,True,separation,V0,0.2574,,
narrow-40x125,teens_family.latino,optimum,V2,2,1925.5,1497.2,428.3,0.3851,0.6,0.2994,,fits,,A,2390.4,3292.8,0.6418,0.8662,1,True,separation,V0,0.3276,,
narrow-40x125,teens_family.latino,maximum,V2,2,2977.8,2362.9,614.8,0.5956,0.6,0.4726,,fits,,A,1228.3,2278.3,0.9926,0.7088,1,True,separation,V1,0.499,,
narrow-40x125,teens_family.latino,accessible,V1,2,1955.4,1581.7,373.7,0.3911,0.6,0.3163,,fits,,A,2277.0,3208.3,0.6518,0.86,1,True,separation,V0,0.3336,,V2
narrow-40x125,teens_family.latino,staged_final,V2,2,1776.0,1503.7,272.3,0.3552,0.6,0.3007,,fits,,A,2381.6,3286.3,0.592,0.8483,1,True,separation,V0,0.2977,,
narrow-40x125,teens_family.anglo,minimum,V2,2,1574.7,1123.6,451.2,0.3149,0.6,0.2247,,fits,,A,2891.9,3666.4,0.5249,0.9004,1,True,separation,V0,0.2574,,
narrow-40x125,teens_family.anglo,optimum,V2,2,2006.0,1512.2,493.8,0.4012,0.6,0.3024,,fits,,A,2370.3,3277.8,0.6687,0.8594,1,True,separation,V1,0.3437,,
narrow-40x125,teens_family.anglo,maximum,V2,2,2972.0,2295.4,676.6,0.5944,0.6,0.4591,,fits,,A,1319.0,2345.8,0.9907,0.7108,1,True,separation,V1,0.4978,,
narrow-40x125,teens_family.anglo,accessible,V1,2,2035.9,1662.8,373.1,0.4072,0.6,0.3326,,fits,,A,2168.0,3127.2,0.6786,0.8527,1,True,separation,V0,0.3497,,V2
narrow-40x125,teens_family.anglo,staged_final,V2,2,1856.5,1584.7,271.8,0.3713,0.6,0.3169,,fits,,A,2272.8,3205.3,0.6188,0.8424,1,True,separation,V0,0.3138,,
narrow-40x125,multigenerational.none,minimum,V0,1,1523.7,1523.7,0,0.3047,0.6,0.3047,,fits,,A,2354.7,3266.2,0.5079,0.8911,1,True,stair_independence,V1,0.2472,,
narrow-40x125,multigenerational.none,optimum,V0,1,1811.2,1811.2,0,0.3622,0.6,0.3622,,fits,,A,2243.8,2978.8,0.6037,0.8565,1,True,stair_independence,V1,0.3047,,
narrow-40x125,multigenerational.none,maximum,V1,2,2983.5,2004.6,978.9,0.5967,0.6,0.4009,,fits,,A,2013.6,2635.4,0.9945,0.7048,1,True,open_area,V2,0.5001,,
narrow-40x125,multigenerational.none,accessible,V0,1,1841.1,1841.1,0,0.3682,0.6,0.3682,,fits,,A,2208.2,2948.9,0.6137,0.8529,1,True,stair_independence,V1,0.3107,,
narrow-40x125,multigenerational.none,staged_final,V2,2,2080.8,1653.9,426.9,0.4162,0.6,0.3308,,fits,,A,2180.1,3136.1,0.6936,0.8507,1,True,separation,V1,0.3587,,
narrow-40x125,multigenerational.latino,minimum,V0,1,1523.7,1523.7,0,0.3047,0.6,0.3047,,fits,,A,2354.7,3266.2,0.5079,0.8911,1,True,stair_independence,V1,0.2472,,
narrow-40x125,multigenerational.latino,optimum,V0,1,1811.2,1811.2,0,0.3622,0.6,0.3622,,fits,,A,2243.8,2978.8,0.6037,0.8565,1,True,stair_independence,V1,0.3047,,
narrow-40x125,multigenerational.latino,maximum,V1,2,2983.5,2004.6,978.9,0.5967,0.6,0.4009,,fits,,A,2013.6,2635.4,0.9945,0.7048,1,True,open_area,V2,0.5001,,
narrow-40x125,multigenerational.latino,accessible,V0,1,1841.1,1841.1,0,0.3682,0.6,0.3682,,fits,,A,2208.2,2948.9,0.6137,0.8529,1,True,stair_independence,V1,0.3107,,
narrow-40x125,multigenerational.latino,staged_final,V2,2,2080.8,1653.9,426.9,0.4162,0.6,0.3308,,fits,,A,2180.1,3136.1,0.6936,0.8507,1,True,separation,V1,0.3587,,
narrow-40x125,multigenerational.anglo,minimum,V0,1,1523.7,1523.7,0,0.3047,0.6,0.3047,,fits,,A,2354.7,3266.2,0.5079,0.8911,1,True,stair_independence,V1,0.2472,,
narrow-40x125,multigenerational.anglo,optimum,V0,1,2001.0,2001.0,0,0.4002,0.6,0.4002,,fits,,A,2017.9,2789.0,0.667,0.8338,1,True,stair_independence,V1,0.3427,,
narrow-40x125,multigenerational.anglo,maximum,V1,2,2937.5,1815.0,1122.5,0.5875,0.6,0.363,,fits,,A,2239.3,2975.0,0.9792,0.7645,1,True,open_area,V2,0.53,,
narrow-40x125,multigenerational.anglo,accessible,V1,2,2150.9,1526.4,624.5,0.4302,0.6,0.3053,,fits,,A,2351.1,3263.6,0.717,0.8305,1,True,open_area,V0,0.3727,,V3
narrow-40x125,multigenerational.anglo,staged_final,V2,2,2270.5,1845.1,425.4,0.4541,0.6,0.369,,fits,,A,2203.5,2944.9,0.7568,0.8278,1,True,separation,V1,0.3966,,
narrow-40x125,empty_nest.none,minimum,V0,1,1155.8,1155.8,0,0.2311,0.6,0.2311,,fits,,A,2848.7,3634.2,0.3852,0.93,1,True,stair_independence,V1,0.1736,,
narrow-40x125,empty_nest.none,optimum,V0,1,1431.8,1431.8,0,0.2863,0.6,0.2863,,fits,,A,2478.2,3358.2,0.4773,0.9079,1,True,only_feasible,,0.2288,,
narrow-40x125,empty_nest.none,maximum,V0,1,2133.2,2133.2,0,0.4266,0.6,0.4266,,fits,,A,1536.6,2507.9,0.7111,0.7909,1,True,upper_efficiency,V1,0.3301,,
narrow-40x125,empty_nest.none,accessible,V0,1,1461.6,1461.6,0,0.2923,0.6,0.2923,,fits,,A,2438.1,3328.4,0.4872,0.9048,1,True,only_feasible,,0.2348,,
narrow-40x125,empty_nest.none,staged_final,V0,1,1431.8,1431.8,0,0.2863,0.6,0.2863,,fits,,A,2478.2,3358.2,0.4773,0.9079,1,True,only_feasible,,0.2288,,
narrow-40x125,empty_nest.latino,minimum,V0,1,1155.8,1155.8,0,0.2311,0.6,0.2311,,fits,,A,2848.7,3634.2,0.3852,0.93,1,True,stair_independence,V1,0.1736,,
narrow-40x125,empty_nest.latino,optimum,V0,1,1431.8,1431.8,0,0.2863,0.6,0.2863,,fits,,A,2478.2,3358.2,0.4773,0.9079,1,True,only_feasible,,0.2288,,
narrow-40x125,empty_nest.latino,maximum,V0,1,2185.0,2185.0,0,0.437,0.6,0.437,,fits,,A,1467.1,2456.2,0.7283,0.7856,1,True,upper_efficiency,V1,0.3404,,
narrow-40x125,empty_nest.latino,accessible,V0,1,1461.6,1461.6,0,0.2923,0.6,0.2923,,fits,,A,2438.1,3328.4,0.4872,0.9048,1,True,only_feasible,,0.2348,,
narrow-40x125,empty_nest.latino,staged_final,V0,1,1431.8,1431.8,0,0.2863,0.6,0.2863,,fits,,A,2478.2,3358.2,0.4773,0.9079,1,True,only_feasible,,0.2288,,
narrow-40x125,empty_nest.anglo,minimum,V0,1,1155.8,1155.8,0,0.2311,0.6,0.2311,,fits,,A,2848.7,3634.2,0.3852,0.9328,1,True,stair_independence,V1,0.1736,,
narrow-40x125,empty_nest.anglo,optimum,V0,1,1558.2,1558.2,0,0.3116,0.6,0.3116,,fits,,A,2308.4,3231.8,0.5194,0.896,1,True,only_feasible,,0.2541,,
narrow-40x125,empty_nest.anglo,maximum,V0,1,2277.0,2277.0,0,0.4554,0.6,0.4554,,fits,,A,1343.6,2364.2,0.759,0.7721,1,True,upper_efficiency,V1,0.3588,,
narrow-40x125,empty_nest.anglo,accessible,V0,1,1588.1,1588.1,0,0.3176,0.6,0.3176,,fits,,A,2268.3,3201.9,0.5294,0.8927,1,True,only_feasible,,0.2601,,
narrow-40x125,empty_nest.anglo,staged_final,V0,1,1558.2,1558.2,0,0.3116,0.6,0.3116,,fits,,A,2308.4,3231.8,0.5194,0.896,1,True,only_feasible,,0.2541,,
narrow-40x125,remote_work.none,minimum,V0,1,1282.2,1282.2,0,0.2565,0.6,0.2565,,fits,,A,2678.9,3507.8,0.4274,0.9075,1,True,stair_independence,V1,0.1989,,
narrow-40x125,remote_work.none,optimum,V2,2,1776.0,1394.5,381.5,0.3552,0.6,0.2789,,fits,,A,2528.2,3395.5,0.592,0.8686,1,True,open_area,V0,0.2977,,
narrow-40x125,remote_work.none,maximum,V2,2,2328.0,1743.1,584.9,0.4656,0.6,0.3486,,fits,,A,2060.2,3046.9,0.776,0.8119,1,True,open_area,V4,0.4081,,
narrow-40x125,remote_work.none,accessible,V0,1,1685.9,1685.9,0,0.3372,0.6,0.3372,,fits,,A,2137.0,3104.1,0.562,0.858,1,True,upper_efficiency,V1,0.2797,,
narrow-40x125,remote_work.none,staged_final,V2,2,1776.0,1394.5,381.5,0.3552,0.6,0.2789,,fits,,A,2528.2,3395.5,0.592,0.8686,1,True,open_area,V0,0.2977,,
narrow-40x125,remote_work.latino,minimum,V0,1,1282.2,1282.2,0,0.2565,0.6,0.2565,,fits,,A,2678.9,3507.8,0.4274,0.9075,1,True,stair_independence,V1,0.1989,,
narrow-40x125,remote_work.latino,optimum,V2,2,1776.0,1394.5,381.5,0.3552,0.6,0.2789,,fits,,A,2528.2,3395.5,0.592,0.8686,1,True,open_area,V0,0.2977,,
narrow-40x125,remote_work.latino,maximum,V2,2,2552.2,1969.8,582.5,0.5104,0.6,0.394,,fits,,A,2055.0,2820.2,0.8507,0.784,1,True,open_area,V4,0.453,,
narrow-40x125,remote_work.latino,accessible,V0,1,1685.9,1685.9,0,0.3372,0.6,0.3372,,fits,,A,2137.0,3104.1,0.562,0.858,1,True,upper_efficiency,V1,0.2797,,
narrow-40x125,remote_work.latino,staged_final,V2,2,1776.0,1394.5,381.5,0.3552,0.6,0.2789,,fits,,A,2528.2,3395.5,0.592,0.8686,1,True,open_area,V0,0.2977,,
narrow-40x125,remote_work.anglo,minimum,V0,1,1282.2,1282.2,0,0.2565,0.6,0.2565,,fits,,A,2678.9,3507.8,0.4274,0.9119,1,True,stair_independence,V1,0.1989,,
narrow-40x125,remote_work.anglo,optimum,V2,2,1856.5,1475.8,380.7,0.3713,0.6,0.2952,,fits,,A,2419.0,3314.2,0.6188,0.8628,1,True,open_area,V0,0.3138,,
narrow-40x125,remote_work.anglo,maximum,V2,2,2437.2,1853.6,583.6,0.4874,0.6,0.3707,,fits,,A,2193.3,2936.4,0.8124,0.8002,1,True,open_area,V4,0.4299,,
narrow-40x125,remote_work.anglo,accessible,V0,1,1766.4,1766.4,0,0.3533,0.6,0.3533,,fits,,A,2029.0,3023.6,0.5888,0.8488,1,True,upper_efficiency,V1,0.2958,,
narrow-40x125,remote_work.anglo,staged_final,V2,2,1856.5,1475.8,380.7,0.3713,0.6,0.2952,,fits,,A,2419.0,3314.2,0.6188,0.8628,1,True,open_area,V0,0.3138,,
narrow-40x125,shared_adults.none,minimum,V1,2,1626.5,981.0,645.5,0.3253,0.6,0.1962,,fits,,A,3083.3,3809.0,0.5422,0.8951,1,True,separation,V0,0.2678,,
narrow-40x125,shared_adults.none,optimum,V1,2,1856.5,1161.2,695.3,0.3713,0.6,0.2322,,fits,,A,2841.3,3628.8,0.6188,0.8811,1,True,separation,V0,0.3138,,
narrow-40x125,shared_adults.none,maximum,V1,2,2540.7,1597.7,943.0,0.5081,0.6,0.3195,,fits,,A,2255.4,3043.5,0.8469,0.775,1,True,separation,V0,0.4115,,
narrow-40x125,shared_adults.none,accessible,V1,2,1886.4,1403.2,483.2,0.3773,0.6,0.2806,,fits,,A,2516.5,3386.8,0.6288,0.8412,1,True,separation,V0,0.3198,,
narrow-40x125,shared_adults.none,staged_final,V1,2,1856.5,1161.2,695.3,0.3713,0.6,0.2322,,fits,,A,2841.3,3628.8,0.6188,0.8811,1,True,separation,V0,0.3138,,
narrow-40x125,shared_adults.latino,minimum,V1,2,1626.5,981.0,645.5,0.3253,0.6,0.1962,,fits,,A,3083.3,3809.0,0.5422,0.8951,1,True,separation,V0,0.2678,,
narrow-40x125,shared_adults.latino,optimum,V1,2,1856.5,1161.2,695.3,0.3713,0.6,0.2322,,fits,,A,2841.3,3628.8,0.6188,0.8811,1,True,separation,V0,0.3138,,
narrow-40x125,shared_adults.latino,maximum,V1,2,2592.5,1650.3,942.2,0.5185,0.6,0.3301,,fits,,A,2184.8,2990.9,0.8642,0.7692,1,True,separation,V0,0.4219,,
narrow-40x125,shared_adults.latino,accessible,V1,2,1886.4,1403.2,483.2,0.3773,0.6,0.2806,,fits,,A,2516.5,3386.8,0.6288,0.8412,1,True,separation,V0,0.3198,,
narrow-40x125,shared_adults.latino,staged_final,V1,2,1856.5,1161.2,695.3,0.3713,0.6,0.2322,,fits,,A,2841.3,3628.8,0.6188,0.8811,1,True,separation,V0,0.3138,,
narrow-40x125,shared_adults.anglo,minimum,V1,2,1626.5,962.7,663.8,0.3253,0.6,0.1925,,fits,,A,3107.8,3827.3,0.5422,0.8968,1,True,separation,V0,0.2678,,
narrow-40x125,shared_adults.anglo,optimum,V1,2,1983.0,1223.6,759.4,0.3966,0.6,0.2447,,fits,,A,2757.6,3566.4,0.661,0.8727,1,True,separation,V0,0.3391,,
narrow-40x125,shared_adults.anglo,maximum,V1,2,2592.5,1566.3,1026.2,0.5185,0.6,0.3133,,fits,,A,2297.6,3074.9,0.8642,0.7714,1,True,separation,V0,0.4219,,
narrow-40x125,shared_adults.anglo,accessible,V1,2,2012.9,1464.9,548.0,0.4026,0.6,0.293,,fits,,A,2433.7,3325.1,0.671,0.8292,1,True,separation,V0,0.3451,,
narrow-40x125,shared_adults.anglo,staged_final,V1,2,1983.0,1223.6,759.4,0.3966,0.6,0.2447,,fits,,A,2757.6,3566.4,0.661,0.8727,1,True,separation,V0,0.3391,,
hillside-50x100,young_couple.none,minimum,V0,1,1282.2,1282.2,0,0.2565,0.6,0.2565,0.5,fits,,A,2606.1,3507.8,0.4274,0.9288,1,True,stair_independence,V1,0.1989,,
hillside-50x100,young_couple.none,optimum,V0,1,1604.2,1604.2,0,0.3208,0.6,0.3208,0.5,fits,,A,2193.3,3185.8,0.5347,0.8959,1,True,stair_independence,V1,0.2633,,
hillside-50x100,young_couple.none,maximum,V2,2,2454.5,2027.5,427.0,0.4909,0.6,0.4055,0.5,fits,,A,1650.7,2612.5,0.8182,0.813,1,True,open_area,V4,0.3943,,
hillside-50x100,young_couple.none,accessible,V0,1,1634.1,1634.1,0,0.3268,0.6,0.3268,0.5,fits,,A,2154.9,3155.9,0.5447,0.8928,1,True,stair_independence,V5,0.2693,,
hillside-50x100,young_couple.none,staged_final,V2,2,1902.5,1498.1,404.4,0.3805,0.6,0.2996,0.5,fits,,A,2329.4,3291.9,0.6342,0.8844,1,True,open_area,V0,0.323,,
hillside-50x100,young_couple.latino,minimum,V0,1,1282.2,1282.2,0,0.2565,0.6,0.2565,0.5,fits,,A,2606.1,3507.8,0.4274,0.9288,1,True,stair_independence,V1,0.1989,,
hillside-50x100,young_couple.latino,optimum,V0,1,1604.2,1604.2,0,0.3208,0.6,0.3208,0.5,fits,,A,2193.3,3185.8,0.5347,0.8959,1,True,stair_independence,V1,0.2633,,
hillside-50x100,young_couple.latino,maximum,V2,2,2506.2,2079.6,426.7,0.5012,0.6,0.4159,0.5,fits,,A,1583.9,2560.4,0.8354,0.8077,1,True,open_area,V4,0.4047,,
hillside-50x100,young_couple.latino,accessible,V0,1,1634.1,1634.1,0,0.3268,0.6,0.3268,0.5,fits,,A,2154.9,3155.9,0.5447,0.8928,1,True,stair_independence,V5,0.2693,,
hillside-50x100,young_couple.latino,staged_final,V2,2,1902.5,1498.1,404.4,0.3805,0.6,0.2996,0.5,fits,,A,2329.4,3291.9,0.6342,0.8844,1,True,open_area,V0,0.323,,
hillside-50x100,young_couple.anglo,minimum,V0,1,1282.2,1282.2,0,0.2565,0.6,0.2565,0.5,fits,,A,2606.1,3507.8,0.4274,0.9316,1,True,stair_independence,V1,0.1989,,
hillside-50x100,young_couple.anglo,optimum,V0,1,1684.7,1684.7,0,0.3369,0.6,0.3369,0.5,fits,,A,2090.1,3105.2,0.5616,0.8876,1,True,stair_independence,V1,0.2794,,
hillside-50x100,young_couple.anglo,maximum,V2,2,2546.5,2120.1,426.4,0.5093,0.6,0.424,0.5,fits,,A,1531.9,2519.9,0.8488,0.8002,1,True,stair_independence,V1,0.4127,,
hillside-50x100,young_couple.anglo,accessible,V0,1,1714.6,1714.6,0,0.3429,0.6,0.3429,0.5,fits,,A,2051.7,3075.4,0.5716,0.8843,1,True,stair_independence,V5,0.2854,,
hillside-50x100,young_couple.anglo,staged_final,V2,2,1902.5,1498.1,404.4,0.3805,0.6,0.2996,0.5,fits,,A,2329.4,3291.9,0.6342,0.8866,1,True,open_area,V0,0.323,,
hillside-50x100,early_childhood.none,minimum,V0,1,1305.2,1305.2,0,0.2611,0.6,0.2611,0.5,fits,,A,2576.6,3484.8,0.4351,0.9295,1,True,stair_independence,V1,0.2036,,
hillside-50x100,early_childhood.none,optimum,V0,1,1610.0,1610.0,0,0.322,0.6,0.322,0.5,fits,,A,2185.9,3180.0,0.5367,0.8958,1,True,stair_independence,V1,0.2645,,
hillside-50x100,early_childhood.none,maximum,V1,2,2949.0,1999.7,949.3,0.5898,0.6,0.3999,0.5,fits,,A,1686.3,2640.3,0.983,0.7611,1,True,stair_independence,V5,0.4932,,
hillside-50x100,early_childhood.none,accessible,V0,1,1639.9,1639.9,0,0.328,0.6,0.328,0.5,fits,,A,2147.6,3150.1,0.5466,0.8925,1,True,stair_independence,V5,0.2705,,
hillside-50x100,early_childhood.none,staged_final,V0,1,1656.0,1656.0,0,0.3312,0.6,0.3312,0.5,fits,,A,2126.9,3134.0,0.552,0.8908,1,True,stair_independence,V1,0.2737,,
hillside-50x100,early_childhood.latino,minimum,V0,1,1305.2,1305.2,0,0.2611,0.6,0.2611,0.5,fits,,A,2576.6,3484.8,0.4351,0.9295,1,True,stair_independence,V1,0.2036,,
hillside-50x100,early_childhood.latino,optimum,V0,1,1610.0,1610.0,0,0.322,0.6,0.322,0.5,fits,,A,2185.9,3180.0,0.5367,0.8958,1,True,stair_independence,V1,0.2645,,
hillside-50x100,early_childhood.latino,maximum,V1,2,2655.8,1702.5,953.2,0.5312,0.6,0.3405,0.5,fits,,A,2067.3,2937.5,0.8852,0.7881,1,True,stair_independence,V5,0.4345,,
hillside-50x100,early_childhood.latino,accessible,V0,1,1639.9,1639.9,0,0.328,0.6,0.328,0.5,fits,,A,2147.6,3150.1,0.5466,0.8925,1,True,stair_independence,V5,0.2705,,
hillside-50x100,early_childhood.latino,staged_final,V0,1,1610.0,1610.0,0,0.322,0.6,0.322,0.5,fits,,A,2185.9,3180.0,0.5367,0.8958,1,True,stair_independence,V1,0.2645,,
hillside-50x100,early_childhood.anglo,minimum,V0,1,1305.2,1305.2,0,0.2611,0.6,0.2611,0.5,fits,,A,2576.6,3484.8,0.4351,0.9295,1,True,stair_independence,V1,0.2036,,
hillside-50x100,early_childhood.anglo,optimum,V0,1,1736.5,1736.5,0,0.3473,0.6,0.3473,0.5,fits,,A,2023.7,3053.5,0.5788,0.8819,1,True,stair_independence,V1,0.2898,,
hillside-50x100,early_childhood.anglo,maximum,V1,2,2949.0,1916.2,1032.8,0.5898,0.6,0.3832,0.5,fits,,A,1793.4,2723.8,0.983,0.7629,1,True,stair_independence,V5,0.4932,,
hillside-50x100,early_childhood.anglo,accessible,V0,1,1766.4,1766.4,0,0.3533,0.6,0.3533,0.5,fits,,A,2147.1,3023.6,0.5888,0.8786,1,True,stair_independence,V5,0.2958,,
hillside-50x100,early_childhood.anglo,staged_final,V0,1,1736.5,1736.5,0,0.3473,0.6,0.3473,0.5,fits,,A,2023.7,3053.5,0.5788,0.8819,1,True,stair_independence,V1,0.2898,,
hillside-50x100,teens_family.none,minimum,V2,2,1574.7,1141.9,432.9,0.3149,0.6,0.2284,0.5,fits,,A,2786.0,3648.1,0.5249,0.9046,1,True,separation,V0,0.2574,,
hillside-50x100,teens_family.none,optimum,V2,2,1925.5,1497.2,428.3,0.3851,0.6,0.2994,0.5,fits,,A,2330.6,3292.8,0.6418,0.8725,1,True,separation,V0,0.3276,,
hillside-50x100,teens_family.none,maximum,V2,2,2977.8,2362.9,614.8,0.5956,0.6,0.4726,0.5,fits,,A,1220.6,2277.1,0.9926,0.7469,1,True,separation,V1,0.499,,
hillside-50x100,teens_family.none,accessible,V1,2,1955.4,1581.7,373.7,0.3911,0.6,0.3163,0.5,fits,,A,2222.2,3208.3,0.6518,0.8663,1,True,separation,V0,0.3336,,V2
hillside-50x100,teens_family.none,staged_final,V2,2,1776.0,1503.7,272.3,0.3552,0.6,0.3007,0.5,fits,,A,2322.2,3286.3,0.592,0.8547,1,True,separation,V0,0.2977,,
hillside-50x100,teens_family.latino,minimum,V2,2,1574.7,1141.9,432.9,0.3149,0.6,0.2284,0.5,fits,,A,2786.0,3648.1,0.5249,0.9046,1,True,separation,V0,0.2574,,
hillside-50x100,teens_family.latino,optimum,V2,2,1925.5,1497.2,428.3,0.3851,0.6,0.2994,0.5,fits,,A,2330.6,3292.8,0.6418,0.8725,1,True,separation,V0,0.3276,,
hillside-50x100,teens_family.latino,maximum,V2,2,2977.8,2362.9,614.8,0.5956,0.6,0.4726,0.5,fits,,A,1220.6,2277.1,0.9926,0.7469,1,True,separation,V1,0.499,,
hillside-50x100,teens_family.latino,accessible,V1,2,1955.4,1581.7,373.7,0.3911,0.6,0.3163,0.5,fits,,A,2222.2,3208.3,0.6518,0.8663,1,True,separation,V0,0.3336,,V2
hillside-50x100,teens_family.latino,staged_final,V2,2,1776.0,1503.7,272.3,0.3552,0.6,0.3007,0.5,fits,,A,2322.2,3286.3,0.592,0.8547,1,True,separation,V0,0.2977,,
hillside-50x100,teens_family.anglo,minimum,V2,2,1574.7,1123.6,451.2,0.3149,0.6,0.2247,0.5,fits,,A,2809.5,3666.4,0.5249,0.9065,1,True,separation,V0,0.2574,,
hillside-50x100,teens_family.anglo,optimum,V2,2,2006.0,1512.2,493.8,0.4012,0.6,0.3024,0.5,fits,,A,2311.3,3277.8,0.6687,0.8655,1,True,separation,V1,0.3437,,
hillside-50x100,teens_family.anglo,maximum,V2,2,2972.0,2295.4,676.6,0.5944,0.6,0.4591,0.5,fits,,A,1307.2,2344.6,0.9907,0.7473,1,True,separation,V1,0.4978,,
hillside-50x100,teens_family.anglo,accessible,V1,2,2035.9,1662.8,373.1,0.4072,0.6,0.3326,0.5,fits,,A,2118.2,3127.2,0.6786,0.8588,1,True,separation,V0,0.3497,,V2
hillside-50x100,teens_family.anglo,staged_final,V2,2,1856.5,1584.7,271.8,0.3713,0.6,0.3169,0.5,fits,,A,2218.3,3205.3,0.6188,0.8485,1,True,separation,V0,0.3138,,
hillside-50x100,multigenerational.none,minimum,V0,1,1523.7,1523.7,0,0.3047,0.6,0.3047,0.5,fits,,A,2296.5,3266.2,0.5079,0.8971,1,True,stair_independence,V1,0.2472,,
hillside-50x100,multigenerational.none,optimum,V0,1,1811.2,1811.2,0,0.3622,0.6,0.3622,0.5,fits,,A,2093.8,2978.8,0.6037,0.8626,1,True,stair_independence,V1,0.3047,,
hillside-50x100,multigenerational.none,maximum,V1,2,2983.5,2004.6,978.9,0.5967,0.6,0.4009,0.5,fits,,A,1680.0,2635.4,0.9945,0.7414,1,True,open_area,V2,0.5001,,
hillside-50x100,multigenerational.none,accessible,V0,1,1841.1,1841.1,0,0.3682,0.6,0.3682,0.5,fits,,A,2058.2,2948.9,0.6137,0.859,1,True,stair_independence,V1,0.3107,,
hillside-50x100,multigenerational.none,staged_final,V2,2,2080.8,1653.9,426.9,0.4162,0.6,0.3308,0.5,fits,,A,2129.7,3136.1,0.6936,0.8568,1,True,separation,V1,0.3587,,
hillside-50x100,multigenerational.latino,minimum,V0,1,1523.7,1523.7,0,0.3047,0.6,0.3047,0.5,fits,,A,2296.5,3266.2,0.5079,0.8971,1,True,stair_independence,V1,0.2472,,
hillside-50x100,multigenerational.latino,optimum,V0,1,1811.2,1811.2,0,0.3622,0.6,0.3622,0.5,fits,,A,2093.8,2978.8,0.6037,0.8626,1,True,stair_independence,V1,0.3047,,
hillside-50x100,multigenerational.latino,maximum,V1,2,2983.5,2004.6,978.9,0.5967,0.6,0.4009,0.5,fits,,A,1680.0,2635.4,0.9945,0.7414,1,True,open_area,V2,0.5001,,
hillside-50x100,multigenerational.latino,accessible,V0,1,1841.1,1841.1,0,0.3682,0.6,0.3682,0.5,fits,,A,2058.2,2948.9,0.6137,0.859,1,True,stair_independence,V1,0.3107,,
hillside-50x100,multigenerational.latino,staged_final,V2,2,2080.8,1653.9,426.9,0.4162,0.6,0.3308,0.5,fits,,A,2129.7,3136.1,0.6936,0.8568,1,True,separation,V1,0.3587,,
hillside-50x100,multigenerational.anglo,minimum,V0,1,1523.7,1523.7,0,0.3047,0.6,0.3047,0.5,fits,,A,2296.5,3266.2,0.5079,0.8971,1,True,stair_independence,V1,0.2472,,
hillside-50x100,multigenerational.anglo,optimum,V0,1,2001.0,2001.0,0,0.4002,0.6,0.4002,0.5,fits,,A,1684.6,2789.0,0.667,0.8398,1,True,stair_independence,V1,0.3427,,
hillside-50x100,multigenerational.anglo,maximum,V1,2,2937.5,1815.0,1122.5,0.5875,0.6,0.363,0.5,fits,,A,2089.3,2975.0,0.9792,0.7706,1,True,open_area,V2,0.53,,
hillside-50x100,multigenerational.anglo,accessible,V1,2,2150.9,1526.4,624.5,0.4302,0.6,0.3053,0.5,fits,,A,2293.0,3263.6,0.717,0.8366,1,True,open_area,V0,0.3727,,V3
hillside-50x100,multigenerational.anglo,staged_final,V2,2,2270.5,1845.1,425.4,0.4541,0.6,0.369,0.5,fits,,A,2053.5,2944.9,0.7568,0.8339,1,True,separation,V1,0.3966,,
hillside-50x100,empty_nest.none,minimum,V0,1,1155.8,1155.8,0,0.2311,0.6,0.2311,0.5,fits,,A,2768.3,3634.2,0.3852,0.9358,1,True,stair_independence,V1,0.1736,,
hillside-50x100,empty_nest.none,optimum,V0,1,1431.8,1431.8,0,0.2863,0.6,0.2863,0.5,fits,,A,2414.4,3358.2,0.4773,0.9137,1,True,stair_independence,V5,0.2288,,
hillside-50x100,empty_nest.none,maximum,V0,1,2133.2,2133.2,0,0.4266,0.6,0.4266,0.5,fits,,A,1515.1,2506.8,0.7111,0.8259,1,True,upper_efficiency,V1,0.3301,,
hillside-50x100,empty_nest.none,accessible,V0,1,1461.6,1461.6,0,0.2923,0.6,0.2923,0.5,fits,,A,2376.1,3328.4,0.4872,0.9106,1,True,stair_independence,V5,0.2348,,
hillside-50x100,empty_nest.none,staged_final,V0,1,1431.8,1431.8,0,0.2863,0.6,0.2863,0.5,fits,,A,2414.4,3358.2,0.4773,0.9137,1,True,stair_independence,V5,0.2288,,
hillside-50x100,empty_nest.latino,minimum,V0,1,1155.8,1155.8,0,0.2311,0.6,0.2311,0.5,fits,,A,2768.3,3634.2,0.3852,0.9358,1,True,stair_independence,V1,0.1736,,
hillside-50x100,empty_nest.latino,optimum,V0,1,1431.8,1431.8,0,0.2863,0.6,0.2863,0.5,fits,,A,2414.4,3358.2,0.4773,0.9137,1,True,stair_independence,V5,0.2288,,
hillside-50x100,empty_nest.latino,maximum,V0,1,2185.0,2185.0,0,0.437,0.6,0.437,0.5,fits,,A,1448.7,2455.0,0.7283,0.8205,1,True,upper_efficiency,V1,0.3404,,
hillside-50x100,empty_nest.latino,accessible,V0,1,1461.6,1461.6,0,0.2923,0.6,0.2923,0.5,fits,,A,2376.1,3328.4,0.4872,0.9106,1,True,stair_independence,V5,0.2348,,
hillside-50x100,empty_nest.latino,staged_final,V0,1,1431.8,1431.8,0,0.2863,0.6,0.2863,0.5,fits,,A,2414.4,3358.2,0.4773,0.9137,1,True,stair_independence,V5,0.2288,,
hillside-50x100,empty_nest.anglo,minimum,V0,1,1155.8,1155.8,0,0.2311,0.6,0.2311,0.5,fits,,A,2768.3,3634.2,0.3852,0.9384,1,True,stair_independence,V1,0.1736,,
hillside-50x100,empty_nest.anglo,optimum,V0,1,1558.2,1558.2,0,0.3116,0.6,0.3116,0.5,fits,,A,2252.2,3231.8,0.5194,0.9016,1,True,stair_independence,V5,0.2541,,
hillside-50x100,empty_nest.anglo,maximum,V0,1,2277.0,2277.0,0,0.4554,0.6,0.4554,0.5,fits,,A,1330.8,2363.0,0.759,0.8056,1,True,upper_efficiency,V1,0.3588,,
hillside-50x100,empty_nest.anglo,accessible,V0,1,1588.1,1588.1,0,0.3176,0.6,0.3176,0.5,fits,,A,2213.9,3201.9,0.5294,0.8983,1,True,stair_independence,V5,0.2601,,
hillside-50x100,empty_nest.anglo,staged_final,V0,1,1558.2,1558.2,0,0.3116,0.6,0.3116,0.5,fits,,A,2252.2,3231.8,0.5194,0.9016,1,True,stair_independence,V5,0.2541,,
hillside-50x100,remote_work.none,minimum,V0,1,1282.2,1282.2,0,0.2565,0.6,0.2565,0.5,fits,,A,2606.1,3507.8,0.4274,0.9145,1,True,stair_independence,V1,0.1989,,
hillside-50x100,remote_work.none,optimum,V2,2,1776.0,1394.5,381.5,0.3552,0.6,0.2789,0.5,fits,,A,2462.2,3395.5,0.592,0.8756,1,True,open_area,V0,0.2977,,
hillside-50x100,remote_work.none,maximum,V2,2,2328.0,1743.1,584.9,0.4656,0.6,0.3486,0.5,fits,,A,2015.2,3046.9,0.776,0.8189,1,True,open_area,V4,0.4081,,
hillside-50x100,remote_work.none,accessible,V0,1,1685.9,1685.9,0,0.3372,0.6,0.3372,0.5,fits,,A,2088.6,3104.1,0.562,0.865,1,True,upper_efficiency,V1,0.2797,,
hillside-50x100,remote_work.none,staged_final,V2,2,1776.0,1394.5,381.5,0.3552,0.6,0.2789,0.5,fits,,A,2462.2,3395.5,0.592,0.8756,1,True,open_area,V0,0.2977,,
hillside-50x100,remote_work.latino,minimum,V0,1,1282.2,1282.2,0,0.2565,0.6,0.2565,0.5,fits,,A,2606.1,3507.8,0.4274,0.9145,1,True,stair_independence,V1,0.1989,,
hillside-50x100,remote_work.latino,optimum,V2,2,1776.0,1394.5,381.5,0.3552,0.6,0.2789,0.5,fits,,A,2462.2,3395.5,0.592,0.8756,1,True,open_area,V0,0.2977,,
hillside-50x100,remote_work.latino,maximum,V2,2,2552.2,1969.8,582.5,0.5104,0.6,0.394,0.5,fits,,A,1724.7,2820.2,0.8507,0.791,1,True,open_area,V4,0.453,,
hillside-50x100,remote_work.latino,accessible,V0,1,1685.9,1685.9,0,0.3372,0.6,0.3372,0.5,fits,,A,2088.6,3104.1,0.562,0.865,1,True,upper_efficiency,V1,0.2797,,
hillside-50x100,remote_work.latino,staged_final,V2,2,1776.0,1394.5,381.5,0.3552,0.6,0.2789,0.5,fits,,A,2462.2,3395.5,0.592,0.8756,1,True,open_area,V0,0.2977,,
hillside-50x100,remote_work.anglo,minimum,V0,1,1282.2,1282.2,0,0.2565,0.6,0.2565,0.5,fits,,A,2606.1,3507.8,0.4274,0.9186,1,True,stair_independence,V1,0.1989,,
hillside-50x100,remote_work.anglo,optimum,V2,2,1856.5,1475.8,380.7,0.3713,0.6,0.2952,0.5,fits,,A,2357.9,3314.2,0.6188,0.8695,1,True,open_area,V0,0.3138,,
hillside-50x100,remote_work.anglo,maximum,V2,2,2437.2,1853.6,583.6,0.4874,0.6,0.3707,0.5,fits,,A,2043.3,2936.4,0.8124,0.8069,1,True,open_area,V4,0.4299,,
hillside-50x100,remote_work.anglo,accessible,V0,1,1766.4,1766.4,0,0.3533,0.6,0.3533,0.5,fits,,A,2147.1,3023.6,0.5888,0.8554,1,True,upper_efficiency,V1,0.2958,,
hillside-50x100,remote_work.anglo,staged_final,V2,2,1856.5,1475.8,380.7,0.3713,0.6,0.2952,0.5,fits,,A,2357.9,3314.2,0.6188,0.8695,1,True,open_area,V0,0.3138,,
hillside-50x100,shared_adults.none,minimum,V1,2,1626.5,981.0,645.5,0.3253,0.6,0.1962,0.5,fits,,A,2992.3,3809.0,0.5422,0.9014,1,True,stair_independence,V5,0.2678,,
hillside-50x100,shared_adults.none,optimum,V1,2,1856.5,1161.2,695.3,0.3713,0.6,0.2322,0.5,fits,,A,2761.3,3628.8,0.6188,0.8875,1,True,stair_independence,V5,0.3138,,
hillside-50x100,shared_adults.none,maximum,V1,2,2540.7,1597.7,943.0,0.5081,0.6,0.3195,0.5,fits,,A,2201.6,3042.3,0.8469,0.8131,1,True,stair_independence,V5,0.4115,,
hillside-50x100,shared_adults.none,accessible,V1,2,1886.4,1403.2,483.2,0.3773,0.6,0.2806,0.5,fits,,A,2451.0,3386.8,0.6288,0.8475,1,True,stair_independence,V5,0.3198,,
hillside-50x100,shared_adults.none,staged_final,V1,2,1856.5,1161.2,695.3,0.3713,0.6,0.2322,0.5,fits,,A,2761.3,3628.8,0.6188,0.8875,1,True,stair_independence,V5,0.3138,,
hillside-50x100,shared_adults.latino,minimum,V1,2,1626.5,981.0,645.5,0.3253,0.6,0.1962,0.5,fits,,A,2992.3,3809.0,0.5422,0.9014,1,True,stair_independence,V5,0.2678,,
hillside-50x100,shared_adults.latino,optimum,V1,2,1856.5,1161.2,695.3,0.3713,0.6,0.2322,0.5,fits,,A,2761.3,3628.8,0.6188,0.8875,1,True,stair_independence,V5,0.3138,,
hillside-50x100,shared_adults.latino,maximum,V1,2,2592.5,1650.3,942.2,0.5185,0.6,0.3301,0.5,fits,,A,2134.2,2989.7,0.8642,0.8073,1,True,stair_independence,V5,0.4219,,
hillside-50x100,shared_adults.latino,accessible,V1,2,1886.4,1403.2,483.2,0.3773,0.6,0.2806,0.5,fits,,A,2451.0,3386.8,0.6288,0.8475,1,True,stair_independence,V5,0.3198,,
hillside-50x100,shared_adults.latino,staged_final,V1,2,1856.5,1161.2,695.3,0.3713,0.6,0.2322,0.5,fits,,A,2761.3,3628.8,0.6188,0.8875,1,True,stair_independence,V5,0.3138,,
hillside-50x100,shared_adults.anglo,minimum,V1,2,1626.5,962.7,663.8,0.3253,0.6,0.1925,0.5,fits,,A,3015.8,3827.3,0.5422,0.9029,1,True,stair_independence,V5,0.2678,,
hillside-50x100,shared_adults.anglo,optimum,V1,2,1983.0,1223.6,759.4,0.3966,0.6,0.2447,0.5,fits,,A,2681.3,3566.4,0.661,0.8788,1,True,stair_independence,V5,0.3391,,
hillside-50x100,shared_adults.anglo,maximum,V1,2,2592.5,1566.3,1026.2,0.5185,0.6,0.3133,0.5,fits,,A,2241.9,3073.7,0.8642,0.8078,1,True,stair_independence,V5,0.4219,,
hillside-50x100,shared_adults.anglo,accessible,V1,2,2012.9,1464.9,548.0,0.4026,0.6,0.293,0.5,fits,,A,2371.9,3325.1,0.671,0.8353,1,True,stair_independence,V5,0.3451,,
hillside-50x100,shared_adults.anglo,staged_final,V1,2,1983.0,1223.6,759.4,0.3966,0.6,0.2447,0.5,fits,,A,2681.3,3566.4,0.661,0.8788,1,True,stair_independence,V5,0.3391,,
fan-cul-de-sac-35-80x100,young_couple.none,minimum,V0,1,1282.2,1282.2,0,0.223,0.59,0.223,,fits,,A,3286.0,4270.6,0.378,0.9285,1,True,stair_independence,V1,0.173,,
fan-cul-de-sac-35-80x100,young_couple.none,optimum,V0,1,1604.2,1604.2,0,0.279,0.59,0.279,,fits,,A,2691.6,3948.6,0.4729,0.9096,1,True,stair_independence,V1,0.229,,
fan-cul-de-sac-35-80x100,young_couple.none,maximum,V2,2,2454.5,2027.5,427.0,0.4269,0.59,0.3526,,fits,,A,1412.9,3398.2,0.7235,0.8075,1,True,open_area,V4,0.3429,,
fan-cul-de-sac-35-80x100,young_couple.none,accessible,V0,1,1634.1,1634.1,0,0.2842,0.59,0.2842,,fits,,A,2634.3,3918.7,0.4817,0.9069,1,True,upper_efficiency,V1,0.2342,,
fan-cul-de-sac-35-80x100,young_couple.none,staged_final,V2,2,1902.5,1498.1,404.4,0.3309,0.59,0.2605,,fits,,A,2892.3,4054.7,0.5608,0.8981,1,True,open_area,V0,0.2809,,
fan-cul-de-sac-35-80x100,young_couple.latino,minimum,V0,1,1282.2,1282.2,0,0.223,0.59,0.223,,fits,,A,3286.0,4270.6,0.378,0.9285,1,True,stair_independence,V1,0.173,,
fan-cul-de-sac-35-80x100,young_couple.latino,optimum,V0,1,1604.2,1604.2,0,0.279,0.59,0.279,,fits,,A,2691.6,3948.6,0.4729,0.9096,1,True,stair_independence,V1,0.229,,
fan-cul-de-sac-35-80x100,young_couple.latino,maximum,V2,2,2506.2,2079.6,426.7,0.4359,0.59,0.3617,,fits,,A,1287.7,3346.1,0.7388,0.8028,1,True,open_area,V4,0.3519,,
fan-cul-de-sac-35-80x100,young_couple.latino,accessible,V0,1,1634.1,1634.1,0,0.2842,0.59,0.2842,,fits,,A,2634.3,3918.7,0.4817,0.9069,1,True,upper_efficiency,V1,0.2342,,
fan-cul-de-sac-35-80x100,young_couple.latino,staged_final,V2,2,1902.5,1498.1,404.4,0.3309,0.59,0.2605,,fits,,A,2892.3,4054.7,0.5608,0.8981,1,True,open_area,V0,0.2809,,
fan-cul-de-sac-35-80x100,young_couple.anglo,minimum,V0,1,1282.2,1282.2,0,0.223,0.59,0.223,,fits,,A,3286.0,4270.6,0.378,0.9314,1,True,stair_independence,V1,0.173,,
fan-cul-de-sac-35-80x100,young_couple.anglo,optimum,V0,1,1684.7,1684.7,0,0.293,0.59,0.293,,fits,,A,2536.3,3868.1,0.4966,0.9046,1,True,stair_independence,V1,0.243,,
fan-cul-de-sac-35-80x100,young_couple.anglo,maximum,V2,2,2546.5,2120.1,426.4,0.4429,0.59,0.3687,,fits,,A,1189.5,3305.6,0.7506,0.8,1,True,open_area,V4,0.3589,,
fan-cul-de-sac-35-80x100,young_couple.anglo,accessible,V0,1,1714.6,1714.6,0,0.2982,0.59,0.2982,,fits,,A,2478.0,3838.2,0.5054,0.9017,1,True,upper_efficiency,V1,0.2482,,
fan-cul-de-sac-35-80x100,young_couple.anglo,staged_final,V2,2,1902.5,1498.1,404.4,0.3309,0.59,0.2605,,fits,,A,2892.3,4054.7,0.5608,0.9022,1,True,open_area,V0,0.2809,,
fan-cul-de-sac-35-80x100,early_childhood.none,minimum,V0,1,1305.2,1305.2,0,0.227,0.59,0.227,,fits,,A,3245.0,4247.6,0.3847,0.9303,1,True,stair_independence,V1,0.177,,
fan-cul-de-sac-35-80x100,early_childhood.none,optimum,V0,1,1610.0,1610.0,0,0.28,0.59,0.28,,fits,,A,2680.6,3942.8,0.4746,0.9119,1,True,stair_independence,V1,0.23,,
fan-cul-de-sac-35-80x100,early_childhood.none,maximum,V1,2,2949.0,1999.7,949.3,0.5129,0.59,0.3478,,fits,,A,1479.1,3426.0,0.8693,0.7625,1,True,only_feasible,,0.4289,,
fan-cul-de-sac-35-80x100,early_childhood.none,accessible,V0,1,1639.9,1639.9,0,0.2852,0.59,0.2852,,fits,,A,2623.2,3912.9,0.4834,0.909,1,True,supervision,V1,0.2352,,
fan-cul-de-sac-35-80x100,early_childhood.none,staged_final,V0,1,1656.0,1656.0,0,0.288,0.59,0.288,,fits,,A,2592.1,3896.8,0.4881,0.9074,1,True,stair_independence,V1,0.238,,
fan-cul-de-sac-35-80x100,early_childhood.latino,minimum,V0,1,1305.2,1305.2,0,0.227,0.59,0.227,,fits,,A,3245.0,4247.6,0.3847,0.9303,1,True,stair_independence,V1,0.177,,
fan-cul-de-sac-35-80x100,early_childhood.latino,optimum,V0,1,1610.0,1610.0,0,0.28,0.59,0.28,,fits,,A,2680.6,3942.8,0.4746,0.9119,1,True,stair_independence,V1,0.23,,
fan-cul-de-sac-35-80x100,early_childhood.latino,maximum,V1,2,3000.8,2052.1,948.7,0.5219,0.59,0.3569,,fits,,A,1354.0,3373.6,0.8845,0.7582,1,True,only_feasible,,0.4379,,
fan-cul-de-sac-35-80x100,early_childhood.latino,accessible,V0,1,1639.9,1639.9,0,0.2852,0.59,0.2852,,fits,,A,2623.2,3912.9,0.4834,0.909,1,True,supervision,V1,0.2352,,
fan-cul-de-sac-35-80x100,early_childhood.latino,staged_final,V0,1,1656.0,1656.0,0,0.288,0.59,0.288,,fits,,A,2592.1,3896.8,0.4881,0.9074,1,True,stair_independence,V1,0.238,,
fan-cul-de-sac-35-80x100,early_childhood.anglo,minimum,V0,1,1305.2,1305.2,0,0.227,0.59,0.227,,fits,,A,3245.0,4247.6,0.3847,0.9303,1,True,stair_independence,V1,0.177,,
fan-cul-de-sac-35-80x100,early_childhood.anglo,optimum,V0,1,1736.5,1736.5,0,0.302,0.59,0.302,,fits,,A,2435.1,3816.3,0.5119,0.8996,1,True,stair_independence,V1,0.252,,
fan-cul-de-sac-35-80x100,early_childhood.anglo,maximum,V1,2,2949.0,1916.2,1032.8,0.5129,0.59,0.3332,,fits,,A,1675.8,3509.5,0.8693,0.7637,1,True,only_feasible,,0.4289,,
fan-cul-de-sac-35-80x100,early_childhood.anglo,accessible,V0,1,1766.4,1766.4,0,0.3072,0.59,0.3072,,fits,,A,2376.1,3786.4,0.5207,0.8967,1,True,supervision,V1,0.2572,,
fan-cul-de-sac-35-80x100,early_childhood.anglo,staged_final,V0,1,1788.2,1788.2,0,0.311,0.59,0.311,,fits,,A,2332.7,3764.6,0.5271,0.8946,1,True,stair_independence,V1,0.261,,
fan-cul-de-sac-35-80x100,teens_family.none,minimum,V2,2,1574.7,1141.9,432.9,0.2739,0.59,0.1986,,fits,,A,3531.7,4410.9,0.4642,0.9064,1,True,separation,V0,0.2239,,
fan-cul-de-sac-35-80x100,teens_family.none,optimum,V2,2,1925.5,1497.2,428.3,0.3349,0.59,0.2604,,fits,,A,2894.1,4055.6,0.5676,0.8876,1,True,separation,V0,0.2849,,
fan-cul-de-sac-35-80x100,teens_family.none,maximum,V1,2,3276.8,2128.8,1147.9,0.5699,0.59,0.3702,,fits,,A,1168.2,3296.9,0.9659,0.5337,1,True,only_feasible,,0.4859,,
fan-cul-de-sac-35-80x100,teens_family.none,accessible,V1,2,1955.4,1581.7,373.7,0.3401,0.59,0.2751,,fits,,A,2734.7,3971.1,0.5764,0.8835,1,True,separation,V0,0.2901,,V2
fan-cul-de-sac-35-80x100,teens_family.none,staged_final,V2,2,1776.0,1503.7,272.3,0.3089,0.59,0.2615,,fits,,A,2881.9,4049.1,0.5235,0.869,1,True,separation,V0,0.2589,,
fan-cul-de-sac-35-80x100,teens_family.latino,minimum,V2,2,1574.7,1141.9,432.9,0.2739,0.59,0.1986,,fits,,A,3531.7,4410.9,0.4642,0.9064,1,True,separation,V0,0.2239,,
fan-cul-de-sac-35-80x100,teens_family.latino,optimum,V2,2,1925.5,1497.2,428.3,0.3349,0.59,0.2604,,fits,,A,2894.1,4055.6,0.5676,0.8876,1,True,separation,V0,0.2849,,
fan-cul-de-sac-35-80x100,teens_family.latino,maximum,V1,2,3334.2,2187.0,1147.3,0.5799,0.59,0.3803,,fits_small_garden,,A,1025.5,3238.7,0.9828,0.5288,1,True,only_feasible,,0.4959,,
fan-cul-de-sac-35-80x100,teens_family.latino,accessible,V1,2,1955.4,1581.7,373.7,0.3401,0.59,0.2751,,fits,,A,2734.7,3971.1,0.5764,0.8835,1,True,separation,V0,0.2901,,V2
fan-cul-de-sac-35-80x100,teens_family.latino,staged_final,V2,2,1776.0,1503.7,272.3,0.3089,0.59,0.2615,,fits,,A,2881.9,4049.1,0.5235,0.869,1,True,separation,V0,0.2589,,
fan-cul-de-sac-35-80x100,teens_family.anglo,minimum,V2,2,1574.7,1123.6,451.2,0.2739,0.59,0.1954,,fits,,A,3563.2,4429.2,0.4642,0.9082,1,True,separation,V0,0.2239,,
fan-cul-de-sac-35-80x100,teens_family.anglo,optimum,V2,2,2057.8,1510.3,547.4,0.3579,0.59,0.2627,,fits,,A,2869.5,4042.5,0.6066,0.8813,1,True,separation,V0,0.3079,,
fan-cul-de-sac-35-80x100,teens_family.anglo,maximum,V1,2,3340.0,2044.3,1295.7,0.5809,0.59,0.3555,,fits,,A,1372.7,3381.4,0.9845,0.5444,1,True,only_feasible,,0.4969,,
fan-cul-de-sac-35-80x100,teens_family.anglo,accessible,V1,2,2087.6,1660.8,426.8,0.3631,0.59,0.2888,,fits,,A,2582.8,3892.0,0.6154,0.877,1,True,separation,V0,0.3131,,V2
fan-cul-de-sac-35-80x100,teens_family.anglo,staged_final,V2,2,1856.5,1584.7,271.8,0.3229,0.59,0.2756,,fits,,A,2728.9,3968.1,0.5472,0.8674,1,True,separation,V0,0.2729,,
fan-cul-de-sac-35-80x100,multigenerational.none,minimum,V0,1,1523.7,1523.7,0,0.265,0.59,0.265,,fits,,A,2844.2,4029.1,0.4492,0.9131,1,True,stair_independence,V1,0.215,,
fan-cul-de-sac-35-80x100,multigenerational.none,optimum,V0,1,1857.2,1857.2,0,0.323,0.59,0.323,,fits,,A,2194.5,3695.6,0.5475,0.8782,1,True,stair_independence,V1,0.273,,
fan-cul-de-sac-35-80x100,multigenerational.none,maximum,V1,2,3230.7,2118.0,1112.8,0.5619,0.59,0.3683,,fits,,A,1194.7,3307.7,0.9523,0.7229,1,True,open_area,V3,0.4779,,
fan-cul-de-sac-35-80x100,multigenerational.none,accessible,V0,1,1887.1,1887.1,0,0.3282,0.59,0.3282,,fits,,A,2134.0,3665.7,0.5563,0.875,1,True,stair_independence,V1,0.2782,,
fan-cul-de-sac-35-80x100,multigenerational.none,staged_final,V2,2,2126.8,1700.2,426.5,0.3699,0.59,0.2957,,fits,,A,2506.1,3852.6,0.6269,0.8728,1,True,separation,V0,0.3199,,
fan-cul-de-sac-35-80x100,multigenerational.latino,minimum,V0,1,1523.7,1523.7,0,0.265,0.59,0.265,,fits,,A,2844.2,4029.1,0.4492,0.9131,1,True,stair_independence,V1,0.215,,
fan-cul-de-sac-35-80x100,multigenerational.latino,optimum,V0,1,1811.2,1811.2,0,0.315,0.59,0.315,,fits,,A,2286.9,3741.6,0.5339,0.883,1,True,stair_independence,V1,0.265,,
fan-cul-de-sac-35-80x100,multigenerational.latino,maximum,V1,2,3253.8,2141.2,1112.5,0.5659,0.59,0.3724,,fits_small_garden,,A,1137.9,3284.5,0.9591,0.7208,1,True,open_area,V3,0.4819,,
fan-cul-de-sac-35-80x100,multigenerational.latino,accessible,V0,1,1841.1,1841.1,0,0.3202,0.59,0.3202,,fits,,A,2226.9,3711.7,0.5427,0.8799,1,True,stair_independence,V1,0.2702,,
fan-cul-de-sac-35-80x100,multigenerational.latino,staged_final,V2,2,2126.8,1700.2,426.5,0.3699,0.59,0.2957,,fits,,A,2506.1,3852.6,0.6269,0.8728,1,True,separation,V0,0.3199,,
fan-cul-de-sac-35-80x100,multigenerational.anglo,minimum,V0,1,1523.7,1523.7,0,0.265,0.59,0.265,,fits,,A,2844.2,4029.1,0.4492,0.9131,1,True,stair_independence,V1,0.215,,
fan-cul-de-sac-35-80x100,multigenerational.anglo,optimum,V0,1,2001.0,2001.0,0,0.348,0.59,0.348,,fits,,A,1900.2,3551.8,0.5898,0.863,1,True,stair_independence,V1,0.298,,
fan-cul-de-sac-35-80x100,multigenerational.anglo,maximum,V1,2,3374.5,2114.8,1259.7,0.5869,0.59,0.3678,,fits,,A,1202.3,3310.9,0.9947,0.7128,1,True,open_area,V3,0.5029,,
fan-cul-de-sac-35-80x100,multigenerational.anglo,accessible,V0,1,2030.9,2030.9,0,0.3532,0.59,0.3532,,fits,,A,1838.0,3521.9,0.5986,0.8599,1,True,stair_independence,V1,0.3032,,
fan-cul-de-sac-35-80x100,multigenerational.anglo,staged_final,V2,2,2322.2,1843.3,478.9,0.4039,0.59,0.3206,,fits,,A,2222.5,3709.5,0.6845,0.8551,1,True,separation,V1,0.3539,,
fan-cul-de-sac-35-80x100,empty_nest.none,minimum,V0,1,1155.8,1155.8,0,0.201,0.59,0.201,,fits,,A,3507.8,4397.1,0.3407,0.9348,1,True,stair_independence,V1,0.151,,
fan-cul-de-sac-35-80x100,empty_nest.none,optimum,V0,1,1431.8,1431.8,0,0.249,0.59,0.249,,fits,,A,3015.4,4121.1,0.422,0.9212,1,True,only_feasible,,0.199,,
fan-cul-de-sac-35-80x100,empty_nest.none,maximum,V0,1,2133.2,2133.2,0,0.371,0.59,0.371,,fits,,A,1157.4,3292.4,0.6288,0.8189,1,True,upper_efficiency,V1,0.287,,
fan-cul-de-sac-35-80x100,empty_nest.none,accessible,V0,1,1461.6,1461.6,0,0.2542,0.59,0.2542,,fits,,A,2960.2,4091.2,0.4308,0.9197,1,True,only_feasible,,0.2042,,
fan-cul-de-sac-35-80x100,empty_nest.none,staged_final,V0,1,1431.8,1431.8,0,0.249,0.59,0.249,,fits,,A,3015.4,4121.1,0.422,0.9212,1,True,only_feasible,,0.199,,
fan-cul-de-sac-35-80x100,empty_nest.latino,minimum,V0,1,1155.8,1155.8,0,0.201,0.59,0.201,,fits,,A,3507.8,4397.1,0.3407,0.9348,1,True,stair_independence,V1,0.151,,
fan-cul-de-sac-35-80x100,empty_nest.latino,optimum,V0,1,1431.8,1431.8,0,0.249,0.59,0.249,,fits,,A,3015.4,4121.1,0.422,0.9212,1,True,only_feasible,,0.199,,
fan-cul-de-sac-35-80x100,empty_nest.latino,maximum,V0,1,2185.0,2185.0,0,0.38,0.59,0.38,,fits_small_garden,,A,1030.4,3240.7,0.6441,0.8142,1,True,upper_efficiency,V1,0.296,,
fan-cul-de-sac-35-80x100,empty_nest.latino,accessible,V0,1,1461.6,1461.6,0,0.2542,0.59,0.2542,,fits,,A,2960.2,4091.2,0.4308,0.9197,1,True,only_feasible,,0.2042,,
fan-cul-de-sac-35-80x100,empty_nest.latino,staged_final,V0,1,1431.8,1431.8,0,0.249,0.59,0.249,,fits,,A,3015.4,4121.1,0.422,0.9212,1,True,only_feasible,,0.199,,
fan-cul-de-sac-35-80x100,empty_nest.anglo,minimum,V0,1,1155.8,1155.8,0,0.201,0.59,0.201,,fits,,A,3507.8,4397.1,0.3407,0.9374,1,True,stair_independence,V1,0.151,,
fan-cul-de-sac-35-80x100,empty_nest.anglo,optimum,V0,1,1558.2,1558.2,0,0.271,0.59,0.271,,fits,,A,2779.2,3994.6,0.4593,0.9169,1,True,only_feasible,,0.221,,
fan-cul-de-sac-35-80x100,empty_nest.anglo,maximum,V0,1,2277.0,2277.0,0,0.396,0.59,0.396,,fits,,A,1311.3,3138.6,0.6712,0.8044,1,True,upper_efficiency,V1,0.312,,
fan-cul-de-sac-35-80x100,empty_nest.anglo,accessible,V0,1,1588.1,1588.1,0,0.2762,0.59,0.2762,,fits,,A,2722.4,3964.7,0.4681,0.914,1,True,only_feasible,,0.2262,,
fan-cul-de-sac-35-80x100,empty_nest.anglo,staged_final,V0,1,1558.2,1558.2,0,0.271,0.59,0.271,,fits,,A,2779.2,3994.6,0.4593,0.9169,1,True,only_feasible,,0.221,,
fan-cul-de-sac-35-80x100,remote_work.none,minimum,V0,1,1282.2,1282.2,0,0.223,0.59,0.223,,fits,,A,3286.0,4270.6,0.378,0.9143,1,True,stair_independence,V1,0.173,,
fan-cul-de-sac-35-80x100,remote_work.none,optimum,V0,1,1656.0,1656.0,0,0.288,0.59,0.288,,fits,,A,2592.1,3896.8,0.4881,0.8859,1,True,cost,V2,0.238,,
fan-cul-de-sac-35-80x100,remote_work.none,maximum,V2,2,2328.0,1743.1,584.9,0.4049,0.59,0.3032,,fits,,A,2422.0,3809.7,0.6862,0.8419,1,True,open_area,V4,0.3549,,
fan-cul-de-sac-35-80x100,remote_work.none,accessible,V0,1,1685.9,1685.9,0,0.2932,0.59,0.2932,,fits,,A,2534.1,3866.9,0.4969,0.8826,1,True,upper_efficiency,V1,0.2432,,
fan-cul-de-sac-35-80x100,remote_work.none,staged_final,V0,1,1656.0,1656.0,0,0.288,0.59,0.288,,fits,,A,2592.1,3896.8,0.4881,0.8859,1,True,cost,V2,0.238,,
fan-cul-de-sac-35-80x100,remote_work.latino,minimum,V0,1,1282.2,1282.2,0,0.223,0.59,0.223,,fits,,A,3286.0,4270.6,0.378,0.9143,1,True,stair_independence,V1,0.173,,
fan-cul-de-sac-35-80x100,remote_work.latino,optimum,V0,1,1656.0,1656.0,0,0.288,0.59,0.288,,fits,,A,2592.1,3896.8,0.4881,0.8859,1,True,cost,V2,0.238,,
fan-cul-de-sac-35-80x100,remote_work.latino,maximum,V2,2,2552.2,1969.8,582.5,0.4439,0.59,0.3426,,fits,,A,1964.9,3583.0,0.7523,0.8174,1,True,open_area,V4,0.3939,,
fan-cul-de-sac-35-80x100,remote_work.latino,accessible,V0,1,1685.9,1685.9,0,0.2932,0.59,0.2932,,fits,,A,2534.1,3866.9,0.4969,0.8826,1,True,upper_efficiency,V1,0.2432,,
fan-cul-de-sac-35-80x100,remote_work.latino,staged_final,V0,1,1656.0,1656.0,0,0.288,0.59,0.288,,fits,,A,2592.1,3896.8,0.4881,0.8859,1,True,cost,V2,0.238,,
fan-cul-de-sac-35-80x100,remote_work.anglo,minimum,V0,1,1282.2,1282.2,0,0.223,0.59,0.223,,fits,,A,3286.0,4270.6,0.378,0.9183,1,True,stair_independence,V1,0.173,,
fan-cul-de-sac-35-80x100,remote_work.anglo,optimum,V2,2,1856.5,1475.8,380.7,0.3229,0.59,0.2567,,fits,,A,2933.8,4077.0,0.5472,0.8861,1,True,open_area,V0,0.2729,,
fan-cul-de-sac-35-80x100,remote_work.anglo,maximum,V2,2,2437.2,1853.6,583.6,0.4239,0.59,0.3224,,fits,,A,2201.8,3699.2,0.7184,0.8342,1,True,open_area,V4,0.3739,,
fan-cul-de-sac-35-80x100,remote_work.anglo,accessible,V0,1,1766.4,1766.4,0,0.3072,0.59,0.3072,,fits,,A,2376.1,3786.4,0.5207,0.877,1,True,upper_efficiency,V1,0.2572,,
fan-cul-de-sac-35-80x100,remote_work.anglo,staged_final,V2,2,1856.5,1475.8,380.7,0.3229,0.59,0.2567,,fits,,A,2933.8,4077.0,0.5472,0.8861,1,True,open_area,V0,0.2729,,
fan-cul-de-sac-35-80x100,shared_adults.none,minimum,V1,2,1626.5,981.0,645.5,0.2829,0.59,0.1706,,fits,,A,3803.3,4571.8,0.4794,0.9036,1,True,separation,V0,0.2329,,
fan-cul-de-sac-35-80x100,shared_adults.none,optimum,V1,2,1856.5,1161.2,695.3,0.3229,0.59,0.2019,,fits,,A,3498.4,4391.6,0.5472,0.8913,1,True,separation,V0,0.2729,,
fan-cul-de-sac-35-80x100,shared_adults.none,maximum,V1,2,2540.7,1597.7,943.0,0.4419,0.59,0.2779,,fits,,A,2393.4,3828.0,0.7489,0.8048,1,True,separation,V4,0.3579,,
fan-cul-de-sac-35-80x100,shared_adults.none,accessible,V1,2,1886.4,1403.2,483.2,0.3281,0.59,0.244,,fits,,A,3067.7,4149.6,0.5561,0.8574,1,True,separation,V0,0.2781,,
fan-cul-de-sac-35-80x100,shared_adults.none,staged_final,V1,2,1856.5,1161.2,695.3,0.3229,0.59,0.2019,,fits,,A,3498.4,4391.6,0.5472,0.8913,1,True,separation,V0,0.2729,,
fan-cul-de-sac-35-80x100,shared_adults.latino,minimum,V1,2,1626.5,981.0,645.5,0.2829,0.59,0.1706,,fits,,A,3803.3,4571.8,0.4794,0.9036,1,True,separation,V0,0.2329,,
fan-cul-de-sac-35-80x100,shared_adults.latino,optimum,V1,2,1856.5,1161.2,695.3,0.3229,0.59,0.2019,,fits,,A,3498.4,4391.6,0.5472,0.8913,1,True,separation,V0,0.2729,,
fan-cul-de-sac-35-80x100,shared_adults.latino,maximum,V1,2,2592.5,1650.3,942.2,0.4509,0.59,0.287,,fits,,A,2278.4,3775.4,0.7642,0.7996,1,True,separation,V4,0.3669,,
fan-cul-de-sac-35-80x100,shared_adults.latino,accessible,V1,2,1886.4,1403.2,483.2,0.3281,0.59,0.244,,fits,,A,3067.7,4149.6,0.5561,0.8574,1,True,separation,V0,0.2781,,
fan-cul-de-sac-35-80x100,shared_adults.latino,staged_final,V1,2,1856.5,1161.2,695.3,0.3229,0.59,0.2019,,fits,,A,3498.4,4391.6,0.5472,0.8913,1,True,separation,V0,0.2729,,
fan-cul-de-sac-35-80x100,shared_adults.anglo,minimum,V1,2,1626.5,962.7,663.8,0.2829,0.59,0.1674,,fits,,A,3833.5,4590.1,0.4794,0.905,1,True,separation,V0,0.2329,,
fan-cul-de-sac-35-80x100,shared_adults.anglo,optimum,V1,2,1983.0,1223.6,759.4,0.3449,0.59,0.2128,,fits,,A,3389.6,4329.2,0.5845,0.8833,1,True,separation,V0,0.2949,,
fan-cul-de-sac-35-80x100,shared_adults.anglo,maximum,V1,2,2592.5,1566.3,1026.2,0.4509,0.59,0.2724,,fits,,A,2461.5,3859.4,0.7642,0.8035,1,True,separation,V4,0.3669,,
fan-cul-de-sac-35-80x100,shared_adults.anglo,accessible,V1,2,2012.9,1464.9,548.0,0.3501,0.59,0.2548,,fits,,A,2954.1,4087.9,0.5933,0.8509,1,True,separation,V0,0.3001,,
fan-cul-de-sac-35-80x100,shared_adults.anglo,staged_final,V1,2,1983.0,1223.6,759.4,0.3449,0.59,0.2128,,fits,,A,3389.6,4329.2,0.5845,0.8833,1,True,separation,V0,0.2949,,
fan-curve-35-80x100,young_couple.none,minimum,V0,1,1282.2,1282.2,0,0.223,0.59,0.223,,fits,,A,3250.1,4257.8,0.378,0.931,1,True,stair_independence,V1,0.173,,
fan-curve-35-80x100,young_couple.none,optimum,V0,1,1604.2,1604.2,0,0.279,0.59,0.279,,fits,,A,2663.6,3935.8,0.4729,0.9115,1,True,stair_independence,V1,0.229,,
fan-curve-35-80x100,young_couple.none,accessible,V0,1,1634.1,1634.1,0,0.2842,0.59,0.2842,,fits,,A,2607.0,3905.9,0.4817,0.9087,1,True,upper_efficiency,V1,0.2342,,
fan-curve-35-80x100,young_couple.none,staged_final,V2,2,1902.5,1498.1,404.4,0.3309,0.59,0.2605,,fits,,A,2861.5,4041.9,0.5608,0.9005,1,True,open_area,V0,0.2809,,
fan-curve-35-80x100,young_couple.latino,minimum,V0,1,1282.2,1282.2,0,0.223,0.59,0.223,,fits,,A,3250.1,4257.8,0.378,0.931,1,True,stair_independence,V1,0.173,,
fan-curve-35-80x100,young_couple.latino,optimum,V0,1,1604.2,1604.2,0,0.279,0.59,0.279,,fits,,A,2663.6,3935.8,0.4729,0.9115,1,True,stair_independence,V1,0.229,,
fan-curve-35-80x100,young_couple.latino,accessible,V0,1,1634.1,1634.1,0,0.2842,0.59,0.2842,,fits,,A,2607.0,3905.9,0.4817,0.9087,1,True,upper_efficiency,V1,0.2342,,
fan-curve-35-80x100,young_couple.latino,staged_final,V2,2,1902.5,1498.1,404.4,0.3309,0.59,0.2605,,fits,,A,2861.5,4041.9,0.5608,0.9005,1,True,open_area,V0,0.2809,,
fan-curve-35-80x100,young_couple.anglo,minimum,V0,1,1282.2,1282.2,0,0.223,0.59,0.223,,fits,,A,3250.1,4257.8,0.378,0.9337,1,True,stair_independence,V1,0.173,,
fan-curve-35-80x100,young_couple.anglo,optimum,V0,1,1684.7,1684.7,0,0.293,0.59,0.293,,fits,,A,2510.5,3855.2,0.4966,0.9063,1,True,stair_independence,V1,0.243,,
fan-curve-35-80x100,young_couple.anglo,accessible,V0,1,1714.6,1714.6,0,0.2982,0.59,0.2982,,fits,,A,2453.0,3825.4,0.5054,0.9034,1,True,upper_efficiency,V1,0.2482,,
fan-curve-35-80x100,young_couple.anglo,staged_final,V2,2,1902.5,1498.1,404.4,0.3309,0.59,0.2605,,fits,,A,2861.5,4041.9,0.5608,0.9045,1,True,open_area,V0,0.2809,,
fan-curve-35-80x100,early_childhood.none,minimum,V0,1,1305.2,1305.2,0,0.227,0.59,0.227,,fits,,A,3209.6,4234.8,0.3847,0.9326,1,True,stair_independence,V1,0.177,,
fan-curve-35-80x100,early_childhood.none,optimum,V0,1,1610.0,1610.0,0,0.28,0.59,0.28,,fits,,A,2652.7,3930.0,0.4746,0.9135,1,True,stair_independence,V1,0.23,,
fan-curve-35-80x100,early_childhood.none,accessible,V0,1,1639.9,1639.9,0,0.2852,0.59,0.2852,,fits,,A,2596.1,3900.1,0.4834,0.9107,1,True,supervision,V1,0.2352,,
fan-curve-35-80x100,early_childhood.none,staged_final,V0,1,1656.0,1656.0,0,0.288,0.59,0.288,,fits,,A,2565.5,3884.0,0.4881,0.9091,1,True,stair_independence,V1,0.238,,
fan-curve-35-80x100,early_childhood.latino,minimum,V0,1,1305.2,1305.2,0,0.227,0.59,0.227,,fits,,A,3209.6,4234.8,0.3847,0.9326,1,True,stair_independence,V1,0.177,,
fan-curve-35-80x100,early_childhood.latino,optimum,V0,1,1610.0,1610.0,0,0.28,0.59,0.28,,fits,,A,2652.7,3930.0,0.4746,0.9135,1,True,stair_independence,V1,0.23,,
fan-curve-35-80x100,early_childhood.latino,accessible,V0,1,1639.9,1639.9,0,0.2852,0.59,0.2852,,fits,,A,2596.1,3900.1,0.4834,0.9107,1,True,supervision,V1,0.2352,,
fan-curve-35-80x100,early_childhood.latino,staged_final,V0,1,1656.0,1656.0,0,0.288,0.59,0.288,,fits,,A,2565.5,3884.0,0.4881,0.9091,1,True,stair_independence,V1,0.238,,
fan-curve-35-80x100,early_childhood.anglo,minimum,V0,1,1305.2,1305.2,0,0.227,0.59,0.227,,fits,,A,3209.6,4234.8,0.3847,0.9326,1,True,stair_independence,V1,0.177,,
fan-curve-35-80x100,early_childhood.anglo,optimum,V0,1,1736.5,1736.5,0,0.302,0.59,0.302,,fits,,A,2410.7,3803.5,0.5119,0.9013,1,True,stair_independence,V1,0.252,,
fan-curve-35-80x100,early_childhood.anglo,accessible,V0,1,1766.4,1766.4,0,0.3072,0.59,0.3072,,fits,,A,2352.5,3773.6,0.5207,0.8984,1,True,supervision,V1,0.2572,,
fan-curve-35-80x100,early_childhood.anglo,staged_final,V0,1,1788.2,1788.2,0,0.311,0.59,0.311,,fits,,A,2309.8,3751.8,0.5271,0.8963,1,True,stair_independence,V1,0.261,,
fan-curve-35-80x100,teens_family.none,minimum,V2,2,1574.7,1141.9,432.9,0.2739,0.59,0.1986,,fits,,A,3492.7,4398.1,0.4642,0.909,1,True,separation,V0,0.2239,,
fan-curve-35-80x100,teens_family.none,optimum,V2,2,1925.5,1497.2,428.3,0.3349,0.59,0.2604,,fits,,A,2863.2,4042.8,0.5676,0.8902,1,True,separation,V0,0.2849,,
fan-curve-35-80x100,teens_family.none,accessible,V1,2,1955.4,1581.7,373.7,0.3401,0.59,0.2751,,fits,,A,2706.1,3958.3,0.5764,0.8856,1,True,separation,V0,0.2901,,V2
fan-curve-35-80x100,teens_family.none,staged_final,V2,2,1776.0,1503.7,272.3,0.3089,0.59,0.2615,,fits,,A,2851.2,4036.3,0.5235,0.8717,1,True,separation,V0,0.2589,,
fan-curve-35-80x100,teens_family.latino,minimum,V2,2,1574.7,1141.9,432.9,0.2739,0.59,0.1986,,fits,,A,3492.7,4398.1,0.4642,0.909,1,True,separation,V0,0.2239,,
fan-curve-35-80x100,teens_family.latino,optimum,V2,2,1925.5,1497.2,428.3,0.3349,0.59,0.2604,,fits,,A,2863.2,4042.8,0.5676,0.8902,1,True,separation,V0,0.2849,,
fan-curve-35-80x100,teens_family.latino,accessible,V1,2,1955.4,1581.7,373.7,0.3401,0.59,0.2751,,fits,,A,2706.1,3958.3,0.5764,0.8856,1,True,separation,V0,0.2901,,V2
fan-curve-35-80x100,teens_family.latino,staged_final,V2,2,1776.0,1503.7,272.3,0.3089,0.59,0.2615,,fits,,A,2851.2,4036.3,0.5235,0.8717,1,True,separation,V0,0.2589,,
fan-curve-35-80x100,teens_family.anglo,minimum,V2,2,1574.7,1123.6,451.2,0.2739,0.59,0.1954,,fits,,A,3523.9,4416.4,0.4642,0.9107,1,True,separation,V0,0.2239,,
fan-curve-35-80x100,teens_family.anglo,optimum,V2,2,2057.8,1510.3,547.4,0.3579,0.59,0.2627,,fits,,A,2839.0,4029.7,0.6066,0.8838,1,True,separation,V0,0.3079,,
fan-curve-35-80x100,teens_family.anglo,accessible,V1,2,2087.6,1660.8,426.8,0.3631,0.59,0.2888,,fits,,A,2556.3,3879.2,0.6154,0.8788,1,True,separation,V0,0.3131,,V2
fan-curve-35-80x100,teens_family.anglo,staged_final,V2,2,1856.5,1584.7,271.8,0.3229,0.59,0.2756,,fits,,A,2700.3,3955.3,0.5472,0.8692,1,True,separation,V0,0.2729,,
fan-curve-35-80x100,multigenerational.none,minimum,V0,1,1523.7,1523.7,0,0.265,0.59,0.265,,fits,,A,2814.1,4016.2,0.4492,0.9151,1,True,stair_independence,V1,0.215,,
fan-curve-35-80x100,multigenerational.none,optimum,V0,1,1857.2,1857.2,0,0.323,0.59,0.323,,fits,,A,2173.7,3682.8,0.5475,0.88,1,True,stair_independence,V1,0.273,,
fan-curve-35-80x100,multigenerational.none,accessible,V0,1,1887.1,1887.1,0,0.3282,0.59,0.3282,,fits,,A,2114.1,3652.9,0.5563,0.8769,1,True,stair_independence,V1,0.2782,,
fan-curve-35-80x100,multigenerational.none,staged_final,V2,2,2126.8,1700.2,426.5,0.3699,0.59,0.2957,,fits,,A,2480.7,3839.8,0.6269,0.8747,1,True,separation,V0,0.3199,,
fan-curve-35-80x100,multigenerational.latino,minimum,V0,1,1523.7,1523.7,0,0.265,0.59,0.265,,fits,,A,2814.1,4016.2,0.4492,0.9151,1,True,stair_independence,V1,0.215,,
fan-curve-35-80x100,multigenerational.latino,optimum,V0,1,1811.2,1811.2,0,0.315,0.59,0.315,,fits,,A,2264.7,3728.8,0.5339,0.8848,1,True,stair_independence,V1,0.265,,
fan-curve-35-80x100,multigenerational.latino,accessible,V0,1,1841.1,1841.1,0,0.3202,0.59,0.3202,,fits,,A,2205.6,3698.9,0.5427,0.8817,1,True,stair_independence,V1,0.2702,,
fan-curve-35-80x100,multigenerational.latino,staged_final,V2,2,2126.8,1700.2,426.5,0.3699,0.59,0.2957,,fits,,A,2480.7,3839.8,0.6269,0.8747,1,True,separation,V0,0.3199,,
fan-curve-35-80x100,multigenerational.anglo,minimum,V0,1,1523.7,1523.7,0,0.265,0.59,0.265,,fits,,A,2814.1,4016.2,0.4492,0.9151,1,True,stair_independence,V1,0.215,,
fan-curve-35-80x100,multigenerational.anglo,optimum,V0,1,2001.0,2001.0,0,0.348,0.59,0.348,,fits,,A,1883.9,3539.0,0.5898,0.8649,1,True,stair_independence,V1,0.298,,
fan-curve-35-80x100,multigenerational.anglo,accessible,V0,1,2030.9,2030.9,0,0.3532,0.59,0.3532,,fits,,A,1822.6,3509.1,0.5986,0.8617,1,True,stair_independence,V1,0.3032,,
fan-curve-35-80x100,multigenerational.anglo,staged_final,V2,2,2322.2,1843.3,478.9,0.4039,0.59,0.3206,,fits,,A,2201.3,3696.7,0.6845,0.8569,1,True,separation,V1,0.3539,,
fan-curve-35-80x100,empty_nest.none,minimum,V0,1,1155.8,1155.8,0,0.201,0.59,0.201,,fits,,A,3469.1,4384.2,0.3407,0.9372,1,True,stair_independence,V1,0.151,,
fan-curve-35-80x100,empty_nest.none,optimum,V0,1,1431.8,1431.8,0,0.249,0.59,0.249,,fits,,A,2982.9,4108.2,0.422,0.9236,1,True,only_feasible,,0.199,,
fan-curve-35-80x100,empty_nest.none,accessible,V0,1,1461.6,1461.6,0,0.2542,0.59,0.2542,,fits,,A,2928.4,4078.4,0.4308,0.9222,1,True,only_feasible,,0.2042,,
fan-curve-35-80x100,empty_nest.none,staged_final,V0,1,1431.8,1431.8,0,0.249,0.59,0.249,,fits,,A,2982.9,4108.2,0.422,0.9236,1,True,only_feasible,,0.199,,
fan-curve-35-80x100,empty_nest.latino,minimum,V0,1,1155.8,1155.8,0,0.201,0.59,0.201,,fits,,A,3469.1,4384.2,0.3407,0.9372,1,True,stair_independence,V1,0.151,,
fan-curve-35-80x100,empty_nest.latino,optimum,V0,1,1431.8,1431.8,0,0.249,0.59,0.249,,fits,,A,2982.9,4108.2,0.422,0.9236,1,True,only_feasible,,0.199,,
fan-curve-35-80x100,empty_nest.latino,accessible,V0,1,1461.6,1461.6,0,0.2542,0.59,0.2542,,fits,,A,2928.4,4078.4,0.4308,0.9222,1,True,only_feasible,,0.2042,,
fan-curve-35-80x100,empty_nest.latino,staged_final,V0,1,1431.8,1431.8,0,0.249,0.59,0.249,,fits,,A,2982.9,4108.2,0.422,0.9236,1,True,only_feasible,,0.199,,
fan-curve-35-80x100,empty_nest.anglo,minimum,V0,1,1155.8,1155.8,0,0.201,0.59,0.201,,fits,,A,3469.1,4384.2,0.3407,0.9397,1,True,stair_independence,V1,0.151,,
fan-curve-35-80x100,empty_nest.anglo,optimum,V0,1,1558.2,1558.2,0,0.271,0.59,0.271,,fits,,A,2749.9,3981.8,0.4593,0.9186,1,True,only_feasible,,0.221,,
fan-curve-35-80x100,empty_nest.anglo,accessible,V0,1,1588.1,1588.1,0,0.2762,0.59,0.2762,,fits,,A,2693.9,3951.9,0.4681,0.9157,1,True,only_feasible,,0.2262,,
fan-curve-35-80x100,empty_nest.anglo,staged_final,V0,1,1558.2,1558.2,0,0.271,0.59,0.271,,fits,,A,2749.9,3981.8,0.4593,0.9186,1,True,only_feasible,,0.221,,
fan-curve-35-80x100,remote_work.none,minimum,V0,1,1282.2,1282.2,0,0.223,0.59,0.223,,fits,,A,3250.1,4257.8,0.378,0.9172,1,True,stair_independence,V1,0.173,,
fan-curve-35-80x100,remote_work.none,optimum,V0,1,1656.0,1656.0,0,0.288,0.59,0.288,,fits,,A,2565.5,3884.0,0.4881,0.8881,1,True,cost,V2,0.238,,
fan-curve-35-80x100,remote_work.none,maximum,V2,2,2328.0,1743.1,584.9,0.4049,0.59,0.3032,,fits,,A,2397.8,3796.9,0.6862,0.8442,1,True,open_area,V4,0.3549,,
fan-curve-35-80x100,remote_work.none,accessible,V0,1,1685.9,1685.9,0,0.2932,0.59,0.2932,,fits,,A,2508.3,3854.1,0.4969,0.8849,1,True,upper_efficiency,V1,0.2432,,
fan-curve-35-80x100,remote_work.none,staged_final,V0,1,1656.0,1656.0,0,0.288,0.59,0.288,,fits,,A,2565.5,3884.0,0.4881,0.8881,1,True,cost,V2,0.238,,
fan-curve-35-80x100,remote_work.latino,minimum,V0,1,1282.2,1282.2,0,0.223,0.59,0.223,,fits,,A,3250.1,4257.8,0.378,0.9172,1,True,stair_independence,V1,0.173,,
fan-curve-35-80x100,remote_work.latino,optimum,V0,1,1656.0,1656.0,0,0.288,0.59,0.288,,fits,,A,2565.5,3884.0,0.4881,0.8881,1,True,cost,V2,0.238,,
fan-curve-35-80x100,remote_work.latino,maximum,V2,2,2552.2,1969.8,582.5,0.4439,0.59,0.3426,,fits,,A,1947.6,3570.2,0.7523,0.8197,1,True,open_area,V4,0.3939,,
fan-curve-35-80x100,remote_work.latino,accessible,V0,1,1685.9,1685.9,0,0.2932,0.59,0.2932,,fits,,A,2508.3,3854.1,0.4969,0.8849,1,True,upper_efficiency,V1,0.2432,,
fan-curve-35-80x100,remote_work.latino,staged_final,V0,1,1656.0,1656.0,0,0.288,0.59,0.288,,fits,,A,2565.5,3884.0,0.4881,0.8881,1,True,cost,V2,0.238,,
fan-curve-35-80x100,remote_work.anglo,minimum,V0,1,1282.2,1282.2,0,0.223,0.59,0.223,,fits,,A,3250.1,4257.8,0.378,0.9211,1,True,stair_independence,V1,0.173,,
fan-curve-35-80x100,remote_work.anglo,optimum,V2,2,1856.5,1475.8,380.7,0.3229,0.59,0.2567,,fits,,A,2902.5,4064.2,0.5472,0.8889,1,True,open_area,V0,0.2729,,
fan-curve-35-80x100,remote_work.anglo,maximum,V2,2,2437.2,1853.6,583.6,0.4239,0.59,0.3224,,fits,,A,2180.9,3686.4,0.7184,0.8362,1,True,open_area,V4,0.3739,,
fan-curve-35-80x100,remote_work.anglo,accessible,V0,1,1766.4,1766.4,0,0.3072,0.59,0.3072,,fits,,A,2352.5,3773.6,0.5207,0.879,1,True,upper_efficiency,V1,0.2572,,
fan-curve-35-80x100,remote_work.anglo,staged_final,V2,2,1856.5,1475.8,380.7,0.3229,0.59,0.2567,,fits,,A,2902.5,4064.2,0.5472,0.8889,1,True,open_area,V0,0.2729,,
fan-curve-35-80x100,shared_adults.none,minimum,V1,2,1626.5,981.0,645.5,0.2829,0.59,0.1706,,fits,,A,3761.3,4559.0,0.4794,0.9062,1,True,separation,V0,0.2329,,
fan-curve-35-80x100,shared_adults.none,optimum,V1,2,1856.5,1161.2,695.3,0.3229,0.59,0.2019,,fits,,A,3459.8,4378.8,0.5472,0.8939,1,True,separation,V0,0.2729,,
fan-curve-35-80x100,shared_adults.none,accessible,V1,2,1886.4,1403.2,483.2,0.3281,0.59,0.244,,fits,,A,3034.6,4136.8,0.5561,0.8601,1,True,separation,V0,0.2781,,
fan-curve-35-80x100,shared_adults.none,staged_final,V1,2,1856.5,1161.2,695.3,0.3229,0.59,0.2019,,fits,,A,3459.8,4378.8,0.5472,0.8939,1,True,separation,V0,0.2729,,
fan-curve-35-80x100,shared_adults.latino,minimum,V1,2,1626.5,981.0,645.5,0.2829,0.59,0.1706,,fits,,A,3761.3,4559.0,0.4794,0.9062,1,True,separation,V0,0.2329,,
fan-curve-35-80x100,shared_adults.latino,optimum,V1,2,1856.5,1161.2,695.3,0.3229,0.59,0.2019,,fits,,A,3459.8,4378.8,0.5472,0.8939,1,True,separation,V0,0.2729,,
fan-curve-35-80x100,shared_adults.latino,accessible,V1,2,1886.4,1403.2,483.2,0.3281,0.59,0.244,,fits,,A,3034.6,4136.8,0.5561,0.8601,1,True,separation,V0,0.2781,,
fan-curve-35-80x100,shared_adults.latino,staged_final,V1,2,1856.5,1161.2,695.3,0.3229,0.59,0.2019,,fits,,A,3459.8,4378.8,0.5472,0.8939,1,True,separation,V0,0.2729,,
fan-curve-35-80x100,shared_adults.anglo,minimum,V1,2,1626.5,962.7,663.8,0.2829,0.59,0.1674,,fits,,A,3791.2,4577.3,0.4794,0.9075,1,True,separation,V0,0.2329,,
fan-curve-35-80x100,shared_adults.anglo,optimum,V1,2,1983.0,1223.6,759.4,0.3449,0.59,0.2128,,fits,,A,3352.4,4316.4,0.5845,0.8858,1,True,separation,V0,0.2949,,
fan-curve-35-80x100,shared_adults.anglo,accessible,V1,2,2012.9,1464.9,548.0,0.3501,0.59,0.2548,,fits,,A,2922.5,4075.1,0.5933,0.8534,1,True,separation,V0,0.3001,,
fan-curve-35-80x100,shared_adults.anglo,staged_final,V1,2,1983.0,1223.6,759.4,0.3449,0.59,0.2128,,fits,,A,3352.4,4316.4,0.5845,0.8858,1,True,separation,V0,0.2949,,
fan-reverse-80-40x100,young_couple.none,minimum,V0,1,1282.2,1282.2,0,0.2137,0.59,0.2137,,fits,,A,2523.0,4507.8,0.3622,0.9396,1,True,stair_independence,V1,0.1658,,
fan-reverse-80-40x100,young_couple.none,optimum,V0,1,1604.2,1604.2,0,0.2674,0.59,0.2674,,fits,,A,2015.2,4185.8,0.4532,0.9239,1,True,stair_independence,V1,0.2195,,
fan-reverse-80-40x100,young_couple.none,maximum,V2,2,2454.5,2027.5,427.0,0.4091,0.59,0.3379,,fits,,A,1393.8,3612.5,0.6934,0.8321,1,True,open_area,V4,0.3286,,
fan-reverse-80-40x100,young_couple.none,accessible,V0,1,1634.1,1634.1,0,0.2724,0.59,0.2724,,fits,,A,1969.6,4155.9,0.4616,0.9213,1,True,upper_efficiency,V1,0.2244,,
fan-reverse-80-40x100,young_couple.none,staged_final,V2,2,1902.5,1498.1,404.4,0.3171,0.59,0.2497,,fits,,A,2179.3,4291.9,0.5374,0.9104,1,True,open_area,V0,0.2692,,
fan-reverse-80-40x100,young_couple.latino,minimum,V0,1,1282.2,1282.2,0,0.2137,0.59,0.2137,,fits,,A,2523.0,4507.8,0.3622,0.9396,1,True,stair_independence,V1,0.1658,,
fan-reverse-80-40x100,young_couple.latino,optimum,V0,1,1604.2,1604.2,0,0.2674,0.59,0.2674,,fits,,A,2015.2,4185.8,0.4532,0.9239,1,True,stair_independence,V1,0.2195,,
fan-reverse-80-40x100,young_couple.latino,maximum,V2,2,2506.2,2079.6,426.7,0.4177,0.59,0.3466,,fits,,A,1320.9,3560.4,0.708,0.8276,1,True,open_area,V4,0.3372,,
fan-reverse-80-40x100,young_couple.latino,accessible,V0,1,1634.1,1634.1,0,0.2724,0.59,0.2724,,fits,,A,1969.6,4155.9,0.4616,0.9213,1,True,upper_efficiency,V1,0.2244,,
fan-reverse-80-40x100,young_couple.latino,staged_final,V2,2,1902.5,1498.1,404.4,0.3171,0.59,0.2497,,fits,,A,2179.3,4291.9,0.5374,0.9104,1,True,open_area,V0,0.2692,,
fan-reverse-80-40x100,young_couple.anglo,minimum,V0,1,1282.2,1282.2,0,0.2137,0.59,0.2137,,fits,,A,2523.0,4507.8,0.3622,0.942,1,True,stair_independence,V1,0.1658,,
fan-reverse-80-40x100,young_couple.anglo,optimum,V0,1,1684.7,1684.7,0,0.2808,0.59,0.2808,,fits,,A,1893.0,4105.2,0.4759,0.9193,1,True,stair_independence,V1,0.2329,,
fan-reverse-80-40x100,young_couple.anglo,maximum,V2,2,2546.5,2120.1,426.4,0.4244,0.59,0.3534,,fits,,A,1264.7,3519.9,0.7194,0.8247,1,True,open_area,V4,0.3439,,
fan-reverse-80-40x100,young_couple.anglo,accessible,V0,1,1714.6,1714.6,0,0.2858,0.59,0.2858,,fits,,A,1848.1,4075.4,0.4844,0.9166,1,True,upper_efficiency,V1,0.2379,,
fan-reverse-80-40x100,young_couple.anglo,staged_final,V2,2,1902.5,1498.1,404.4,0.3171,0.59,0.2497,,fits,,A,2179.3,4291.9,0.5374,0.914,1,True,open_area,V0,0.2692,,
fan-reverse-80-40x100,early_childhood.none,minimum,V0,1,1305.2,1305.2,0,0.2175,0.59,0.2175,,fits,,A,2485.8,4484.8,0.3687,0.941,1,True,stair_independence,V1,0.1696,,
fan-reverse-80-40x100,early_childhood.none,optimum,V0,1,1610.0,1610.0,0,0.2683,0.59,0.2683,,fits,,A,2006.4,4180.0,0.4548,0.9263,1,True,stair_independence,V1,0.2204,,
fan-reverse-80-40x100,early_childhood.none,maximum,V0,1,2829.0,2829.0,0,0.4715,0.59,0.4715,,fits,,B2,1601.5,2811.0,0.7992,0.806,1,True,frontage,V1,0.391,,
fan-reverse-80-40x100,early_childhood.none,accessible,V0,1,1639.9,1639.9,0,0.2733,0.59,0.2733,,fits,,A,1960.9,4150.1,0.4632,0.9235,1,True,supervision,V1,0.2254,,
fan-reverse-80-40x100,early_childhood.none,staged_final,V0,1,1656.0,1656.0,0,0.276,0.59,0.276,,fits,,A,1936.5,4134.0,0.4678,0.922,1,True,stair_independence,V1,0.2281,,
fan-reverse-80-40x100,early_childhood.latino,minimum,V0,1,1305.2,1305.2,0,0.2175,0.59,0.2175,,fits,,A,2485.8,4484.8,0.3687,0.941,1,True,stair_independence,V1,0.1696,,
fan-reverse-80-40x100,early_childhood.latino,optimum,V0,1,1610.0,1610.0,0,0.2683,0.59,0.2683,,fits,,A,2006.4,4180.0,0.4548,0.9263,1,True,stair_independence,V1,0.2204,,
fan-reverse-80-40x100,early_childhood.latino,maximum,V0,1,2880.8,2880.8,0,0.4801,0.59,0.4801,,fits,,B2,1540.4,2759.2,0.8138,0.8012,1,True,frontage,V1,0.3996,,
fan-reverse-80-40x100,early_childhood.latino,accessible,V0,1,1639.9,1639.9,0,0.2733,0.59,0.2733,,fits,,A,1960.9,4150.1,0.4632,0.9235,1,True,supervision,V1,0.2254,,
fan-reverse-80-40x100,early_childhood.latino,staged_final,V0,1,1656.0,1656.0,0,0.276,0.59,0.276,,fits,,A,1936.5,4134.0,0.4678,0.922,1,True,stair_independence,V1,0.2281,,
fan-reverse-80-40x100,early_childhood.anglo,minimum,V0,1,1305.2,1305.2,0,0.2175,0.59,0.2175,,fits,,A,2485.8,4484.8,0.3687,0.941,1,True,stair_independence,V1,0.1696,,
fan-reverse-80-40x100,early_childhood.anglo,optimum,V0,1,1736.5,1736.5,0,0.2894,0.59,0.2894,,fits,,A,1815.4,4053.5,0.4905,0.9145,1,True,stair_independence,V1,0.2415,,
fan-reverse-80-40x100,early_childhood.anglo,maximum,V0,1,2829.0,2829.0,0,0.4715,0.59,0.4715,,fits,,B2,1601.5,2811.0,0.7992,0.806,1,True,frontage,V1,0.391,,
fan-reverse-80-40x100,early_childhood.anglo,accessible,V0,1,1766.4,1766.4,0,0.2944,0.59,0.2944,,fits,,A,1771.0,4023.6,0.499,0.9118,1,True,supervision,V1,0.2465,,
fan-reverse-80-40x100,early_childhood.anglo,staged_final,V0,1,1788.2,1788.2,0,0.298,0.59,0.298,,fits,,A,1738.6,4001.8,0.5052,0.9097,1,True,stair_independence,V1,0.2501,,
fan-reverse-80-40x100,teens_family.none,minimum,V2,2,1574.7,1141.9,432.9,0.2625,0.59,0.1903,,fits,,A,2753.8,4648.1,0.4448,0.9191,1,True,separation,V0,0.2145,,
fan-reverse-80-40x100,teens_family.none,optimum,V2,2,1925.5,1497.2,428.3,0.3209,0.59,0.2495,,fits,,A,2180.8,4292.8,0.5439,0.9011,1,True,separation,V0,0.273,,
fan-reverse-80-40x100,teens_family.none,maximum,V2,2,3276.8,2628.2,648.5,0.5461,0.59,0.438,,fits_small_garden,,A,601.4,3011.8,0.9256,0.7486,1,True,separation,V0,0.4656,,
fan-reverse-80-40x100,teens_family.none,accessible,V1,2,1955.4,1581.7,373.7,0.3259,0.59,0.2636,,fits,,A,2049.9,4208.3,0.5524,0.8996,1,True,separation,V0,0.278,,V2
fan-reverse-80-40x100,teens_family.none,staged_final,V2,2,1776.0,1503.7,272.3,0.296,0.59,0.2506,,fits,,A,2170.6,4286.3,0.5017,0.8822,1,True,separation,V0,0.2481,,
fan-reverse-80-40x100,teens_family.latino,minimum,V2,2,1574.7,1141.9,432.9,0.2625,0.59,0.1903,,fits,,A,2753.8,4648.1,0.4448,0.9191,1,True,separation,V0,0.2145,,
fan-reverse-80-40x100,teens_family.latino,optimum,V2,2,1925.5,1497.2,428.3,0.3209,0.59,0.2495,,fits,,A,2180.8,4292.8,0.5439,0.9011,1,True,separation,V0,0.273,,
fan-reverse-80-40x100,teens_family.latino,maximum,V2,2,3334.2,2686.1,648.2,0.5557,0.59,0.4477,,fits,,B2,1769.7,2953.9,0.9419,0.7748,1,True,separation,V0,0.4752,,
fan-reverse-80-40x100,teens_family.latino,accessible,V1,2,1955.4,1581.7,373.7,0.3259,0.59,0.2636,,fits,,A,2049.9,4208.3,0.5524,0.8996,1,True,separation,V0,0.278,,V2
fan-reverse-80-40x100,teens_family.latino,staged_final,V2,2,1776.0,1503.7,272.3,0.296,0.59,0.2506,,fits,,A,2170.6,4286.3,0.5017,0.8822,1,True,separation,V0,0.2481,,
fan-reverse-80-40x100,teens_family.anglo,minimum,V2,2,1574.7,1123.6,451.2,0.2625,0.59,0.1873,,fits,,A,2784.4,4666.4,0.4448,0.9204,1,True,separation,V0,0.2145,,
fan-reverse-80-40x100,teens_family.anglo,optimum,V2,2,2057.8,1510.3,547.4,0.343,0.59,0.2517,,fits,,A,2160.3,4279.7,0.5813,0.8945,1,True,separation,V0,0.295,,
fan-reverse-80-40x100,teens_family.anglo,maximum,V2,2,3340.0,2626.5,713.5,0.5567,0.59,0.4377,,fits_small_garden,,A,603.5,3013.5,0.9435,0.7442,1,True,separation,V0,0.4762,,
fan-reverse-80-40x100,teens_family.anglo,accessible,V1,2,2087.6,1660.8,426.8,0.3479,0.59,0.2768,,fits,,A,1929.2,4129.2,0.5897,0.8938,1,True,separation,V0,0.3,,V2
fan-reverse-80-40x100,teens_family.anglo,staged_final,V2,2,1856.5,1584.7,271.8,0.3094,0.59,0.2641,,fits,,A,2045.2,4205.3,0.5244,0.8832,1,True,separation,V0,0.2615,,
fan-reverse-80-40x100,multigenerational.none,minimum,V0,1,1523.7,1523.7,0,0.254,0.59,0.254,,fits,,A,2139.4,4266.2,0.4304,0.9251,1,True,stair_independence,V1,0.206,,
fan-reverse-80-40x100,multigenerational.none,optimum,V0,1,2006.7,2006.7,0,0.3345,0.59,0.3345,,fits,,A,1423.0,3783.2,0.5669,0.8798,1,True,stair_independence,V1,0.2865,,
fan-reverse-80-40x100,multigenerational.none,maximum,V2,2,3529.8,2882.7,647.1,0.5883,0.59,0.4804,,fits,,B2,1538.1,2757.3,0.9971,0.7519,1,True,open_area,V0,0.5078,,
fan-reverse-80-40x100,multigenerational.none,accessible,V0,1,2036.6,2036.6,0,0.3394,0.59,0.3394,,fits,,A,1380.9,3753.4,0.5753,0.8768,1,True,stair_independence,V1,0.2915,,
fan-reverse-80-40x100,multigenerational.none,staged_final,V2,2,2264.8,1839.3,425.4,0.3775,0.59,0.3066,,fits,,A,1663.6,3950.7,0.6398,0.8758,1,True,separation,V0,0.3295,,
fan-reverse-80-40x100,multigenerational.latino,minimum,V0,1,1523.7,1523.7,0,0.254,0.59,0.254,,fits,,A,2139.4,4266.2,0.4304,0.9251,1,True,stair_independence,V1,0.206,,
fan-reverse-80-40x100,multigenerational.latino,optimum,V0,1,2006.7,2006.7,0,0.3345,0.59,0.3345,,fits,,A,1423.0,3783.2,0.5669,0.8798,1,True,stair_independence,V1,0.2865,,
fan-reverse-80-40x100,multigenerational.latino,maximum,V2,2,3535.5,2888.5,647.0,0.5893,0.59,0.4814,,fits,,B2,1531.3,2751.5,0.9987,0.7513,1,True,frontage,V1,0.5088,,
fan-reverse-80-40x100,multigenerational.latino,accessible,V0,1,2036.6,2036.6,0,0.3394,0.59,0.3394,,fits,,A,1380.9,3753.4,0.5753,0.8768,1,True,stair_independence,V1,0.2915,,
fan-reverse-80-40x100,multigenerational.latino,staged_final,V2,2,2264.8,1839.3,425.4,0.3775,0.59,0.3066,,fits,,A,1663.6,3950.7,0.6398,0.8758,1,True,separation,V0,0.3295,,
fan-reverse-80-40x100,multigenerational.anglo,minimum,V0,1,1523.7,1523.7,0,0.254,0.59,0.254,,fits,,A,2139.4,4266.2,0.4304,0.9251,1,True,stair_independence,V1,0.206,,
fan-reverse-80-40x100,multigenerational.anglo,optimum,V0,1,2052.8,2052.8,0,0.3421,0.59,0.3421,,fits,,A,1358.3,3737.2,0.5799,0.8752,1,True,upper_efficiency,V2,0.2942,,
fan-reverse-80-40x100,multigenerational.anglo,maximum,V2,2,3374.5,2696.9,677.6,0.5624,0.59,0.4495,,fits,,B2,1757.0,2943.1,0.9532,0.7692,1,True,frontage,V1,0.4819,,
fan-reverse-80-40x100,multigenerational.anglo,accessible,V0,1,2082.6,2082.6,0,0.3471,0.59,0.3471,,fits,,A,1316.6,3707.4,0.5883,0.8722,1,True,stair_independence,V1,0.2992,,
fan-reverse-80-40x100,multigenerational.anglo,staged_final,V2,2,2322.2,1843.3,478.9,0.387,0.59,0.3072,,fits,,A,1657.7,3946.7,0.656,0.8728,1,True,separation,V1,0.3391,,
fan-reverse-80-40x100,empty_nest.none,minimum,V0,1,1155.8,1155.8,0,0.1926,0.59,0.1926,,fits,,A,2730.8,4634.2,0.3265,0.9456,1,True,stair_independence,V1,0.1447,,
fan-reverse-80-40x100,empty_nest.none,optimum,V0,1,1431.8,1431.8,0,0.2386,0.59,0.2386,,fits,,A,2283.5,4358.2,0.4044,0.9326,1,True,only_feasible,,0.1907,,
fan-reverse-80-40x100,empty_nest.none,maximum,V0,1,2133.2,2133.2,0,0.3555,0.59,0.3555,,fits,,A,1246.6,3506.8,0.6026,0.8431,1,True,upper_efficiency,V1,0.275,,
fan-reverse-80-40x100,empty_nest.none,accessible,V0,1,1461.6,1461.6,0,0.2436,0.59,0.2436,,fits,,A,2236.4,4328.4,0.4129,0.9312,1,True,only_feasible,,0.1957,,
fan-reverse-80-40x100,empty_nest.none,staged_final,V0,1,1431.8,1431.8,0,0.2386,0.59,0.2386,,fits,,A,2283.5,4358.2,0.4044,0.9326,1,True,only_feasible,,0.1907,,
fan-reverse-80-40x100,empty_nest.latino,minimum,V0,1,1155.8,1155.8,0,0.1926,0.59,0.1926,,fits,,A,2730.8,4634.2,0.3265,0.9456,1,True,stair_independence,V1,0.1447,,
fan-reverse-80-40x100,empty_nest.latino,optimum,V0,1,1431.8,1431.8,0,0.2386,0.59,0.2386,,fits,,A,2283.5,4358.2,0.4044,0.9326,1,True,only_feasible,,0.1907,,
fan-reverse-80-40x100,empty_nest.latino,maximum,V0,1,2185.0,2185.0,0,0.3642,0.59,0.3642,,fits_small_garden,,A,1175.8,3455.0,0.6172,0.8386,1,True,upper_efficiency,V1,0.2837,,
fan-reverse-80-40x100,empty_nest.latino,accessible,V0,1,1461.6,1461.6,0,0.2436,0.59,0.2436,,fits,,A,2236.4,4328.4,0.4129,0.9312,1,True,only_feasible,,0.1957,,
fan-reverse-80-40x100,empty_nest.latino,staged_final,V0,1,1431.8,1431.8,0,0.2386,0.59,0.2386,,fits,,A,2283.5,4358.2,0.4044,0.9326,1,True,only_feasible,,0.1907,,
fan-reverse-80-40x100,empty_nest.anglo,minimum,V0,1,1155.8,1155.8,0,0.1926,0.59,0.1926,,fits,,A,2730.8,4634.2,0.3265,0.9478,1,True,stair_independence,V1,0.1447,,
fan-reverse-80-40x100,empty_nest.anglo,optimum,V0,1,1558.2,1558.2,0,0.2597,0.59,0.2597,,fits,,A,2085.9,4231.8,0.4402,0.9296,1,True,only_feasible,,0.2118,,
fan-reverse-80-40x100,empty_nest.anglo,maximum,V0,1,2277.0,2277.0,0,0.3795,0.59,0.3795,,fits_small_garden,,A,1051.9,3363.0,0.6432,0.8294,1,True,upper_efficiency,V1,0.299,,
fan-reverse-80-40x100,empty_nest.anglo,accessible,V0,1,1588.1,1588.1,0,0.2647,0.59,0.2647,,fits,,A,2039.9,4201.9,0.4486,0.9282,1,True,only_feasible,,0.2168,,
fan-reverse-80-40x100,empty_nest.anglo,staged_final,V0,1,1558.2,1558.2,0,0.2597,0.59,0.2597,,fits,,A,2085.9,4231.8,0.4402,0.9296,1,True,only_feasible,,0.2118,,
fan-reverse-80-40x100,remote_work.none,minimum,V0,1,1282.2,1282.2,0,0.2137,0.59,0.2137,,fits,,A,2523.0,4507.8,0.3622,0.9276,1,True,stair_independence,V1,0.1658,,
fan-reverse-80-40x100,remote_work.none,optimum,V0,1,1656.0,1656.0,0,0.276,0.59,0.276,,fits,,A,1936.5,4134.0,0.4678,0.9033,1,True,cost,V2,0.2281,,
fan-reverse-80-40x100,remote_work.none,maximum,V2,2,2328.0,1743.1,584.9,0.388,0.59,0.2905,,fits,,A,1805.5,4046.9,0.6576,0.8612,1,True,open_area,V4,0.3401,,
fan-reverse-80-40x100,remote_work.none,accessible,V0,1,1685.9,1685.9,0,0.281,0.59,0.281,,fits,,A,1891.3,4104.1,0.4762,0.9002,1,True,upper_efficiency,V1,0.2331,,
fan-reverse-80-40x100,remote_work.none,staged_final,V0,1,1656.0,1656.0,0,0.276,0.59,0.276,,fits,,A,1936.5,4134.0,0.4678,0.9033,1,True,cost,V2,0.2281,,
fan-reverse-80-40x100,remote_work.latino,minimum,V0,1,1282.2,1282.2,0,0.2137,0.59,0.2137,,fits,,A,2523.0,4507.8,0.3622,0.9276,1,True,stair_independence,V1,0.1658,,
fan-reverse-80-40x100,remote_work.latino,optimum,V0,1,1656.0,1656.0,0,0.276,0.59,0.276,,fits,,A,1936.5,4134.0,0.4678,0.9033,1,True,cost,V2,0.2281,,
fan-reverse-80-40x100,remote_work.latino,maximum,V2,2,2552.2,1969.8,582.5,0.4254,0.59,0.3283,,fits,,A,1475.5,3820.2,0.721,0.8377,1,True,open_area,V4,0.3775,,
fan-reverse-80-40x100,remote_work.latino,accessible,V0,1,1685.9,1685.9,0,0.281,0.59,0.281,,fits,,A,1891.3,4104.1,0.4762,0.9002,1,True,upper_efficiency,V1,0.2331,,
fan-reverse-80-40x100,remote_work.latino,staged_final,V0,1,1656.0,1656.0,0,0.276,0.59,0.276,,fits,,A,1936.5,4134.0,0.4678,0.9033,1,True,cost,V2,0.2281,,
fan-reverse-80-40x100,remote_work.anglo,minimum,V0,1,1282.2,1282.2,0,0.2137,0.59,0.2137,,fits,,A,2523.0,4507.8,0.3622,0.931,1,True,stair_independence,V1,0.1658,,
fan-reverse-80-40x100,remote_work.anglo,optimum,V2,2,1856.5,1475.8,380.7,0.3094,0.59,0.246,,fits,,A,2214.2,4314.2,0.5244,0.9001,1,True,open_area,V0,0.2615,,
fan-reverse-80-40x100,remote_work.anglo,maximum,V2,2,2437.2,1853.6,583.6,0.4062,0.59,0.3089,,fits,,A,1642.8,3936.4,0.6885,0.8539,1,True,open_area,V4,0.3583,,
fan-reverse-80-40x100,remote_work.anglo,accessible,V0,1,1766.4,1766.4,0,0.2944,0.59,0.2944,,fits,,A,1771.0,4023.6,0.499,0.895,1,True,upper_efficiency,V1,0.2465,,
fan-reverse-80-40x100,remote_work.anglo,staged_final,V2,2,1856.5,1475.8,380.7,0.3094,0.59,0.246,,fits,,A,2214.2,4314.2,0.5244,0.9001,1,True,open_area,V0,0.2615,,
fan-reverse-80-40x100,shared_adults.none,minimum,V1,2,1626.5,981.0,645.5,0.2711,0.59,0.1635,,fits,,A,3025.5,4809.0,0.4595,0.9165,1,True,separation,V0,0.2232,,
fan-reverse-80-40x100,shared_adults.none,optimum,V1,2,1856.5,1161.2,695.3,0.3094,0.59,0.1935,,fits,,A,2721.8,4628.8,0.5244,0.9046,1,True,separation,V0,0.2615,,
fan-reverse-80-40x100,shared_adults.none,maximum,V1,2,2540.7,1597.7,943.0,0.4235,0.59,0.2663,,fits,,A,2025.2,4042.3,0.7177,0.831,1,True,separation,V0,0.343,,
fan-reverse-80-40x100,shared_adults.none,accessible,V1,2,1886.4,1403.2,483.2,0.3144,0.59,0.2339,,fits,,A,2328.7,4386.8,0.5329,0.8709,1,True,separation,V0,0.2665,,
fan-reverse-80-40x100,shared_adults.none,staged_final,V1,2,1856.5,1161.2,695.3,0.3094,0.59,0.1935,,fits,,A,2721.8,4628.8,0.5244,0.9046,1,True,separation,V0,0.2615,,
fan-reverse-80-40x100,shared_adults.latino,minimum,V1,2,1626.5,981.0,645.5,0.2711,0.59,0.1635,,fits,,A,3025.5,4809.0,0.4595,0.9165,1,True,separation,V0,0.2232,,
fan-reverse-80-40x100,shared_adults.latino,optimum,V1,2,1856.5,1161.2,695.3,0.3094,0.59,0.1935,,fits,,A,2721.8,4628.8,0.5244,0.9046,1,True,separation,V0,0.2615,,
fan-reverse-80-40x100,shared_adults.latino,maximum,V1,2,2592.5,1650.3,942.2,0.4321,0.59,0.2751,,fits,,A,1945.1,3989.7,0.7323,0.8261,1,True,separation,V0,0.3516,,
fan-reverse-80-40x100,shared_adults.latino,accessible,V1,2,1886.4,1403.2,483.2,0.3144,0.59,0.2339,,fits,,A,2328.7,4386.8,0.5329,0.8709,1,True,separation,V0,0.2665,,
fan-reverse-80-40x100,shared_adults.latino,staged_final,V1,2,1856.5,1161.2,695.3,0.3094,0.59,0.1935,,fits,,A,2721.8,4628.8,0.5244,0.9046,1,True,separation,V0,0.2615,,
fan-reverse-80-40x100,shared_adults.anglo,minimum,V1,2,1626.5,962.7,663.8,0.2711,0.59,0.1604,,fits,,A,3056.9,4827.3,0.4595,0.9173,1,True,separation,V0,0.2232,,
fan-reverse-80-40x100,shared_adults.anglo,optimum,V1,2,1983.0,1223.6,759.4,0.3305,0.59,0.2039,,fits,,A,2618.7,4566.4,0.5602,0.8963,1,True,separation,V0,0.2826,,
fan-reverse-80-40x100,shared_adults.anglo,maximum,V1,2,2592.5,1566.3,1026.2,0.4321,0.59,0.2611,,fits,,A,2073.5,4073.7,0.7323,0.8291,1,True,separation,V0,0.3516,,
fan-reverse-80-40x100,shared_adults.anglo,accessible,V1,2,2012.9,1464.9,548.0,0.3355,0.59,0.2442,,fits,,A,2231.3,4325.1,0.5686,0.864,1,True,separation,V0,0.2876,,
fan-reverse-80-40x100,shared_adults.anglo,staged_final,V1,2,1983.0,1223.6,759.4,0.3305,0.59,0.2039,,fits,,A,2618.7,4566.4,0.5602,0.8963,1,True,separation,V0,0.2826,,
trapezoid-asym-45-65x100,young_couple.none,minimum,V0,1,1282.2,1282.2,0,0.2331,0.59,0.2331,,fits,,A,3014.9,4007.8,0.3951,0.9341,1,True,stair_independence,V1,0.1809,,
trapezoid-asym-45-65x100,young_couple.none,optimum,V0,1,1604.2,1604.2,0,0.2917,0.59,0.2917,,fits,,A,2528.0,3685.8,0.4944,0.9105,1,True,stair_independence,V1,0.2394,,
trapezoid-asym-45-65x100,young_couple.none,maximum,V2,2,2454.5,2027.5,427.0,0.4463,0.59,0.3686,,fits,,A,1865.1,3112.5,0.7564,0.825,1,True,open_area,V4,0.3585,,
trapezoid-asym-45-65x100,young_couple.none,accessible,V0,1,1634.1,1634.1,0,0.2971,0.59,0.2971,,fits,,A,2482.1,3655.9,0.5036,0.9077,1,True,upper_efficiency,V1,0.2448,,
trapezoid-asym-45-65x100,young_couple.none,staged_final,V2,2,1902.5,1498.1,404.4,0.3459,0.59,0.2724,,fits,,A,2690.2,3791.9,0.5863,0.8998,1,True,open_area,V0,0.2936,,
trapezoid-asym-45-65x100,young_couple.latino,minimum,V0,1,1282.2,1282.2,0,0.2331,0.59,0.2331,,fits,,A,3014.9,4007.8,0.3951,0.9341,1,True,stair_independence,V1,0.1809,,
trapezoid-asym-45-65x100,young_couple.latino,optimum,V0,1,1604.2,1604.2,0,0.2917,0.59,0.2917,,fits,,A,2528.0,3685.8,0.4944,0.9105,1,True,stair_independence,V1,0.2394,,
trapezoid-asym-45-65x100,young_couple.latino,maximum,V2,2,2506.2,2079.6,426.7,0.4557,0.59,0.3781,,fits,,A,1781.6,3060.4,0.7723,0.8201,1,True,open_area,V4,0.3679,,
trapezoid-asym-45-65x100,young_couple.latino,accessible,V0,1,1634.1,1634.1,0,0.2971,0.59,0.2971,,fits,,A,2482.1,3655.9,0.5036,0.9077,1,True,upper_efficiency,V1,0.2448,,
trapezoid-asym-45-65x100,young_couple.latino,staged_final,V2,2,1902.5,1498.1,404.4,0.3459,0.59,0.2724,,fits,,A,2690.2,3791.9,0.5863,0.8998,1,True,open_area,V0,0.2936,,
trapezoid-asym-45-65x100,young_couple.anglo,minimum,V0,1,1282.2,1282.2,0,0.2331,0.59,0.2331,,fits,,A,3014.9,4007.8,0.3951,0.9368,1,True,stair_independence,V1,0.1809,,
trapezoid-asym-45-65x100,young_couple.anglo,optimum,V0,1,1684.7,1684.7,0,0.3063,0.59,0.3063,,fits,,A,2404.0,3605.2,0.5192,0.9042,1,True,stair_independence,V1,0.254,,
trapezoid-asym-45-65x100,young_couple.anglo,maximum,V2,2,2546.5,2120.1,426.4,0.463,0.59,0.3855,,fits,,A,1716.4,3019.9,0.7847,0.815,1,True,open_area,V4,0.3752,,
trapezoid-asym-45-65x100,young_couple.anglo,accessible,V0,1,1714.6,1714.6,0,0.3118,0.59,0.3118,,fits,,A,2357.6,3575.4,0.5284,0.9012,1,True,upper_efficiency,V1,0.2595,,
trapezoid-asym-45-65x100,young_couple.anglo,staged_final,V2,2,1902.5,1498.1,404.4,0.3459,0.59,0.2724,,fits,,A,2690.2,3791.9,0.5863,0.9032,1,True,open_area,V0,0.2936,,
trapezoid-asym-45-65x100,early_childhood.none,minimum,V0,1,1305.2,1305.2,0,0.2373,0.59,0.2373,,fits,,A,2980.6,3984.8,0.4022,0.9356,1,True,stair_independence,V1,0.185,,
trapezoid-asym-45-65x100,early_childhood.none,optimum,V0,1,1610.0,1610.0,0,0.2927,0.59,0.2927,,fits,,A,2519.2,3680.0,0.4961,0.9118,1,True,stair_independence,V1,0.2405,,
trapezoid-asym-45-65x100,early_childhood.none,maximum,V1,2,2949.0,1999.7,949.3,0.5362,0.59,0.3636,,fits,,A,1909.4,3140.3,0.9088,0.7769,1,True,open_area,V0,0.4484,,
trapezoid-asym-45-65x100,early_childhood.none,accessible,V0,1,1639.9,1639.9,0,0.2982,0.59,0.2982,,fits,,A,2473.2,3650.1,0.5054,0.9088,1,True,supervision,V1,0.2459,,
trapezoid-asym-45-65x100,early_childhood.none,staged_final,V0,1,1656.0,1656.0,0,0.3011,0.59,0.3011,,fits,,A,2448.4,3634.0,0.5103,0.9071,1,True,stair_independence,V1,0.2488,,
trapezoid-asym-45-65x100,early_childhood.latino,minimum,V0,1,1305.2,1305.2,0,0.2373,0.59,0.2373,,fits,,A,2980.6,3984.8,0.4022,0.9356,1,True,stair_independence,V1,0.185,,
trapezoid-asym-45-65x100,early_childhood.latino,optimum,V0,1,1610.0,1610.0,0,0.2927,0.59,0.2927,,fits,,A,2519.2,3680.0,0.4961,0.9118,1,True,stair_independence,V1,0.2405,,
trapezoid-asym-45-65x100,early_childhood.latino,maximum,V1,2,3000.8,2052.1,948.7,0.5456,0.59,0.3731,,fits,,A,1825.7,3087.9,0.9247,0.7724,1,True,open_area,V0,0.4578,,
trapezoid-asym-45-65x100,early_childhood.latino,accessible,V0,1,1639.9,1639.9,0,0.2982,0.59,0.2982,,fits,,A,2473.2,3650.1,0.5054,0.9088,1,True,supervision,V1,0.2459,,
trapezoid-asym-45-65x100,early_childhood.latino,staged_final,V0,1,1656.0,1656.0,0,0.3011,0.59,0.3011,,fits,,A,2448.4,3634.0,0.5103,0.9071,1,True,stair_independence,V1,0.2488,,
trapezoid-asym-45-65x100,early_childhood.anglo,minimum,V0,1,1305.2,1305.2,0,0.2373,0.59,0.2373,,fits,,A,2980.6,3984.8,0.4022,0.9356,1,True,stair_independence,V1,0.185,,
trapezoid-asym-45-65x100,early_childhood.anglo,optimum,V0,1,1736.5,1736.5,0,0.3157,0.59,0.3157,,fits,,A,2323.7,3553.5,0.5351,0.899,1,True,stair_independence,V1,0.2635,,
trapezoid-asym-45-65x100,early_childhood.anglo,maximum,V1,2,2949.0,1916.2,1032.8,0.5362,0.59,0.3484,,fits,,A,2042.0,3223.8,0.9088,0.7783,1,True,open_area,V0,0.4484,,
trapezoid-asym-45-65x100,early_childhood.anglo,accessible,V0,1,1766.4,1766.4,0,0.3212,0.59,0.3212,,fits,,A,2277.1,3523.6,0.5443,0.8959,1,True,supervision,V1,0.2689,,
trapezoid-asym-45-65x100,early_childhood.anglo,staged_final,V0,1,1788.2,1788.2,0,0.3251,0.59,0.3251,,fits,,A,2243.0,3501.8,0.5511,0.8937,1,True,stair_independence,V1,0.2729,,
trapezoid-asym-45-65x100,teens_family.none,minimum,V2,2,1574.7,1141.9,432.9,0.2863,0.59,0.2076,,fits,,A,3222.3,4148.1,0.4853,0.9118,1,True,separation,V0,0.234,,
trapezoid-asym-45-65x100,teens_family.none,optimum,V2,2,1925.5,1497.2,428.3,0.3501,0.59,0.2722,,fits,,A,2691.6,3792.8,0.5934,0.8894,1,True,separation,V0,0.2978,,
trapezoid-asym-45-65x100,teens_family.none,maximum,V2,2,2977.8,2362.9,614.8,0.5414,0.59,0.4296,,fits,,A,1320.9,2777.1,0.9176,0.7639,1,True,separation,V1,0.4536,,
trapezoid-asym-45-65x100,teens_family.none,accessible,V1,2,1955.4,1581.7,373.7,0.3555,0.59,0.2876,,fits,,A,2562.7,3708.3,0.6026,0.8837,1,True,separation,V0,0.3033,,V2
trapezoid-asym-45-65x100,teens_family.none,staged_final,V2,2,1776.0,1503.7,272.3,0.3229,0.59,0.2734,,fits,,A,2681.7,3786.3,0.5473,0.8709,1,True,separation,V0,0.2706,,
trapezoid-asym-45-65x100,teens_family.latino,minimum,V2,2,1574.7,1141.9,432.9,0.2863,0.59,0.2076,,fits,,A,3222.3,4148.1,0.4853,0.9118,1,True,separation,V0,0.234,,
trapezoid-asym-45-65x100,teens_family.latino,optimum,V2,2,1925.5,1497.2,428.3,0.3501,0.59,0.2722,,fits,,A,2691.6,3792.8,0.5934,0.8894,1,True,separation,V0,0.2978,,
trapezoid-asym-45-65x100,teens_family.latino,maximum,V2,2,2977.8,2362.9,614.8,0.5414,0.59,0.4296,,fits,,A,1320.9,2777.1,0.9176,0.7639,1,True,separation,V1,0.4536,,
trapezoid-asym-45-65x100,teens_family.latino,accessible,V1,2,1955.4,1581.7,373.7,0.3555,0.59,0.2876,,fits,,A,2562.7,3708.3,0.6026,0.8837,1,True,separation,V0,0.3033,,V2
trapezoid-asym-45-65x100,teens_family.latino,staged_final,V2,2,1776.0,1503.7,272.3,0.3229,0.59,0.2734,,fits,,A,2681.7,3786.3,0.5473,0.8709,1,True,separation,V0,0.2706,,
trapezoid-asym-45-65x100,teens_family.anglo,minimum,V2,2,1574.7,1123.6,451.2,0.2863,0.59,0.2043,,fits,,A,3249.2,4166.4,0.4853,0.9134,1,True,separation,V0,0.234,,
trapezoid-asym-45-65x100,teens_family.anglo,optimum,V2,2,2057.8,1510.3,547.4,0.3741,0.59,0.2746,,fits,,A,2671.6,3779.7,0.6341,0.8813,1,True,separation,V0,0.3219,,
trapezoid-asym-45-65x100,teens_family.anglo,maximum,V2,2,3058.2,2378.4,679.8,0.556,0.59,0.4324,,fits,,A,1295.4,2761.6,0.9424,0.7569,1,True,separation,V1,0.4682,,
trapezoid-asym-45-65x100,teens_family.anglo,accessible,V1,2,2087.6,1660.8,426.8,0.3796,0.59,0.302,,fits,,A,2440.9,3629.2,0.6433,0.8756,1,True,separation,V0,0.3273,,V2
trapezoid-asym-45-65x100,teens_family.anglo,staged_final,V2,2,1856.5,1584.7,271.8,0.3375,0.59,0.2881,,fits,,A,2558.0,3705.3,0.5721,0.8668,1,True,separation,V0,0.2853,,
trapezoid-asym-45-65x100,multigenerational.none,minimum,V0,1,1523.7,1523.7,0,0.277,0.59,0.277,,fits,,A,2651.2,3766.2,0.4696,0.9136,1,True,stair_independence,V1,0.2248,,
trapezoid-asym-45-65x100,multigenerational.none,optimum,V0,1,1857.2,1857.2,0,0.3377,0.59,0.3377,,fits,,A,2134.9,3432.8,0.5723,0.8769,1,True,stair_independence,V1,0.2854,,
trapezoid-asym-45-65x100,multigenerational.none,maximum,V1,2,3230.7,2118.0,1112.8,0.5874,0.59,0.3851,,fits,,A,1719.9,3022.0,0.9956,0.7376,1,True,open_area,V2,0.4996,,
trapezoid-asym-45-65x100,multigenerational.none,accessible,V0,1,1887.1,1887.1,0,0.3431,0.59,0.3431,,fits,,A,2087.8,3402.9,0.5816,0.8736,1,True,stair_independence,V1,0.2908,,
trapezoid-asym-45-65x100,multigenerational.none,staged_final,V2,2,2126.8,1700.2,426.5,0.3867,0.59,0.3091,,fits,,A,2380.0,3589.8,0.6554,0.8713,1,True,separation,V1,0.3344,,
trapezoid-asym-45-65x100,multigenerational.latino,minimum,V0,1,1523.7,1523.7,0,0.277,0.59,0.277,,fits,,A,2651.2,3766.2,0.4696,0.9136,1,True,stair_independence,V1,0.2248,,
trapezoid-asym-45-65x100,multigenerational.latino,optimum,V0,1,1811.2,1811.2,0,0.3293,0.59,0.3293,,fits,,A,2207.1,3478.8,0.5582,0.882,1,True,stair_independence,V1,0.277,,
trapezoid-asym-45-65x100,multigenerational.latino,maximum,V1,2,3179.0,2065.6,1113.4,0.578,0.59,0.3756,,fits,,A,1804.0,3074.4,0.9797,0.7426,1,True,open_area,V2,0.4902,,
trapezoid-asym-45-65x100,multigenerational.latino,accessible,V0,1,1841.1,1841.1,0,0.3348,0.59,0.3348,,fits,,A,2160.2,3448.9,0.5674,0.8787,1,True,stair_independence,V1,0.2825,,
trapezoid-asym-45-65x100,multigenerational.latino,staged_final,V2,2,2126.8,1700.2,426.5,0.3867,0.59,0.3091,,fits,,A,2380.0,3589.8,0.6554,0.8713,1,True,separation,V1,0.3344,,
trapezoid-asym-45-65x100,multigenerational.anglo,minimum,V0,1,1523.7,1523.7,0,0.277,0.59,0.277,,fits,,A,2651.2,3766.2,0.4696,0.9136,1,True,stair_independence,V1,0.2248,,
trapezoid-asym-45-65x100,multigenerational.anglo,optimum,V0,1,2001.0,2001.0,0,0.3638,0.59,0.3638,,fits,,A,1907.3,3289.0,0.6166,0.8611,1,True,stair_independence,V1,0.3115,,
trapezoid-asym-45-65x100,multigenerational.anglo,maximum,V1,2,3202.0,2082.9,1119.1,0.5822,0.59,0.3787,,fits,,A,1776.2,3057.1,0.9867,0.7401,1,True,open_area,V2,0.4944,,
trapezoid-asym-45-65x100,multigenerational.anglo,accessible,V0,1,2030.9,2030.9,0,0.3693,0.59,0.3693,,fits,,A,1859.6,3259.1,0.6259,0.8578,1,True,stair_independence,V1,0.317,,
trapezoid-asym-45-65x100,multigenerational.anglo,staged_final,V2,2,2270.5,1845.1,425.4,0.4128,0.59,0.3355,,fits,,A,2154.0,3444.9,0.6997,0.8554,1,True,separation,V1,0.3605,,
trapezoid-asym-45-65x100,empty_nest.none,minimum,V0,1,1155.8,1155.8,0,0.2101,0.59,0.2101,,fits,,A,3201.9,4134.2,0.3562,0.9406,1,True,stair_independence,V1,0.1579,,
trapezoid-asym-45-65x100,empty_nest.none,optimum,V0,1,1431.8,1431.8,0,0.2603,0.59,0.2603,,fits,,A,2790.7,3858.2,0.4412,0.9265,1,True,only_feasible,,0.208,,
trapezoid-asym-45-65x100,empty_nest.none,maximum,V0,1,2133.2,2133.2,0,0.3879,0.59,0.3879,,fits,,A,1695.3,3006.8,0.6574,0.8369,1,True,upper_efficiency,V1,0.3,,
trapezoid-asym-45-65x100,empty_nest.none,accessible,V0,1,1461.6,1461.6,0,0.2658,0.59,0.2658,,fits,,A,2745.5,3828.4,0.4504,0.924,1,True,only_feasible,,0.2135,,
trapezoid-asym-45-65x100,empty_nest.none,staged_final,V0,1,1431.8,1431.8,0,0.2603,0.59,0.2603,,fits,,A,2790.7,3858.2,0.4412,0.9265,1,True,only_feasible,,0.208,,
trapezoid-asym-45-65x100,empty_nest.latino,minimum,V0,1,1155.8,1155.8,0,0.2101,0.59,0.2101,,fits,,A,3201.9,4134.2,0.3562,0.9406,1,True,stair_independence,V1,0.1579,,
trapezoid-asym-45-65x100,empty_nest.latino,optimum,V0,1,1431.8,1431.8,0,0.2603,0.59,0.2603,,fits,,A,2790.7,3858.2,0.4412,0.9265,1,True,only_feasible,,0.208,,
trapezoid-asym-45-65x100,empty_nest.latino,maximum,V0,1,2185.0,2185.0,0,0.3973,0.59,0.3973,,fits,,A,1611.6,2955.0,0.6733,0.832,1,True,upper_efficiency,V1,0.3095,,
trapezoid-asym-45-65x100,empty_nest.latino,accessible,V0,1,1461.6,1461.6,0,0.2658,0.59,0.2658,,fits,,A,2745.5,3828.4,0.4504,0.924,1,True,only_feasible,,0.2135,,
trapezoid-asym-45-65x100,empty_nest.latino,staged_final,V0,1,1431.8,1431.8,0,0.2603,0.59,0.2603,,fits,,A,2790.7,3858.2,0.4412,0.9265,1,True,only_feasible,,0.208,,
trapezoid-asym-45-65x100,empty_nest.anglo,minimum,V0,1,1155.8,1155.8,0,0.2101,0.59,0.2101,,fits,,A,3201.9,4134.2,0.3562,0.943,1,True,stair_independence,V1,0.1579,,
trapezoid-asym-45-65x100,empty_nest.anglo,optimum,V0,1,1558.2,1558.2,0,0.2833,0.59,0.2833,,fits,,A,2598.5,3731.8,0.4802,0.917,1,True,only_feasible,,0.231,,
trapezoid-asym-45-65x100,empty_nest.anglo,maximum,V0,1,2277.0,2277.0,0,0.414,0.59,0.414,,fits,,A,1461.9,2863.0,0.7017,0.8201,1,True,upper_efficiency,V1,0.3262,,
trapezoid-asym-45-65x100,empty_nest.anglo,accessible,V0,1,1588.1,1588.1,0,0.2888,0.59,0.2888,,fits,,A,2552.7,3701.9,0.4894,0.914,1,True,only_feasible,,0.2365,,
trapezoid-asym-45-65x100,empty_nest.anglo,staged_final,V0,1,1558.2,1558.2,0,0.2833,0.59,0.2833,,fits,,A,2598.5,3731.8,0.4802,0.917,1,True,only_feasible,,0.231,,
trapezoid-asym-45-65x100,remote_work.none,minimum,V0,1,1282.2,1282.2,0,0.2331,0.59,0.2331,,fits,,A,3014.9,4007.8,0.3951,0.921,1,True,stair_independence,V1,0.1809,,
trapezoid-asym-45-65x100,remote_work.none,optimum,V2,2,1776.0,1394.5,381.5,0.3229,0.59,0.2535,,fits,,A,2846.9,3895.5,0.5473,0.8905,1,True,open_area,V0,0.2706,,
trapezoid-asym-45-65x100,remote_work.none,maximum,V2,2,2328.0,1743.1,584.9,0.4233,0.59,0.3169,,fits,,A,2313.4,3546.9,0.7174,0.8408,1,True,open_area,V4,0.371,,
trapezoid-asym-45-65x100,remote_work.none,accessible,V0,1,1685.9,1685.9,0,0.3065,0.59,0.3065,,fits,,A,2402.2,3604.1,0.5195,0.8833,1,True,upper_efficiency,V1,0.2543,,
trapezoid-asym-45-65x100,remote_work.none,staged_final,V2,2,1776.0,1394.5,381.5,0.3229,0.59,0.2535,,fits,,A,2846.9,3895.5,0.5473,0.8905,1,True,open_area,V0,0.2706,,
trapezoid-asym-45-65x100,remote_work.latino,minimum,V0,1,1282.2,1282.2,0,0.2331,0.59,0.2331,,fits,,A,3014.9,4007.8,0.3951,0.921,1,True,stair_independence,V1,0.1809,,
trapezoid-asym-45-65x100,remote_work.latino,optimum,V2,2,1776.0,1394.5,381.5,0.3229,0.59,0.2535,,fits,,A,2846.9,3895.5,0.5473,0.8905,1,True,open_area,V0,0.2706,,
trapezoid-asym-45-65x100,remote_work.latino,maximum,V2,2,2552.2,1969.8,582.5,0.464,0.59,0.3581,,fits,,A,1957.0,3320.2,0.7865,0.8152,1,True,open_area,V4,0.4118,,
trapezoid-asym-45-65x100,remote_work.latino,accessible,V0,1,1685.9,1685.9,0,0.3065,0.59,0.3065,,fits,,A,2402.2,3604.1,0.5195,0.8833,1,True,upper_efficiency,V1,0.2543,,
trapezoid-asym-45-65x100,remote_work.latino,staged_final,V2,2,1776.0,1394.5,381.5,0.3229,0.59,0.2535,,fits,,A,2846.9,3895.5,0.5473,0.8905,1,True,open_area,V0,0.2706,,
trapezoid-asym-45-65x100,remote_work.anglo,minimum,V0,1,1282.2,1282.2,0,0.2331,0.59,0.2331,,fits,,A,3014.9,4007.8,0.3951,0.9247,1,True,stair_independence,V1,0.1809,,
trapezoid-asym-45-65x100,remote_work.anglo,optimum,V2,2,1856.5,1475.8,380.7,0.3375,0.59,0.2683,,fits,,A,2724.0,3814.2,0.5721,0.8888,1,True,open_area,V0,0.2853,,
trapezoid-asym-45-65x100,remote_work.anglo,maximum,V2,2,2437.2,1853.6,583.6,0.4431,0.59,0.337,,fits,,A,2140.6,3436.4,0.7511,0.8314,1,True,open_area,V4,0.3909,,
trapezoid-asym-45-65x100,remote_work.anglo,accessible,V0,1,1766.4,1766.4,0,0.3212,0.59,0.3212,,fits,,A,2277.1,3523.6,0.5443,0.8761,1,True,upper_efficiency,V1,0.2689,,
trapezoid-asym-45-65x100,remote_work.anglo,staged_final,V2,2,1856.5,1475.8,380.7,0.3375,0.59,0.2683,,fits,,A,2724.0,3814.2,0.5721,0.8888,1,True,open_area,V0,0.2853,,
trapezoid-asym-45-65x100,shared_adults.none,minimum,V1,2,1626.5,981.0,645.5,0.2957,0.59,0.1784,,fits,,A,3456.6,4309.0,0.5012,0.9089,1,True,separation,V0,0.2435,,
trapezoid-asym-45-65x100,shared_adults.none,optimum,V1,2,1856.5,1161.2,695.3,0.3375,0.59,0.2111,,fits,,A,3193.9,4128.8,0.5721,0.896,1,True,separation,V0,0.2853,,
trapezoid-asym-45-65x100,shared_adults.none,maximum,V1,2,2540.7,1597.7,943.0,0.462,0.59,0.2905,,fits,,A,2538.0,3542.3,0.783,0.8246,1,True,separation,V0,0.3741,,
trapezoid-asym-45-65x100,shared_adults.none,accessible,V1,2,1886.4,1403.2,483.2,0.343,0.59,0.2551,,fits,,A,2833.7,3886.8,0.5813,0.862,1,True,separation,V0,0.2907,,
trapezoid-asym-45-65x100,shared_adults.none,staged_final,V1,2,1856.5,1161.2,695.3,0.3375,0.59,0.2111,,fits,,A,3193.9,4128.8,0.5721,0.896,1,True,separation,V0,0.2853,,
trapezoid-asym-45-65x100,shared_adults.latino,minimum,V1,2,1626.5,981.0,645.5,0.2957,0.59,0.1784,,fits,,A,3456.6,4309.0,0.5012,0.9089,1,True,separation,V0,0.2435,,
trapezoid-asym-45-65x100,shared_adults.latino,optimum,V1,2,1856.5,1161.2,695.3,0.3375,0.59,0.2111,,fits,,A,3193.9,4128.8,0.5721,0.896,1,True,separation,V0,0.2853,,
trapezoid-asym-45-65x100,shared_adults.latino,maximum,V1,2,2592.5,1650.3,942.2,0.4714,0.59,0.3001,,fits,,A,2457.1,3489.7,0.7989,0.8192,1,True,separation,V0,0.3835,,
trapezoid-asym-45-65x100,shared_adults.latino,accessible,V1,2,1886.4,1403.2,483.2,0.343,0.59,0.2551,,fits,,A,2833.7,3886.8,0.5813,0.862,1,True,separation,V0,0.2907,,
trapezoid-asym-45-65x100,shared_adults.latino,staged_final,V1,2,1856.5,1161.2,695.3,0.3375,0.59,0.2111,,fits,,A,3193.9,4128.8,0.5721,0.896,1,True,separation,V0,0.2853,,
trapezoid-asym-45-65x100,shared_adults.anglo,minimum,V1,2,1626.5,962.7,663.8,0.2957,0.59,0.175,,fits,,A,3483.0,4327.3,0.5012,0.91,1,True,separation,V0,0.2435,,
trapezoid-asym-45-65x100,shared_adults.anglo,optimum,V1,2,1983.0,1223.6,759.4,0.3605,0.59,0.2225,,fits,,A,3101.9,4066.4,0.6111,0.8875,1,True,separation,V0,0.3083,,
trapezoid-asym-45-65x100,shared_adults.anglo,maximum,V1,2,2592.5,1566.3,1026.2,0.4714,0.59,0.2848,,fits,,A,2586.2,3573.7,0.7989,0.821,1,True,separation,V0,0.3835,,
trapezoid-asym-45-65x100,shared_adults.anglo,accessible,V1,2,2012.9,1464.9,548.0,0.366,0.59,0.2663,,fits,,A,2740.6,3825.1,0.6203,0.8536,1,True,separation,V0,0.3137,,
trapezoid-asym-45-65x100,shared_adults.anglo,staged_final,V1,2,1983.0,1223.6,759.4,0.3605,0.59,0.2225,,fits,,A,3101.9,4066.4,0.6111,0.8875,1,True,separation,V0,0.3083,,
flag-70x80-pole20,young_couple.none,minimum,V0,1,1282.2,1282.2,0,0.229,0.59,0.229,,fits,,A,3028.7,3307.8,0.3881,0.9093,1,True,stair_independence,V1,0.1776,,
flag-70x80-pole20,young_couple.none,optimum,V0,1,1604.2,1604.2,0,0.2865,0.59,0.2865,,fits,,A,2646.7,2985.8,0.4855,0.8794,1,True,stair_independence,V1,0.2351,,
flag-70x80-pole20,young_couple.none,maximum,V2,2,2454.5,2027.5,427.0,0.4383,0.59,0.362,,fits,,A,2144.5,2412.5,0.7429,0.8121,1,True,open_area,V4,0.3521,,
flag-70x80-pole20,young_couple.none,accessible,V0,1,1634.1,1634.1,0,0.2918,0.59,0.2918,,fits,,A,2611.2,2955.9,0.4946,0.8766,1,True,upper_efficiency,V1,0.2405,,
flag-70x80-pole20,young_couple.none,staged_final,V2,2,1902.5,1498.1,404.4,0.3397,0.59,0.2675,,fits,,A,2772.6,3091.9,0.5758,0.8688,1,True,open_area,V0,0.2884,,
flag-70x80-pole20,young_couple.latino,minimum,V0,1,1282.2,1282.2,0,0.229,0.59,0.229,,fits,,A,3028.7,3307.8,0.3881,0.9093,1,True,stair_independence,V1,0.1776,,
flag-70x80-pole20,young_couple.latino,optimum,V0,1,1604.2,1604.2,0,0.2865,0.59,0.2865,,fits,,A,2646.7,2985.8,0.4855,0.8794,1,True,stair_independence,V1,0.2351,,
flag-70x80-pole20,young_couple.latino,maximum,V2,2,2506.2,2079.6,426.7,0.4475,0.59,0.3714,,fits,,A,2082.7,2360.4,0.7586,0.8073,1,True,open_area,V4,0.3613,,
flag-70x80-pole20,young_couple.latino,accessible,V0,1,1634.1,1634.1,0,0.2918,0.59,0.2918,,fits,,A,2611.2,2955.9,0.4946,0.8766,1,True,upper_efficiency,V1,0.2405,,
flag-70x80-pole20,young_couple.latino,staged_final,V2,2,1902.5,1498.1,404.4,0.3397,0.59,0.2675,,fits,,A,2772.6,3091.9,0.5758,0.8688,1,True,open_area,V0,0.2884,,
flag-70x80-pole20,young_couple.anglo,minimum,V0,1,1282.2,1282.2,0,0.229,0.59,0.229,,fits,,A,3028.7,3307.8,0.3881,0.9067,1,True,stair_independence,V1,0.1776,,
flag-70x80-pole20,young_couple.anglo,optimum,V0,1,1684.7,1684.7,0,0.3008,0.59,0.3008,,fits,,A,2551.1,2905.2,0.5099,0.8666,1,True,stair_independence,V1,0.2495,,
flag-70x80-pole20,young_couple.anglo,maximum,V2,2,2546.5,2120.1,426.4,0.4547,0.59,0.3786,,fits,,A,2034.6,2319.9,0.7707,0.795,1,True,open_area,V4,0.3685,,
flag-70x80-pole20,young_couple.anglo,accessible,V0,1,1714.6,1714.6,0,0.3062,0.59,0.3062,,fits,,A,2515.7,2875.4,0.519,0.8637,1,True,upper_efficiency,V1,0.2548,,
flag-70x80-pole20,young_couple.anglo,staged_final,V2,2,1902.5,1498.1,404.4,0.3397,0.59,0.2675,,fits,,A,2772.6,3091.9,0.5758,0.8656,1,True,stair_independence,V1,0.2884,,
flag-70x80-pole20,early_childhood.none,minimum,V0,1,1305.2,1305.2,0,0.2331,0.59,0.2331,,fits,,A,3001.4,3284.8,0.3951,0.9044,1,True,stair_independence,V1,0.1817,,
flag-70x80-pole20,early_childhood.none,optimum,V0,1,1610.0,1610.0,0,0.2875,0.59,0.2875,,fits,,A,2639.8,2980.0,0.4873,0.8741,1,True,stair_independence,V1,0.2362,,
flag-70x80-pole20,early_childhood.none,maximum,V1,2,2949.0,1999.7,949.3,0.5266,0.59,0.3571,,fits,,A,2177.5,2440.3,0.8926,0.7572,1,True,open_area,V0,0.4404,,
flag-70x80-pole20,early_childhood.none,accessible,V0,1,1639.9,1639.9,0,0.2928,0.59,0.2928,,fits,,A,2604.4,2950.1,0.4963,0.8711,1,True,supervision,V1,0.2415,,
flag-70x80-pole20,early_childhood.none,staged_final,V0,1,1656.0,1656.0,0,0.2957,0.59,0.2957,,fits,,A,2585.3,2934.0,0.5012,0.8695,1,True,stair_independence,V1,0.2444,,
flag-70x80-pole20,early_childhood.latino,minimum,V0,1,1305.2,1305.2,0,0.2331,0.59,0.2331,,fits,,A,3001.4,3284.8,0.3951,0.9044,1,True,stair_independence,V1,0.1817,,
flag-70x80-pole20,early_childhood.latino,optimum,V0,1,1610.0,1610.0,0,0.2875,0.59,0.2875,,fits,,A,2639.8,2980.0,0.4873,0.8741,1,True,stair_independence,V1,0.2362,,
flag-70x80-pole20,early_childhood.latino,maximum,V1,2,3000.8,2052.1,948.7,0.5358,0.59,0.3664,,fits,,A,2115.3,2387.9,0.9082,0.7528,1,True,open_area,V0,0.4496,,
flag-70x80-pole20,early_childhood.latino,accessible,V0,1,1639.9,1639.9,0,0.2928,0.59,0.2928,,fits,,A,2604.4,2950.1,0.4963,0.8711,1,True,supervision,V1,0.2415,,
flag-70x80-pole20,early_childhood.latino,staged_final,V0,1,1656.0,1656.0,0,0.2957,0.59,0.2957,,fits,,A,2585.3,2934.0,0.5012,0.8695,1,True,stair_independence,V1,0.2444,,
flag-70x80-pole20,early_childhood.anglo,minimum,V0,1,1305.2,1305.2,0,0.2331,0.59,0.2331,,fits,,A,3001.4,3284.8,0.3951,0.9044,1,True,stair_independence,V1,0.1817,,
flag-70x80-pole20,early_childhood.anglo,optimum,V0,1,1736.5,1736.5,0,0.3101,0.59,0.3101,,fits,,A,2489.7,2853.5,0.5256,0.8615,1,True,stair_independence,V1,0.2587,,
flag-70x80-pole20,early_childhood.anglo,maximum,V1,2,2949.0,1916.2,1032.8,0.5266,0.59,0.3422,,fits,,A,2276.6,2523.8,0.8926,0.7585,1,True,open_area,V0,0.4404,,
flag-70x80-pole20,early_childhood.anglo,accessible,V0,1,1766.4,1766.4,0,0.3154,0.59,0.3154,,fits,,A,2454.3,2823.6,0.5346,0.8585,1,True,supervision,V1,0.2641,,
flag-70x80-pole20,early_childhood.anglo,staged_final,V0,1,1788.2,1788.2,0,0.3193,0.59,0.3193,,fits,,A,2428.3,2801.8,0.5412,0.8564,1,True,stair_independence,V1,0.268,,
flag-70x80-pole20,teens_family.none,minimum,V2,2,1574.7,1141.9,432.9,0.2812,0.59,0.2039,,fits,,A,3195.2,3448.1,0.4766,0.8915,1,True,separation,V0,0.2299,,
flag-70x80-pole20,teens_family.none,optimum,V2,2,1925.5,1497.2,428.3,0.3438,0.59,0.2673,,fits,,A,2773.7,3092.8,0.5828,0.8557,1,True,separation,V0,0.2925,,
flag-70x80-pole20,teens_family.none,maximum,V2,2,3276.8,2628.2,648.5,0.5851,0.59,0.4693,,fits,,A,1431.8,1811.8,0.9918,0.7219,1,True,separation,V1,0.4989,,
flag-70x80-pole20,teens_family.none,accessible,V1,2,1955.4,1581.7,373.7,0.3492,0.59,0.2824,,fits,,A,2673.5,3008.3,0.5918,0.8501,1,True,separation,V0,0.2978,,V2
flag-70x80-pole20,teens_family.none,staged_final,V2,2,1776.0,1503.7,272.3,0.3171,0.59,0.2685,,fits,,A,2766.0,3086.3,0.5375,0.837,1,True,separation,V0,0.2658,,
flag-70x80-pole20,teens_family.latino,minimum,V2,2,1574.7,1141.9,432.9,0.2812,0.59,0.2039,,fits,,A,3195.2,3448.1,0.4766,0.8915,1,True,separation,V0,0.2299,,
flag-70x80-pole20,teens_family.latino,optimum,V2,2,1925.5,1497.2,428.3,0.3438,0.59,0.2673,,fits,,A,2773.7,3092.8,0.5828,0.8557,1,True,separation,V0,0.2925,,
flag-70x80-pole20,teens_family.latino,maximum,V2,2,2977.8,2362.9,614.8,0.5317,0.59,0.4219,,fits,,A,1746.6,2077.1,0.9013,0.7507,1,True,separation,V1,0.4455,,
flag-70x80-pole20,teens_family.latino,accessible,V1,2,1955.4,1581.7,373.7,0.3492,0.59,0.2824,,fits,,A,2673.5,3008.3,0.5918,0.8501,1,True,separation,V0,0.2978,,V2
flag-70x80-pole20,teens_family.latino,staged_final,V2,2,1776.0,1503.7,272.3,0.3171,0.59,0.2685,,fits,,A,2766.0,3086.3,0.5375,0.837,1,True,separation,V0,0.2658,,
flag-70x80-pole20,teens_family.anglo,minimum,V2,2,1574.7,1123.6,451.2,0.2812,0.59,0.2006,,fits,,A,3217.0,3466.4,0.4766,0.8897,1,True,separation,V1,0.2299,,
flag-70x80-pole20,teens_family.anglo,optimum,V2,2,2057.8,1510.3,547.4,0.3675,0.59,0.2697,,fits,,A,2758.1,3079.7,0.6228,0.8407,1,True,separation,V1,0.3161,,
flag-70x80-pole20,teens_family.anglo,maximum,V2,2,3058.2,2378.4,679.8,0.5461,0.59,0.4247,,fits,,A,1728.2,2061.6,0.9256,0.736,1,True,separation,V1,0.4599,,
flag-70x80-pole20,teens_family.anglo,accessible,V1,2,2087.6,1660.8,426.8,0.3728,0.59,0.2966,,fits,,A,2579.5,2929.2,0.6319,0.8352,1,True,separation,V0,0.3215,,V2
flag-70x80-pole20,teens_family.anglo,staged_final,V2,2,1856.5,1584.7,271.8,0.3315,0.59,0.283,,fits,,A,2669.8,3005.3,0.5619,0.826,1,True,separation,V0,0.2802,,
flag-70x80-pole20,multigenerational.none,minimum,V0,1,1523.7,1523.7,0,0.2721,0.59,0.2721,,fits,,A,2742.2,3066.2,0.4612,0.8724,1,True,stair_independence,V1,0.2208,,
flag-70x80-pole20,multigenerational.none,optimum,V0,1,1857.2,1857.2,0,0.3317,0.59,0.3317,,fits,,A,2346.5,2732.8,0.5621,0.8364,1,True,stair_independence,V1,0.2803,,
flag-70x80-pole20,multigenerational.none,maximum,V1,2,3230.7,2118.0,1112.8,0.5769,0.59,0.3782,,fits,,A,2037.2,2322.0,0.9778,0.7166,1,True,open_area,V2,0.4907,,
flag-70x80-pole20,multigenerational.none,accessible,V0,1,1887.1,1887.1,0,0.337,0.59,0.337,,fits,,A,2311.0,2702.9,0.5712,0.8332,1,True,stair_independence,V1,0.2857,,
flag-70x80-pole20,multigenerational.none,staged_final,V2,2,2126.8,1700.2,426.5,0.3798,0.59,0.3036,,fits,,A,2532.8,2889.8,0.6437,0.8309,1,True,separation,V1,0.3284,,
flag-70x80-pole20,multigenerational.latino,minimum,V0,1,1523.7,1523.7,0,0.2721,0.59,0.2721,,fits,,A,2742.2,3066.2,0.4612,0.8724,1,True,stair_independence,V1,0.2208,,
flag-70x80-pole20,multigenerational.latino,optimum,V0,1,1811.2,1811.2,0,0.3234,0.59,0.3234,,fits,,A,2401.1,2778.8,0.5482,0.8414,1,True,stair_independence,V1,0.2721,,
flag-70x80-pole20,multigenerational.latino,maximum,V1,2,3253.8,2141.2,1112.5,0.581,0.59,0.3824,,fits,,A,2009.5,2298.8,0.9848,0.7144,1,True,open_area,V2,0.4948,,
flag-70x80-pole20,multigenerational.latino,accessible,V0,1,1841.1,1841.1,0,0.3288,0.59,0.3288,,fits,,A,2365.6,2748.9,0.5572,0.8381,1,True,stair_independence,V1,0.2774,,
flag-70x80-pole20,multigenerational.latino,staged_final,V2,2,2126.8,1700.2,426.5,0.3798,0.59,0.3036,,fits,,A,2532.8,2889.8,0.6437,0.8309,1,True,separation,V1,0.3284,,
flag-70x80-pole20,multigenerational.anglo,minimum,V0,1,1523.7,1523.7,0,0.2721,0.59,0.2721,,fits,,A,2742.2,3066.2,0.4612,0.8724,1,True,stair_independence,V1,0.2208,,
flag-70x80-pole20,multigenerational.anglo,optimum,V0,1,2001.0,2001.0,0,0.3573,0.59,0.3573,,fits,,A,2175.9,2589.0,0.6056,0.8209,1,True,stair_independence,V1,0.306,,
flag-70x80-pole20,multigenerational.anglo,maximum,V1,2,3271.0,2016.8,1254.2,0.5841,0.59,0.3601,,fits,,A,2157.2,2423.2,0.99,0.7163,1,True,open_area,V2,0.4979,,
flag-70x80-pole20,multigenerational.anglo,accessible,V0,1,2030.9,2030.9,0,0.3627,0.59,0.3627,,fits,,A,2140.5,2559.1,0.6147,0.8176,1,True,stair_independence,V1,0.3113,,
flag-70x80-pole20,multigenerational.anglo,staged_final,V2,2,2322.2,1843.3,478.9,0.4147,0.59,0.3292,,fits,,A,2363.0,2746.7,0.7029,0.8127,1,True,separation,V1,0.3633,,
flag-70x80-pole20,empty_nest.none,minimum,V0,1,1155.8,1155.8,0,0.2064,0.59,0.2064,,fits,,A,3178.8,3434.2,0.3498,0.921,1,True,stair_independence,V1,0.155,,
flag-70x80-pole20,empty_nest.none,optimum,V0,1,1431.8,1431.8,0,0.2557,0.59,0.2557,,fits,,A,2851.3,3158.2,0.4333,0.8954,1,True,only_feasible,,0.2043,,
flag-70x80-pole20,empty_nest.none,maximum,V0,1,2133.2,2133.2,0,0.3809,0.59,0.3809,,fits,,A,2019.0,2306.8,0.6457,0.8238,1,True,upper_efficiency,V1,0.2947,,
flag-70x80-pole20,empty_nest.none,accessible,V0,1,1461.6,1461.6,0,0.261,0.59,0.261,,fits,,A,2815.8,3128.4,0.4424,0.8926,1,True,only_feasible,,0.2097,,
flag-70x80-pole20,empty_nest.none,staged_final,V0,1,1431.8,1431.8,0,0.2557,0.59,0.2557,,fits,,A,2851.3,3158.2,0.4333,0.8954,1,True,only_feasible,,0.2043,,
flag-70x80-pole20,empty_nest.latino,minimum,V0,1,1155.8,1155.8,0,0.2064,0.59,0.2064,,fits,,A,3178.8,3434.2,0.3498,0.921,1,True,stair_independence,V1,0.155,,
flag-70x80-pole20,empty_nest.latino,optimum,V0,1,1431.8,1431.8,0,0.2557,0.59,0.2557,,fits,,A,2851.3,3158.2,0.4333,0.8954,1,True,only_feasible,,0.2043,,
flag-70x80-pole20,empty_nest.latino,maximum,V0,1,2185.0,2185.0,0,0.3902,0.59,0.3902,,fits,,A,2083.1,2255.0,0.6613,0.819,1,True,upper_efficiency,V1,0.3039,,
flag-70x80-pole20,empty_nest.latino,accessible,V0,1,1461.6,1461.6,0,0.261,0.59,0.261,,fits,,A,2815.8,3128.4,0.4424,0.8926,1,True,only_feasible,,0.2097,,
flag-70x80-pole20,empty_nest.latino,staged_final,V0,1,1431.8,1431.8,0,0.2557,0.59,0.2557,,fits,,A,2851.3,3158.2,0.4333,0.8954,1,True,only_feasible,,0.2043,,
flag-70x80-pole20,empty_nest.anglo,minimum,V0,1,1155.8,1155.8,0,0.2064,0.59,0.2064,,fits,,A,3178.8,3434.2,0.3498,0.9192,1,True,stair_independence,V1,0.155,,
flag-70x80-pole20,empty_nest.anglo,optimum,V0,1,1558.2,1558.2,0,0.2783,0.59,0.2783,,fits,,A,2701.2,3031.8,0.4716,0.8792,1,True,only_feasible,,0.2269,,
flag-70x80-pole20,empty_nest.anglo,maximum,V0,1,2277.0,2277.0,0,0.4066,0.59,0.4066,,fits,,A,1848.5,2163.0,0.6892,0.8001,1,True,upper_efficiency,V1,0.3204,,
flag-70x80-pole20,empty_nest.anglo,accessible,V0,1,1588.1,1588.1,0,0.2836,0.59,0.2836,,fits,,A,2665.8,3001.9,0.4807,0.8763,1,True,only_feasible,,0.2323,,
flag-70x80-pole20,empty_nest.anglo,staged_final,V0,1,1558.2,1558.2,0,0.2783,0.59,0.2783,,fits,,A,2701.2,3031.8,0.4716,0.8792,1,True,only_feasible,,0.2269,,
flag-70x80-pole20,remote_work.none,minimum,V0,1,1282.2,1282.2,0,0.229,0.59,0.229,,fits,,A,3028.7,3307.8,0.3881,0.8911,1,True,stair_independence,V1,0.1776,,
flag-70x80-pole20,remote_work.none,optimum,V2,2,1776.0,1394.5,381.5,0.3171,0.59,0.249,,fits,,A,2895.5,3195.5,0.5375,0.8555,1,True,open_area,V0,0.2658,,
flag-70x80-pole20,remote_work.none,maximum,V2,2,2328.0,1743.1,584.9,0.4157,0.59,0.3113,,fits,,A,2481.9,2846.9,0.7046,0.8043,1,True,open_area,V4,0.3644,,
flag-70x80-pole20,remote_work.none,accessible,V0,1,1685.9,1685.9,0,0.3011,0.59,0.3011,,fits,,A,2549.8,2904.1,0.5103,0.8461,1,True,upper_efficiency,V1,0.2497,,
flag-70x80-pole20,remote_work.none,staged_final,V2,2,1776.0,1394.5,381.5,0.3171,0.59,0.249,,fits,,A,2895.5,3195.5,0.5375,0.8555,1,True,open_area,V0,0.2658,,
flag-70x80-pole20,remote_work.latino,minimum,V0,1,1282.2,1282.2,0,0.229,0.59,0.229,,fits,,A,3028.7,3307.8,0.3881,0.8911,1,True,stair_independence,V1,0.1776,,
flag-70x80-pole20,remote_work.latino,optimum,V2,2,1776.0,1394.5,381.5,0.3171,0.59,0.249,,fits,,A,2895.5,3195.5,0.5375,0.8555,1,True,open_area,V0,0.2658,,
flag-70x80-pole20,remote_work.latino,maximum,V2,2,2552.2,1969.8,582.5,0.4558,0.59,0.3517,,fits,,A,2213.0,2620.2,0.7725,0.7792,1,True,open_area,V4,0.4044,,
flag-70x80-pole20,remote_work.latino,accessible,V0,1,1685.9,1685.9,0,0.3011,0.59,0.3011,,fits,,A,2549.8,2904.1,0.5103,0.8461,1,True,upper_efficiency,V1,0.2497,,
flag-70x80-pole20,remote_work.latino,staged_final,V2,2,1776.0,1394.5,381.5,0.3171,0.59,0.249,,fits,,A,2895.5,3195.5,0.5375,0.8555,1,True,open_area,V0,0.2658,,
flag-70x80-pole20,remote_work.anglo,minimum,V0,1,1282.2,1282.2,0,0.229,0.59,0.229,,fits,,A,3028.7,3307.8,0.3881,0.8889,1,True,stair_independence,V1,0.1776,,
flag-70x80-pole20,remote_work.anglo,optimum,V2,2,1856.5,1475.8,380.7,0.3315,0.59,0.2635,,fits,,A,2799.0,3114.2,0.5619,0.844,1,True,open_area,V0,0.2802,,
flag-70x80-pole20,remote_work.anglo,maximum,V2,2,2437.2,1853.6,583.6,0.4352,0.59,0.331,,fits,,A,2350.8,2736.4,0.7377,0.7876,1,True,open_area,V4,0.3839,,
flag-70x80-pole20,remote_work.anglo,accessible,V0,1,1766.4,1766.4,0,0.3154,0.59,0.3154,,fits,,A,2454.3,2823.6,0.5346,0.8316,1,True,upper_efficiency,V1,0.2641,,
flag-70x80-pole20,remote_work.anglo,staged_final,V2,2,1856.5,1475.8,380.7,0.3315,0.59,0.2635,,fits,,A,2799.0,3114.2,0.5619,0.844,1,True,open_area,V0,0.2802,,
flag-70x80-pole20,shared_adults.none,minimum,V1,2,1626.5,981.0,645.5,0.2904,0.59,0.1752,,fits,,A,3386.1,3609.0,0.4923,0.8961,1,True,separation,V0,0.2391,,
flag-70x80-pole20,shared_adults.none,optimum,V1,2,1856.5,1161.2,695.3,0.3315,0.59,0.2074,,fits,,A,3172.3,3428.8,0.5619,0.8751,1,True,separation,V0,0.2802,,
flag-70x80-pole20,shared_adults.none,maximum,V1,2,2540.7,1597.7,943.0,0.4537,0.59,0.2853,,fits,,A,2654.4,2842.3,0.769,0.8102,1,True,separation,V0,0.3675,,
flag-70x80-pole20,shared_adults.none,accessible,V1,2,1886.4,1403.2,483.2,0.3369,0.59,0.2506,,fits,,A,2885.1,3186.8,0.5709,0.8299,1,True,separation,V0,0.2855,,
flag-70x80-pole20,shared_adults.none,staged_final,V1,2,1856.5,1161.2,695.3,0.3315,0.59,0.2074,,fits,,A,3172.3,3428.8,0.5619,0.8751,1,True,separation,V0,0.2802,,
flag-70x80-pole20,shared_adults.latino,minimum,V1,2,1626.5,981.0,645.5,0.2904,0.59,0.1752,,fits,,A,3386.1,3609.0,0.4923,0.8961,1,True,separation,V0,0.2391,,
flag-70x80-pole20,shared_adults.latino,optimum,V1,2,1856.5,1161.2,695.3,0.3315,0.59,0.2074,,fits,,A,3172.3,3428.8,0.5619,0.8751,1,True,separation,V0,0.2802,,
flag-70x80-pole20,shared_adults.latino,maximum,V1,2,2592.5,1650.3,942.2,0.4629,0.59,0.2947,,fits,,A,2592.0,2789.7,0.7847,0.8049,1,True,separation,V0,0.3767,,
flag-70x80-pole20,shared_adults.latino,accessible,V1,2,1886.4,1403.2,483.2,0.3369,0.59,0.2506,,fits,,A,2885.1,3186.8,0.5709,0.8299,1,True,separation,V0,0.2855,,
flag-70x80-pole20,shared_adults.latino,staged_final,V1,2,1856.5,1161.2,695.3,0.3315,0.59,0.2074,,fits,,A,3172.3,3428.8,0.5619,0.8751,1,True,separation,V0,0.2802,,
flag-70x80-pole20,shared_adults.anglo,minimum,V1,2,1626.5,962.7,663.8,0.2904,0.59,0.1719,,fits,,A,3407.8,3627.3,0.4923,0.8953,1,True,separation,V0,0.2391,,
flag-70x80-pole20,shared_adults.anglo,optimum,V1,2,1983.0,1223.6,759.4,0.3541,0.59,0.2185,,fits,,A,3098.2,3366.4,0.6002,0.8587,1,True,separation,V0,0.3028,,
flag-70x80-pole20,shared_adults.anglo,maximum,V1,2,2592.5,1566.3,1026.2,0.4629,0.59,0.2797,,fits,,A,2691.7,2873.7,0.7847,0.7988,1,True,separation,V0,0.3767,,
flag-70x80-pole20,shared_adults.anglo,accessible,V1,2,2012.9,1464.9,548.0,0.3594,0.59,0.2616,,fits,,A,2812.0,3125.1,0.6092,0.8128,1,True,separation,V0,0.3081,,
flag-70x80-pole20,shared_adults.anglo,staged_final,V1,2,1983.0,1223.6,759.4,0.3541,0.59,0.2185,,fits,,A,3098.2,3366.4,0.6002,0.8587,1,True,separation,V0,0.3028,,
